{"type":"FeatureCollection","features":[{"type":"Feature","properties":{"boundary_id":"b-elementary-1","school_name":null,"review_status":"unverified"},"geometry":{"type":"Polygon","coordinates":[[[-122.6375856,45.4991136],[-122.637583,45.4978028],[-122.6396051,45.4979555],[-122.6397473,45.4979909],[-122.6401731,45.4980744],[-122.6406225,45.4982108],[-122.6416412,45.4985041],[-122.6426052,45.4987833],[-122.6430329,45.4989201],[-122.6435584,45.4990626],[-122.6446315,45.4993626],[-122.6456378,45.4996104],[-122.6459431,45.499658],[-122.6466409,45.4997668],[-122.6474569,45.499843],[-122.6476744,45.4998617],[-122.648033,45.4998855],[-122.6484356,45.4999236],[-122.648664,45.4999422],[-122.6487729,45.4999554],[-122.6489145,45.4999756],[-122.6491543,45.5000092],[-122.6496459,45.5001143],[-122.6501265,45.5002119],[-122.650192,45.5002259],[-122.6505087,45.5002886],[-122.6507165,45.500338],[-122.6508695,45.5003732],[-122.6521272,45.5006773],[-122.6526966,45.5008342],[-122.653145,45.5009401],[-122.6542047,45.501164],[-122.6547728,45.5012828],[-122.6550678,45.5013459],[-122.6557778,45.5014925],[-122.6560823,45.5015172],[-122.6564957,45.5015552],[-122.6567777,45.5015575],[-122.6570053,45.5015532],[-122.6577863,45.5015613],[-122.6588057,45.5015649],[-122.6593595,45.5015849],[-122.660367,45.5015583],[-122.6606918,45.5015445],[-122.6610705,45.5015221],[-122.6611461,45.5015131],[-122.6617085,45.5014719],[-122.662152,45.5014407],[-122.6626061,45.5014016],[-122.6640874,45.5012821],[-122.6651036,45.5011943],[-122.6654173,45.5011731],[-122.6664335,45.5010852],[-122.6693432,45.5069824],[-122.6696234,45.507541],[-122.6696364,45.5076017],[-122.6709432,45.5132397],[-122.6695344,45.5178468],[-122.6681968,45.5204939],[-122.6678867,45.5230606],[-122.6676585,45.5230497],[-122.6670292,45.5230463],[-122.666226,45.523031],[-122.665781,45.5230242],[-122.6656075,45.5230275],[-122.6654664,45.5230225],[-122.6653468,45.5230172],[-122.6650322,45.5230155],[-122.6647065,45.5230064],[-122.6645219,45.5230023],[-122.6643157,45.5229986],[-122.6637837,45.5229857],[-122.663675,45.5229802],[-122.6626766,45.5229685],[-122.6616997,45.5229489],[-122.6606474,45.5229459],[-122.6596276,45.5229422],[-122.6591178,45.5229442],[-122.6586187,45.5229384],[-122.6575989,45.5229347],[-122.6565791,45.5229311],[-122.6555701,45.5229272],[-122.6545504,45.5229235],[-122.6535417,45.5229273],[-122.653162,45.5229268],[-122.6525002,45.522924],[-122.651513,45.5229197],[-122.6504932,45.5229159],[-122.6494842,45.522912],[-122.6484644,45.5229083],[-122.6474447,45.5229045],[-122.6463379,45.5228948],[-122.6454268,45.5228966],[-122.6433872,45.5228891],[-122.6433962,45.5228356],[-122.6434057,45.52218],[-122.643413,45.5214635],[-122.6413738,45.5214635],[-122.6413812,45.520747],[-122.641389,45.520663],[-122.6414165,45.5205177],[-122.641421,45.5200299],[-122.6414292,45.5193363],[-122.6392272,45.5193317],[-122.6390321,45.5193353],[-122.6390495,45.5185958],[-122.6390646,45.5171704],[-122.6390687,45.5169798],[-122.6400773,45.5169762],[-122.6424421,45.5169853],[-122.6424384,45.5168787],[-122.6424348,45.5164672],[-122.6424424,45.5157583],[-122.6424498,45.5150418],[-122.6424574,45.5143329],[-122.6424648,45.5136164],[-122.6433977,45.5136218],[-122.643405,45.5129053],[-122.6434703,45.5129117],[-122.6434959,45.5120957],[-122.6431271,45.512095],[-122.6424763,45.512092],[-122.6421509,45.5120904],[-122.6414569,45.5120958],[-122.6412182,45.5120927],[-122.6402639,45.5120953],[-122.639114,45.5120863],[-122.6380947,45.5120901],[-122.6370859,45.5120861],[-122.6360663,45.5120823],[-122.6347215,45.5120845],[-122.6338217,45.5120937],[-122.6337239,45.5120879],[-122.6326718,45.5120846],[-122.6316088,45.5120816],[-122.6308279,45.5120809],[-122.6305242,45.5120789],[-122.6295262,45.5120746],[-122.6286044,45.5120766],[-122.6281598,45.5120772],[-122.6275848,45.5120727],[-122.6266956,45.512074],[-122.6257518,45.5120686],[-122.6244287,45.5120703],[-122.6238971,45.512065],[-122.6227691,45.512063],[-122.6227546,45.5119566],[-122.6227489,45.5108594],[-122.6227126,45.5095035],[-122.6226879,45.5087953],[-122.6226738,45.5080792],[-122.6226558,45.5075613],[-122.6226428,45.5068757],[-122.6226189,45.5061903],[-122.6225951,45.5055049],[-122.6226143,45.504811],[-122.6225783,45.5040877],[-122.6225753,45.503379],[-122.6225829,45.5026626],[-122.6225799,45.5019539],[-122.6225872,45.5012298],[-122.6225953,45.5005285],[-122.6238206,45.5005286],[-122.6257289,45.5005236],[-122.6261954,45.5005302],[-122.626203,45.4998137],[-122.6285452,45.4998158],[-122.6285485,45.5005321],[-122.6285515,45.5012408],[-122.6285548,45.5019571],[-122.6295307,45.5019541],[-122.6305068,45.5019588],[-122.6315154,45.5019629],[-122.6325345,45.5019591],[-122.6335431,45.5019631],[-122.6349202,45.5019603],[-122.6355709,45.5019634],[-122.6375987,45.5019635],[-122.6375955,45.5018722],[-122.6375955,45.5012549],[-122.6375921,45.5005386],[-122.637589,45.4998299],[-122.6375856,45.4991136]]]}},{"type":"Feature","properties":{"boundary_id":"b-elementary-2","school_name":null,"review_status":"unverified"},"geometry":{"type":"Polygon","coordinates":[[[-122.6912644,45.4892782],[-122.6913757,45.4893599],[-122.6916412,45.4895072],[-122.6924546,45.4895145],[-122.6924565,45.4895678],[-122.6943972,45.4895686],[-122.6949259,45.4894975],[-122.6950553,45.4894797],[-122.6950504,45.4893426],[-122.6959071,45.489349],[-122.6966769,45.4893495],[-122.6983467,45.4893554],[-122.6984078,45.4895448],[-122.6984655,45.4896428],[-122.6985763,45.4897092],[-122.6989057,45.4898248],[-122.699146,45.4898736],[-122.6993329,45.4899462],[-122.6994337,45.4900357],[-122.6995131,45.4901333],[-122.6995503,45.4902621],[-122.6995666,45.4904142],[-122.6995699,45.4905056],[-122.6995724,45.4905742],[-122.6996421,45.4907024],[-122.699722,45.4908152],[-122.6998914,45.4910025],[-122.6999589,45.4910698],[-122.700058,45.4911136],[-122.7001897,45.4911568],[-122.700408,45.4911983],[-122.7005728,45.4912561],[-122.7006616,45.4913154],[-122.7007297,45.4913979],[-122.7007435,45.4914815],[-122.7007474,45.4915881],[-122.70061,45.4919871],[-122.7006016,45.4920559],[-122.7006038,45.4921168],[-122.700606,45.4921777],[-122.7006743,45.4922679],[-122.7007415,45.4923276],[-122.7008304,45.4923868],[-122.7008328,45.4924554],[-122.701017,45.4924518],[-122.7011359,45.4924419],[-122.7012982,45.4924312],[-122.7014382,45.4924056],[-122.7021031,45.4922022],[-122.7022545,45.4921917],[-122.7024284,45.4922036],[-122.7025806,45.4922159],[-122.7027342,45.4922663],[-122.7028551,45.4923097],[-122.7029873,45.4923681],[-122.7030648,45.4924123],[-122.7031428,45.4924718],[-122.7032778,45.4926064],[-122.7033686,45.492719],[-122.7034708,45.4928466],[-122.7035163,45.4929067],[-122.7035288,45.4929522],[-122.7035541,45.4930508],[-122.7035184,45.4932649],[-122.7034711,45.4934563],[-122.7034641,45.4935632],[-122.7034783,45.4936544],[-122.7035124,45.4936994],[-122.7035682,45.4937441],[-122.7036455,45.4937807],[-122.7037435,45.4937941],[-122.7040797,45.4937952],[-122.7042652,45.4938297],[-122.704343,45.4938816],[-122.7043883,45.4939341],[-122.7044241,45.4940248],[-122.7044168,45.4941241],[-122.7043982,45.4942083],[-122.7043592,45.494331],[-122.7043292,45.4944001],[-122.7043209,45.4944689],[-122.7043342,45.4945372],[-122.7043575,45.4945825],[-122.7044033,45.4946502],[-122.7044919,45.4947019],[-122.7045908,45.4947381],[-122.7046564,45.4947521],[-122.7047217,45.4947584],[-122.7048083,45.4947567],[-122.7049053,45.4947396],[-122.7051201,45.4946821],[-122.7051951,45.4946578],[-122.7053348,45.4946246],[-122.7054101,45.4946079],[-122.7055504,45.49459],[-122.7056152,45.4945811],[-122.7058099,45.4945697],[-122.7058858,45.4945683],[-122.706005,45.4945659],[-122.7061353,45.4945711],[-122.7064617,45.4946029],[-122.7065714,45.4946388],[-122.7066817,45.4946901],[-122.7067159,45.4947351],[-122.7067392,45.4947804],[-122.7067636,45.4948562],[-122.7067333,45.4949177],[-122.7066819,45.4949949],[-122.7065882,45.4951035],[-122.7062452,45.4955141],[-122.7060963,45.4955932],[-122.7060293,45.4958384],[-122.706042,45.4958915],[-122.7060879,45.4959592],[-122.7061765,45.4960108],[-122.706264,45.496032],[-122.7063937,45.4960219],[-122.7071105,45.4960537],[-122.7074155,45.4960936],[-122.7079828,45.4961893],[-122.7081579,45.4962317],[-122.7083554,45.4962965],[-122.7086429,45.496451],[-122.709102,45.4968537],[-122.7092476,45.4969804],[-122.7093476,45.4970471],[-122.7095587,45.4971878],[-122.7098581,45.4973726],[-122.7100026,45.4974689],[-122.7101053,45.4976117],[-122.7101737,45.4977019],[-122.7102195,45.4977696],[-122.7102428,45.4978149],[-122.7106574,45.4984852],[-122.7110053,45.4994084],[-122.7110184,45.4994691],[-122.7110311,45.4995222],[-122.7110269,45.4997052],[-122.7109749,45.5000644],[-122.7109665,45.5001332],[-122.7109752,45.5009715],[-122.7109452,45.5010406],[-122.7108827,45.5011105],[-122.7109296,45.5012086],[-122.710976,45.5012916],[-122.7110221,45.5013669],[-122.7110896,45.5014342],[-122.7111565,45.5014863],[-122.7112118,45.5015157],[-122.711289,45.5015523],[-122.7115822,45.5015619],[-122.7118211,45.5015725],[-122.7119628,45.5015926],[-122.7121165,45.501643],[-122.7124365,45.5017969],[-122.7132316,45.5021931],[-122.7133156,45.5021152],[-122.7136215,45.5018806],[-122.7136854,45.5018489],[-122.7140128,45.5016063],[-122.714204,45.5014959],[-122.7147531,45.5010889],[-122.7149115,45.5009715],[-122.7150388,45.5008928],[-122.7158046,45.5004816],[-122.7162834,45.5002284],[-122.7164226,45.50018],[-122.7168624,45.5000495],[-122.7170908,45.5000679],[-122.7176201,45.5003092],[-122.7176973,45.5003458],[-122.7177843,45.5003517],[-122.7178582,45.5002969],[-122.7180455,45.5000799],[-122.7181908,45.4999017],[-122.7182533,45.4998319],[-122.7183161,45.4997697],[-122.718836,45.4994547],[-122.7190275,45.4993519],[-122.7192728,45.4992405],[-122.7196268,45.4991345],[-122.7199922,45.4990436],[-122.7203045,45.4989841],[-122.7204234,45.4989742],[-122.7205645,45.4989791],[-122.7206515,45.498985],[-122.7214791,45.4990833],[-122.7221326,45.499162],[-122.7224488,45.4992092],[-122.7228964,45.4989947],[-122.723249,45.4988507],[-122.7240075,45.4985386],[-122.7244246,45.4983781],[-122.7246607,45.4983125],[-122.7248655,45.498278],[-122.7251353,45.4982423],[-122.7254592,45.4982055],[-122.7256109,45.4982025],[-122.725774,45.4982146],[-122.7260252,45.498263],[-122.7261344,45.4982838],[-122.7262649,45.4982965],[-122.726438,45.4982855],[-122.7266753,45.4982504],[-122.7269329,45.4981768],[-122.7272674,45.4981321],[-122.7278572,45.4979529],[-122.7288652,45.4979409],[-122.7291364,45.4979432],[-122.7292589,45.4980323],[-122.7295934,45.4982849],[-122.7297382,45.4983888],[-122.729721,45.4985111],[-122.7297118,45.4988543],[-122.7297074,45.499327],[-122.7297085,45.4996547],[-122.7297077,45.4999291],[-122.729735,45.5009729],[-122.7286177,45.5009642],[-122.7286191,45.5012995],[-122.7285541,45.5013008],[-122.7285658,45.5022152],[-122.7279454,45.5024484],[-122.7277109,45.5025597],[-122.7275606,45.5026007],[-122.7272152,45.5026455],[-122.7263644,45.5031042],[-122.7262349,45.503122],[-122.7260348,45.5032859],[-122.7258723,45.5032891],[-122.7258773,45.5040208],[-122.7258737,45.5051108],[-122.725777,45.5051356],[-122.7256808,45.5051755],[-122.7255636,45.5052312],[-122.7254671,45.5052635],[-122.7253702,45.5052807],[-122.7252838,45.50529],[-122.7251645,45.5052923],[-122.7250665,45.505279],[-122.7250009,45.505265],[-122.7248483,45.5052451],[-122.7245757,45.5052047],[-122.7244343,45.5051922],[-122.7242387,45.5051807],[-122.7241084,45.5051757],[-122.7238914,45.5051723],[-122.7236641,45.5051843],[-122.7234907,45.5051877],[-122.7234148,45.5051891],[-122.7232423,45.5052154],[-122.7230266,45.50525],[-122.7228977,45.505283],[-122.7229121,45.5053819],[-122.7229157,45.5060754],[-122.7229262,45.5078512],[-122.7229301,45.5079578],[-122.7229314,45.5082932],[-122.7229267,45.508461],[-122.7229931,45.5084978],[-122.7230812,45.5085342],[-122.7231912,45.5085778],[-122.7238309,45.5088702],[-122.723897,45.5088994],[-122.724405,45.5091487],[-122.725118,45.5093711],[-122.7258722,45.5095318],[-122.7268081,45.5096203],[-122.7276429,45.5096116],[-122.7283346,45.5095448],[-122.7289376,45.5094263],[-122.7290343,45.5094016],[-122.7301858,45.5091581],[-122.7313482,45.5089144],[-122.7318984,45.508835],[-122.7320279,45.5088173],[-122.7326334,45.5087673],[-122.7327746,45.5087722],[-122.7331,45.5087735],[-122.733566,45.5087644],[-122.7339559,45.5087491],[-122.7359969,45.5088084],[-122.7357355,45.5090726],[-122.7355368,45.5092747],[-122.7354437,45.5093985],[-122.7354029,45.5094679],[-122.7353734,45.5095523],[-122.7353554,45.5096517],[-122.7353582,45.5097279],[-122.7353632,45.509865],[-122.7353888,45.5099712],[-122.7355806,45.5104706],[-122.735632,45.5106906],[-122.735616,45.5108434],[-122.7355348,45.5109974],[-122.7354204,45.5111292],[-122.7352728,45.5112464],[-122.735113,45.5113258],[-122.7348771,45.511399],[-122.7346717,45.5114182],[-122.7344,45.5114007],[-122.7336257,45.5112862],[-122.7333862,45.5112604],[-122.7331917,45.5112795],[-122.7330305,45.5113207],[-122.732859,45.5113774],[-122.7326779,45.5114648],[-122.7322811,45.5118841],[-122.7321341,45.5120166],[-122.7319204,45.5121046],[-122.7317484,45.5121461],[-122.7315433,45.5121729],[-122.7309258,45.5121926],[-122.7306012,45.5122142],[-122.7303436,45.5122878],[-122.7300237,45.5124389],[-122.7298556,45.512587],[-122.7297511,45.5126957],[-122.7296589,45.5128423],[-122.7296011,45.5130416],[-122.7295741,45.5131946],[-122.7296005,45.5133237],[-122.7296495,45.5134752],[-122.7298412,45.5139745],[-122.7298699,45.5141645],[-122.7298529,45.5142944],[-122.7297826,45.5144482],[-122.7296248,45.5145809],[-122.7295934,45.514612],[-122.7293266,45.5147315],[-122.7291009,45.5147893],[-122.7288844,45.5148011],[-122.7286774,45.5147747],[-122.728153,45.5146705],[-122.7278917,45.5146451],[-122.7276761,45.5146798],[-122.7274621,45.5147602],[-122.7272414,45.5149551],[-122.7272025,45.5150778],[-122.7271959,45.5151922],[-122.7272328,45.5153135],[-122.727302,45.5154265],[-122.7273923,45.5155238],[-122.7275143,45.5155976],[-122.7276575,45.5156558],[-122.727832,45.5156829],[-122.7280165,45.5156869],[-122.7281783,45.5156609],[-122.7293811,45.5153326],[-122.7300364,45.5151598],[-122.7302846,45.5151245],[-122.7305883,45.5151262],[-122.7308182,45.5151827],[-122.730973,45.5152635],[-122.7311397,45.5153746],[-122.7312751,45.5155168],[-122.7313673,45.5156674],[-122.7313946,45.5158193],[-122.731381,45.5160406],[-122.7309839,45.5173442],[-122.7309764,45.5174358],[-122.7309909,45.5175346],[-122.7310268,45.5176254],[-122.7310732,45.5177083],[-122.731141,45.5177832],[-122.7312302,45.5178501],[-122.7313189,45.5179017],[-122.7314292,45.5179529],[-122.7315168,45.5179741],[-122.7316152,45.517995],[-122.7318656,45.5180206],[-122.7321363,45.5180077],[-122.7324814,45.5179553],[-122.732644,45.5179521],[-122.7328514,45.5179862],[-122.7329725,45.5180372],[-122.7330723,45.5180962],[-122.7331396,45.5181559],[-122.7332519,45.5182604],[-122.7334504,45.5186452],[-122.7335452,45.5188644],[-122.7335699,45.5189478],[-122.7335721,45.5190087],[-122.7335527,45.5190701],[-122.7317172,45.5187095],[-122.731521,45.5186829],[-122.7312055,45.5186585],[-122.730924,45.5186716],[-122.7306647,45.5186995],[-122.7302442,45.5187687],[-122.7299863,45.5188347],[-122.7296325,45.5189483],[-122.729334,45.5190913],[-122.7289716,45.5192661],[-122.7287476,45.5193695],[-122.7286095,45.5194484],[-122.7282354,45.5196005],[-122.7279674,45.5196896],[-122.7276336,45.5197571],[-122.7274071,45.519792],[-122.727115,45.5198129],[-122.7269416,45.5198163],[-122.7267134,45.5198055],[-122.7264738,45.5197796],[-122.7262776,45.519753],[-122.72607,45.5197113],[-122.7258071,45.5196402],[-122.7255316,45.5195235],[-122.7243332,45.5190819],[-122.7240258,45.5189811],[-122.7237529,45.5189331],[-122.7233944,45.5189172],[-122.7230592,45.5189466],[-122.7226504,45.5190383],[-122.7223944,45.5191576],[-122.722256,45.5192289],[-122.7221181,45.5193154],[-122.7220239,45.5194087],[-122.7208687,45.5204525],[-122.7208159,45.5204917],[-122.7205743,45.5207098],[-122.7198074,45.5213954],[-122.7196062,45.5215289],[-122.7194244,45.521601],[-122.7191987,45.5216587],[-122.7189719,45.521686],[-122.7186901,45.5216914],[-122.7180703,45.5216501],[-122.7177001,45.5216115],[-122.7176239,45.5216054],[-122.7174719,45.5216007],[-122.7173963,45.5216098],[-122.7172882,45.5216195],[-122.7171909,45.521629],[-122.7169866,45.5216787],[-122.7168901,45.521711],[-122.7167189,45.5217753],[-122.716623,45.5218229],[-122.7163681,45.5219727],[-122.7160496,45.5221618],[-122.7159651,45.5222244],[-122.7158908,45.5222715],[-122.7157844,45.522327],[-122.7157102,45.5223741],[-122.7156037,45.5224295],[-122.7155075,45.5224695],[-122.7152932,45.5225423],[-122.7150022,45.5225936],[-122.7148616,45.522604],[-122.7145908,45.5226168],[-122.7145261,45.5226257],[-122.7137461,45.522656],[-122.7123817,45.5227205],[-122.7119828,45.5227892],[-122.7116496,45.5228718],[-122.7111984,45.5229949],[-122.7102864,45.5232716],[-122.7102219,45.5232881],[-122.7099537,45.5233695],[-122.7096957,45.5234354],[-122.7082567,45.5238367],[-122.7080412,45.5238789],[-122.70789,45.5238971],[-122.7076521,45.5239169],[-122.7074467,45.5239361],[-122.7060521,45.5240697],[-122.7059657,45.524079],[-122.7054248,45.5241199],[-122.7048402,45.524154],[-122.7042663,45.5241803],[-122.7032804,45.5242145],[-122.702663,45.5242416],[-122.7024568,45.524238],[-122.7023153,45.5242254],[-122.7021521,45.5242133],[-122.7019771,45.524171],[-122.7013195,45.5239854],[-122.700904,45.5238943],[-122.7004988,45.5237878],[-122.6999646,45.5237142],[-122.6981433,45.5234443],[-122.6981476,45.5232613],[-122.6981513,45.5224609],[-122.698164,45.5213098],[-122.6967646,45.5213061],[-122.6953652,45.5213025],[-122.695367,45.5210509],[-122.6953722,45.5205935],[-122.6953607,45.5202736],[-122.6953592,45.5199307],[-122.6967694,45.5199341],[-122.6979304,45.5199423],[-122.6981766,45.5198538],[-122.6977964,45.5192361],[-122.6977256,45.5190774],[-122.6972424,45.5183092],[-122.6971368,45.5183875],[-122.6970511,45.5184196],[-122.6969644,45.5184213],[-122.6969089,45.5183842],[-122.6968741,45.5183239],[-122.6967603,45.5181737],[-122.6966925,45.5180987],[-122.6966147,45.5180469],[-122.6965166,45.5180335],[-122.6967452,45.5177548],[-122.6965018,45.5176222],[-122.6963798,45.5175484],[-122.6963123,45.5174811],[-122.6958542,45.5165066],[-122.6957956,45.5163858],[-122.6957929,45.5163096],[-122.6958446,45.5162401],[-122.6958969,45.5161857],[-122.6960039,45.5161455],[-122.6960681,45.5161214],[-122.6964439,45.5160151],[-122.6952115,45.5158254],[-122.6947421,45.5157429],[-122.6939245,45.515629],[-122.6935972,45.5155743],[-122.6934227,45.5155472],[-122.6930625,45.5154855],[-122.6918081,45.5152885],[-122.6910264,45.5152653],[-122.690701,45.5152639],[-122.6903544,45.5152782],[-122.6901168,45.5153056],[-122.6899339,45.5153472],[-122.6896762,45.5154207],[-122.6893979,45.5155252],[-122.6892273,45.5156046],[-122.6890677,45.5156915],[-122.6889729,45.5157696],[-122.6890925,45.5154776],[-122.6888785,45.515558],[-122.688717,45.5155915],[-122.6886197,45.515601],[-122.6884246,45.5156047],[-122.6883157,45.5155916],[-122.6881851,45.5155788],[-122.6880209,45.5155362],[-122.6869906,45.5152358],[-122.6873678,45.5145655],[-122.6863497,45.514303],[-122.6853422,45.5140326],[-122.6843242,45.51377],[-122.6838096,45.5136351],[-122.6828454,45.5133638],[-122.6818268,45.513086],[-122.6808085,45.5128158],[-122.6797572,45.512531],[-122.679603,45.5124653],[-122.6787817,45.5122447],[-122.6777634,45.5119745],[-122.6769521,45.5117308],[-122.6758144,45.5114552],[-122.6754267,45.5121409],[-122.675071,45.5128107],[-122.6746919,45.5134352],[-122.6745849,45.5134754],[-122.6745318,45.5135069],[-122.6744684,45.5135538],[-122.6743221,45.513709],[-122.6742798,45.5137403],[-122.6742056,45.5137874],[-122.6740558,45.5138436],[-122.6739699,45.5138681],[-122.6738514,45.5138933],[-122.6735491,45.5139295],[-122.6732754,45.5138585],[-122.6731987,45.5138371],[-122.6709432,45.5132397],[-122.6696364,45.5076017],[-122.6696234,45.507541],[-122.6693432,45.5069824],[-122.6664335,45.5010852],[-122.6673418,45.5010146],[-122.6675364,45.5009957],[-122.6683041,45.5009354],[-122.6684986,45.5009165],[-122.6713862,45.5007016],[-122.6714837,45.5006998],[-122.6716457,45.5006814],[-122.6725002,45.5006195],[-122.6727919,45.5005911],[-122.6729759,45.5005799],[-122.6732788,45.5005589],[-122.6734841,45.5005398],[-122.6737653,45.5005192],[-122.674014,45.5004992],[-122.6742307,45.5004951],[-122.6743391,45.500493],[-122.6752466,45.5003995],[-122.6762408,45.5003044],[-122.6766304,45.5002817],[-122.6767926,45.500271],[-122.6769549,45.5002603],[-122.6775067,45.5002269],[-122.6776907,45.5002158],[-122.6777988,45.5002061],[-122.6780369,45.500194],[-122.6783289,45.5001732],[-122.6785237,45.5001618],[-122.6788699,45.50014],[-122.6793909,45.5001529],[-122.6798899,45.5001586],[-122.6805406,45.5001615],[-122.6801788,45.4994443],[-122.679752,45.4987284],[-122.6793689,45.4980193],[-122.678999,45.4973785],[-122.6789188,45.4972581],[-122.6788597,45.497122],[-122.6787996,45.4969555],[-122.6786709,45.4966912],[-122.6786362,45.4966309],[-122.678543,45.4964497],[-122.6784969,45.4963744],[-122.6783937,45.4962163],[-122.6783251,45.4961185],[-122.6781092,45.4958407],[-122.6779957,45.495698],[-122.6778497,45.495556],[-122.6774105,45.4950995],[-122.6772799,45.4947818],[-122.677103,45.4943813],[-122.6769864,45.49385],[-122.676871,45.4933492],[-122.6768693,45.4933035],[-122.676856,45.4929303],[-122.6768647,45.4928691],[-122.6768801,45.4926935],[-122.6769066,45.4925254],[-122.6769557,45.4923796],[-122.6771498,45.4920482],[-122.6772844,45.4918703],[-122.6773364,45.4918083],[-122.6774198,45.4917153],[-122.6775664,45.4915677],[-122.6776606,45.4914744],[-122.6778399,45.4913338],[-122.6780514,45.491185],[-122.6781359,45.4911224],[-122.6785181,45.4908941],[-122.6789352,45.4907337],[-122.6794181,45.4905949],[-122.6803328,45.4904021],[-122.6809669,45.4902452],[-122.6812778,45.4901478],[-122.6815018,45.4900445],[-122.6815657,45.4900127],[-122.6816296,45.489981],[-122.6817886,45.4898789],[-122.6820212,45.4897144],[-122.6820738,45.4896677],[-122.6822419,45.4895197],[-122.6826,45.489528],[-122.6841401,45.4895443],[-122.684726,45.489556],[-122.6847252,45.489838],[-122.6847021,45.4904024],[-122.6852985,45.4904063],[-122.685678,45.4904066],[-122.6863614,45.4904164],[-122.6865566,45.4904203],[-122.6865908,45.4904654],[-122.6901369,45.4904888],[-122.6903153,45.4900205],[-122.6904424,45.489637],[-122.6905418,45.4893835],[-122.6910312,45.4894275],[-122.6912644,45.4892782]]]}},{"type":"Feature","properties":{"boundary_id":"b-elementary-3","school_name":null,"review_status":"unverified"},"geometry":{"type":"Polygon","coordinates":[[[-122.6075133,45.5410284],[-122.6075014,45.5413105],[-122.6091076,45.5413191],[-122.6097045,45.5413234],[-122.6102689,45.5413283],[-122.6103778,45.5413415],[-122.610509,45.5413696],[-122.6106307,45.5414359],[-122.6107092,45.5415107],[-122.6107322,45.5415484],[-122.6107666,45.5416011],[-122.6107788,45.5416389],[-122.6108036,45.5417299],[-122.6108213,45.5419277],[-122.6110435,45.5417636],[-122.6111284,45.5417087],[-122.6112352,45.541661],[-122.6113744,45.5416051],[-122.611536,45.5415717],[-122.6118287,45.5415663],[-122.6119488,45.5415869],[-122.6122556,45.5416727],[-122.612419,45.5416926],[-122.6125386,45.541698],[-122.6127459,45.5417323],[-122.6129202,45.541752],[-122.6131479,45.5417478],[-122.6132564,45.5417458],[-122.6133537,45.5417363],[-122.6134923,45.5416652],[-122.6135677,45.5416486],[-122.6138155,45.5415983],[-122.6139133,45.5416041],[-122.6148356,45.5416024],[-122.6150958,45.5415976],[-122.6155925,45.5415275],[-122.6158197,45.541508],[-122.6159506,45.5415285],[-122.616049,45.5415495],[-122.6162571,45.5416066],[-122.6167943,45.5417644],[-122.6175174,45.5419644],[-122.6177475,45.5420288],[-122.6181342,45.5422274],[-122.618323,45.5423535],[-122.6184568,45.5424577],[-122.6186237,45.5425765],[-122.618774,45.5428405],[-122.6187917,45.5430383],[-122.6188152,45.5430912],[-122.618838,45.5431212],[-122.6188829,45.5431661],[-122.6189274,45.5431958],[-122.6190157,45.5432399],[-122.6195418,45.5433902],[-122.619783,45.543462],[-122.6201334,45.5435546],[-122.6212295,45.5438696],[-122.6215255,45.5439556],[-122.6216574,45.5440065],[-122.6217352,45.5440584],[-122.6218024,45.5441181],[-122.6218712,45.5442235],[-122.6219569,45.5445039],[-122.6222865,45.5446198],[-122.622396,45.5446482],[-122.6225049,45.5446614],[-122.6226247,45.5446745],[-122.6228517,45.5446474],[-122.6231529,45.5445733],[-122.6233151,45.544555],[-122.6234671,45.5445598],[-122.6236092,45.5445877],[-122.6238515,45.5446899],[-122.624049,45.5447548],[-122.6241366,45.5447761],[-122.6242456,45.5447893],[-122.6243865,45.5447867],[-122.6244947,45.5447771],[-122.6246026,45.5447598],[-122.6247206,45.5447195],[-122.624861,45.5447017],[-122.6249526,45.5448372],[-122.6249872,45.5448975],[-122.6252912,45.5455244],[-122.625315,45.5455849],[-122.6253526,45.545729],[-122.6253685,45.5458735],[-122.6253873,45.5461018],[-122.6254846,45.5460923],[-122.6255703,45.5460603],[-122.6256446,45.5460132],[-122.6257303,45.5459811],[-122.6258269,45.5459488],[-122.6259348,45.5459316],[-122.6260432,45.5459296],[-122.6261517,45.5459276],[-122.626239,45.5459412],[-122.6263593,45.5459695],[-122.6264799,45.5460053],[-122.6265572,45.546042],[-122.6267675,45.54616],[-122.6268341,45.5462045],[-122.6269222,45.546241],[-122.6269989,45.5462624],[-122.6270753,45.5462763],[-122.6271626,45.5462899],[-122.627968,45.5463588],[-122.6283053,45.546383],[-122.6283703,45.5463818],[-122.6284563,45.5463574],[-122.6284986,45.5463261],[-122.6285187,45.54628],[-122.628521,45.5460361],[-122.6295409,45.5460324],[-122.6304415,45.546031],[-122.63055,45.546029],[-122.6305461,45.5452974],[-122.6305563,45.5446571],[-122.6305537,45.5436512],[-122.630553,45.5420814],[-122.6306713,45.5420487],[-122.6314851,45.5420488],[-122.6322663,45.5420495],[-122.6328633,45.5420537],[-122.6338834,45.5420576],[-122.6348923,45.5420541],[-122.635804,45.54206],[-122.6365853,45.5420607],[-122.6369325,45.5420618],[-122.6379852,45.5420651],[-122.6389727,45.5420696],[-122.639982,45.5420736],[-122.6410127,45.5420696],[-122.6410024,45.5436321],[-122.6409589,45.5451723],[-122.6409804,45.5467114],[-122.6409691,45.5482434],[-122.6409574,45.5494553],[-122.6409064,45.5507823],[-122.6404982,45.5505917],[-122.6402573,45.5508401],[-122.6402304,45.5510006],[-122.6400714,45.5511103],[-122.6396788,45.5516739],[-122.6392238,45.5523149],[-122.6387797,45.5529557],[-122.6387842,45.5530852],[-122.6377748,45.5530811],[-122.6367545,45.5530772],[-122.6357342,45.5530733],[-122.6347248,45.5530692],[-122.6336937,45.5530655],[-122.6336837,45.5543307],[-122.6336673,45.5554132],[-122.6331462,45.5554076],[-122.6326145,45.5554099],[-122.6320825,45.5554045],[-122.6315616,45.5554065],[-122.6310297,45.5554012],[-122.6305088,45.5554032],[-122.6305021,45.5552128],[-122.6305143,45.554321],[-122.6305142,45.5536961],[-122.6294939,45.5536921],[-122.6284847,45.5536956],[-122.6274647,45.5536992],[-122.6264555,45.5537026],[-122.6253591,45.5536924],[-122.6242851,45.5537047],[-122.6232759,45.5537081],[-122.6222559,45.5537117],[-122.6212467,45.5537151],[-122.6206933,45.5537177],[-122.6203894,45.5537157],[-122.6202603,45.5537485],[-122.6201201,45.553774],[-122.6160712,45.5537495],[-122.6147581,45.5537508],[-122.61477,45.5528438],[-122.6147835,45.5526073],[-122.6147875,45.5524091],[-122.6147806,45.5518987],[-122.6131197,45.5518835],[-122.6120886,45.5518796],[-122.609679,45.5518705],[-122.6095161,45.5518659],[-122.6095121,45.5517516],[-122.609505,45.551546],[-122.6095505,45.5494115],[-122.6095686,45.5483672],[-122.6094681,45.5482852],[-122.6084587,45.5482808],[-122.6074385,45.5482767],[-122.6064292,45.5482724],[-122.605409,45.5482682],[-122.6043885,45.5482564],[-122.6043967,45.5481801],[-122.6044078,45.5469301],[-122.6044197,45.5453906],[-122.604438,45.5437214],[-122.6044581,45.542418],[-122.6044338,45.5423422],[-122.6044201,45.5422587],[-122.6054368,45.5418514],[-122.6075133,45.5410284]]]}},{"type":"Feature","properties":{"boundary_id":"b-elementary-4","school_name":null,"review_status":"unverified"},"geometry":{"type":"Polygon","coordinates":[[[-122.5920868,45.4791753],[-122.5928348,45.4791768],[-122.5944716,45.4791772],[-122.5970621,45.4791753],[-122.5970456,45.4796405],[-122.5970391,45.4800826],[-122.5996192,45.4800884],[-122.5996125,45.4805229],[-122.599606,45.480965],[-122.5995993,45.4813995],[-122.5995928,45.4818416],[-122.5995809,45.4830687],[-122.6002097,45.4830724],[-122.6004156,45.4830686],[-122.600665,45.4830716],[-122.60086,45.483068],[-122.6014997,45.4830715],[-122.6021502,45.4830747],[-122.6021425,45.4834787],[-122.6021347,45.4838828],[-122.6021264,45.4842716],[-122.602129,45.4846602],[-122.6021207,45.485049],[-122.6021122,45.4854301],[-122.6014291,45.4854275],[-122.6013528,45.4854136],[-122.6013546,45.485467],[-122.6013416,45.4866636],[-122.6013144,45.4887064],[-122.6013053,45.4893848],[-122.6012935,45.4902994],[-122.6008162,45.490293],[-122.5999489,45.4902937],[-122.5989727,45.4902812],[-122.5986263,45.4902952],[-122.5983787,45.4903454],[-122.5986751,45.4904543],[-122.5989172,45.4905565],[-122.5994572,45.4908133],[-122.5994527,45.4909963],[-122.5994356,45.4917586],[-122.5994368,45.4921091],[-122.5994267,45.4924446],[-122.599425,45.4927114],[-122.5994163,45.4927725],[-122.5994178,45.4931306],[-122.5994089,45.4938166],[-122.5994033,45.4939691],[-122.5988829,45.4939711],[-122.5983623,45.4939654],[-122.5978528,45.4939671],[-122.597343,45.4939613],[-122.5968226,45.4939632],[-122.5963128,45.4939573],[-122.5957925,45.4939593],[-122.5952827,45.4939534],[-122.5952562,45.4957065],[-122.5952448,45.4972689],[-122.5952302,45.4974749],[-122.5946879,45.4974696],[-122.5946382,45.4976001],[-122.5946288,45.4989033],[-122.5946198,45.4995893],[-122.594603,45.5006793],[-122.5945864,45.5014569],[-122.593632,45.5014515],[-122.5926775,45.5014462],[-122.5915934,45.5014508],[-122.5915392,45.5014518],[-122.5899124,45.5014434],[-122.5898043,45.501453],[-122.5896851,45.5014552],[-122.5884272,45.5014553],[-122.5877982,45.5014516],[-122.587061,45.5014574],[-122.5867793,45.5014626],[-122.5857707,45.5014581],[-122.5853478,45.5014582],[-122.5851396,45.5013935],[-122.5847925,45.5013922],[-122.5845975,45.5013957],[-122.5843049,45.5014011],[-122.5841008,45.5014581],[-122.583819,45.5014633],[-122.582843,45.5014582],[-122.5818671,45.5014607],[-122.5808044,45.5014572],[-122.5797524,45.5014535],[-122.5786461,45.5014432],[-122.5786442,45.5013899],[-122.5786257,45.5005291],[-122.5786391,45.5002851],[-122.5786481,45.5002316],[-122.5786532,45.5000638],[-122.578667,45.4991949],[-122.5786644,45.4991187],[-122.5786671,45.4985624],[-122.5786589,45.4976863],[-122.5786612,45.4974348],[-122.5786861,45.4968933],[-122.578706,45.4962071],[-122.5787152,45.4955211],[-122.5787243,45.4948352],[-122.5787335,45.4941492],[-122.5787318,45.4934634],[-122.5787409,45.4927775],[-122.5787505,45.4921067],[-122.5787602,45.491436],[-122.5786119,45.4915377],[-122.5774515,45.4915284],[-122.5767795,45.491533],[-122.5767946,45.4910222],[-122.5767608,45.4909847],[-122.5767687,45.4902606],[-122.5757713,45.4902635],[-122.574926,45.4902713],[-122.574045,45.4901883],[-122.5740202,45.4900973],[-122.5740374,45.4896474],[-122.5740513,45.4890985],[-122.5740618,45.4884506],[-122.5740491,45.4883975],[-122.5740571,45.4879935],[-122.5740755,45.4869416],[-122.5740904,45.4864231],[-122.5740991,45.486362],[-122.5741132,45.4858208],[-122.5741069,45.4846779],[-122.5741045,45.4846093],[-122.5741023,45.4835883],[-122.5741075,45.4834206],[-122.5741264,45.4823839],[-122.5741228,45.4822773],[-122.5742961,45.4822741],[-122.5743719,45.4822727],[-122.5748705,45.4822713],[-122.5748251,45.4822112],[-122.5748367,45.4819138],[-122.5748485,45.481624],[-122.5751655,45.481702],[-122.5753512,45.4817444],[-122.5758653,45.4818798],[-122.5763789,45.482],[-122.5768816,45.4821204],[-122.5774393,45.4822626],[-122.5779227,45.4824519],[-122.578417,45.482641],[-122.5789438,45.4828296],[-122.5789378,45.4826544],[-122.5789501,45.4823799],[-122.5789703,45.4817013],[-122.5789684,45.4810079],[-122.5789783,45.4806648],[-122.5789945,45.4801845],[-122.5790144,45.4794983],[-122.5809257,45.4796006],[-122.5815014,45.4796358],[-122.5815989,45.479634],[-122.5816961,45.4796246],[-122.5841568,45.4796254],[-122.586726,45.4796317],[-122.5869751,45.4796272],[-122.5880156,45.4796233],[-122.5883726,45.4796016],[-122.5893026,45.4795388],[-122.589422,45.4795442],[-122.5914927,45.479552],[-122.5918962,45.4793083],[-122.5920868,45.4791753]]]}},{"type":"Feature","properties":{"boundary_id":"b-elementary-5","school_name":null,"review_status":"unverified"},"geometry":{"type":"Polygon","coordinates":[[[-122.5994572,45.4908133],[-122.5989172,45.4905565],[-122.5986751,45.4904543],[-122.5983787,45.4903454],[-122.5986263,45.4902952],[-122.5989727,45.4902812],[-122.5999489,45.4902937],[-122.6008162,45.490293],[-122.6012935,45.4902994],[-122.6025619,45.4902989],[-122.6036461,45.4903018],[-122.6039278,45.4902966],[-122.6047087,45.4903051],[-122.6056735,45.4903025],[-122.6067686,45.4903052],[-122.6078529,45.490308],[-122.6089916,45.4903175],[-122.6099892,45.4903219],[-122.6101519,45.4903265],[-122.6109648,45.4903191],[-122.6119404,45.4903163],[-122.6129163,45.4903211],[-122.613892,45.4903183],[-122.6148674,45.4903078],[-122.6158433,45.4903126],[-122.6168189,45.4903097],[-122.6178057,45.4903143],[-122.6189766,45.4903154],[-122.618979,45.4910089],[-122.6189595,45.4916951],[-122.6189587,45.4919847],[-122.6189505,45.4923735],[-122.6189529,45.4927545],[-122.6189432,45.4930976],[-122.6190137,45.4932563],[-122.6192011,45.4933443],[-122.6201009,45.4933428],[-122.6226274,45.4933492],[-122.6226309,45.4940731],[-122.6226228,45.4947744],[-122.6226142,45.4960853],[-122.623883,45.4960922],[-122.6240891,45.496096],[-122.6242197,45.4961088],[-122.6243503,45.4961216],[-122.6244377,45.4961428],[-122.6246241,45.4962003],[-122.6248551,45.4962951],[-122.6250308,45.4963604],[-122.6256683,45.4966077],[-122.6257566,45.4966518],[-122.6258023,45.4967195],[-122.6258692,45.497084],[-122.626183,45.497063],[-122.626191,45.4976039],[-122.6261948,45.4983354],[-122.6261999,45.499105],[-122.6281732,45.4990988],[-122.628531,45.4990997],[-122.628545,45.4991909],[-122.6285452,45.4998158],[-122.626203,45.4998137],[-122.6261954,45.5005302],[-122.6257289,45.5005236],[-122.6238206,45.5005286],[-122.6225953,45.5005285],[-122.6225872,45.5012298],[-122.6225799,45.5019539],[-122.6225829,45.5026626],[-122.6225753,45.503379],[-122.6225783,45.5040877],[-122.6226143,45.504811],[-122.621432,45.5048025],[-122.6203258,45.5048001],[-122.6198053,45.5048022],[-122.6195238,45.504815],[-122.619416,45.5048323],[-122.6193193,45.5048569],[-122.6192336,45.504889],[-122.6188945,45.5051163],[-122.6188414,45.5051477],[-122.6187243,45.5052109],[-122.6186276,45.5052355],[-122.6184875,45.505261],[-122.6183254,45.5052792],[-122.6180006,45.5052929],[-122.6170789,45.5052947],[-122.6161033,45.5053051],[-122.6151274,45.505308],[-122.6140648,45.5053124],[-122.6131648,45.5053138],[-122.6129264,45.5053182],[-122.611983,45.5053204],[-122.6111697,45.5053201],[-122.611083,45.5053218],[-122.6111665,45.5055412],[-122.6111725,45.5060288],[-122.6111963,45.5067142],[-122.6112092,45.5073998],[-122.6112313,45.5080395],[-122.6112892,45.50877],[-122.611333,45.5094094],[-122.6113771,45.5100563],[-122.6114212,45.5107032],[-122.611465,45.5113425],[-122.6115073,45.5119362],[-122.6114346,45.5120289],[-122.610849,45.5120321],[-122.6102635,45.5120353],[-122.6091244,45.5120258],[-122.6082896,45.5120336],[-122.6078232,45.5120346],[-122.6067061,45.5120323],[-122.6067188,45.511773],[-122.6066736,45.5117204],[-122.606598,45.5117295],[-122.6055475,45.5117717],[-122.6044755,45.5118219],[-122.6035225,45.5118623],[-122.6026777,45.511893],[-122.6018003,45.5119244],[-122.6017521,45.5098983],[-122.5977505,45.5099031],[-122.5977155,45.5085702],[-122.5977047,45.508258],[-122.5977137,45.5082045],[-122.5977103,45.5081055],[-122.5976976,45.5074199],[-122.5976892,45.5071762],[-122.5961066,45.5071976],[-122.5936452,45.5072046],[-122.5936503,45.5070368],[-122.5936592,45.5057184],[-122.5936591,45.5053983],[-122.5920324,45.5053976],[-122.5915336,45.5053991],[-122.5906873,45.5053841],[-122.5897447,45.505409],[-122.5888011,45.5054034],[-122.5867084,45.5054111],[-122.5862747,45.5054114],[-122.5857,45.5054143],[-122.5853096,45.5054138],[-122.5852007,45.5054005],[-122.5843766,45.5054003],[-122.5836394,45.5054061],[-122.5828044,45.5054061],[-122.5821428,45.5054029],[-122.5818269,45.505363],[-122.5812386,45.5052822],[-122.5807697,45.5052069],[-122.5797226,45.5050279],[-122.578621,45.5048422],[-122.5786166,45.5047127],[-122.5786248,45.5046364],[-122.5786165,45.5043927],[-122.5786163,45.5034326],[-122.5786237,45.5030133],[-122.5786488,45.5021594],[-122.5786394,45.5018853],[-122.5786461,45.5014432],[-122.5797524,45.5014535],[-122.5808044,45.5014572],[-122.5818671,45.5014607],[-122.582843,45.5014582],[-122.583819,45.5014633],[-122.5841008,45.5014581],[-122.5843049,45.5014011],[-122.5845975,45.5013957],[-122.5847925,45.5013922],[-122.5851396,45.5013935],[-122.5853478,45.5014582],[-122.5857707,45.5014581],[-122.5867793,45.5014626],[-122.587061,45.5014574],[-122.5877982,45.5014516],[-122.5884272,45.5014553],[-122.5896851,45.5014552],[-122.5898043,45.501453],[-122.5899124,45.5014434],[-122.5915392,45.5014518],[-122.5915934,45.5014508],[-122.5926775,45.5014462],[-122.593632,45.5014515],[-122.5945864,45.5014569],[-122.594603,45.5006793],[-122.5946198,45.4995893],[-122.5946288,45.4989033],[-122.5946382,45.4976001],[-122.5946879,45.4974696],[-122.5952302,45.4974749],[-122.5952448,45.4972689],[-122.5952562,45.4957065],[-122.5952827,45.4939534],[-122.5957925,45.4939593],[-122.5963128,45.4939573],[-122.5968226,45.4939632],[-122.597343,45.4939613],[-122.5978528,45.4939671],[-122.5983623,45.4939654],[-122.5988829,45.4939711],[-122.5994033,45.4939691],[-122.5994089,45.4938166],[-122.5994178,45.4931306],[-122.5994163,45.4927725],[-122.599425,45.4927114],[-122.5994267,45.4924446],[-122.5994368,45.4921091],[-122.5994356,45.4917586],[-122.5994527,45.4909963],[-122.5994572,45.4908133]]]}},{"type":"Feature","properties":{"boundary_id":"b-elementary-6","school_name":null,"review_status":"unverified"},"geometry":{"type":"Polygon","coordinates":[[[-122.6343906,45.5302054],[-122.6344274,45.5303267],[-122.6346549,45.5306273],[-122.6347006,45.530695],[-122.6347914,45.5308076],[-122.6348448,45.5307838],[-122.6350272,45.530727],[-122.6352528,45.5306619],[-122.6354143,45.5306284],[-122.6355865,45.5305871],[-122.6357697,45.5305532],[-122.6360825,45.5305016],[-122.6361473,45.5304928],[-122.6364178,45.5304725],[-122.6370027,45.5304464],[-122.6404899,45.5302746],[-122.6409339,45.5302511],[-122.6423636,45.5301863],[-122.6434142,45.5301361],[-122.6443457,45.5300958],[-122.6444539,45.5300862],[-122.6447572,45.5300729],[-122.6447599,45.5301491],[-122.6447506,45.530195],[-122.6447541,45.530294],[-122.6447504,45.5308046],[-122.6447525,45.5308656],[-122.6447523,45.5314753],[-122.6447447,45.5321842],[-122.6447467,45.5325499],[-122.6447482,45.5329005],[-122.6447406,45.5336094],[-122.6447344,45.5340515],[-122.6447224,45.5343261],[-122.6447148,45.535035],[-122.6465596,45.5350462],[-122.6483499,45.5350508],[-122.6493805,45.5350467],[-122.6503788,45.5350508],[-122.6513987,45.5350546],[-122.6524079,45.5350585],[-122.6534279,45.5350622],[-122.6544479,45.5350659],[-122.655457,45.5350698],[-122.656477,45.5350735],[-122.6574861,45.5350774],[-122.6585061,45.5350811],[-122.6595258,45.5350771],[-122.660535,45.535081],[-122.6615446,45.5351001],[-122.6625646,45.5351037],[-122.6635738,45.5351075],[-122.6645937,45.5351111],[-122.6645861,45.5358124],[-122.6635661,45.5358088],[-122.663559,45.5365254],[-122.6640797,45.5365232],[-122.6640672,45.5370874],[-122.6615281,45.5370819],[-122.6615261,45.5379431],[-122.6615214,45.5387282],[-122.6615094,45.5390028],[-122.661508,45.5395744],[-122.6615003,45.5399709],[-122.6614948,45.5404282],[-122.661491,45.5409313],[-122.6614926,45.5412818],[-122.6614819,45.5418994],[-122.6614792,45.5421281],[-122.6614726,45.5428598],[-122.6614769,45.5429817],[-122.6614637,45.5438355],[-122.6614667,45.5439193],[-122.6614889,45.5442389],[-122.6614924,45.5446428],[-122.6613422,45.5446914],[-122.6584553,45.5446771],[-122.658453,45.5452258],[-122.6584421,45.5455309],[-122.6584439,45.5458891],[-122.6584398,45.5463845],[-122.6584353,45.5471772],[-122.6584286,45.5479089],[-122.6584177,45.548214],[-122.6584635,45.5482817],[-122.6575301,45.5482764],[-122.6565533,45.5482719],[-122.6555764,45.5482674],[-122.6545999,45.5482704],[-122.6543177,45.5482681],[-122.65434,45.5467511],[-122.6543462,45.5460041],[-122.6553663,45.5460078],[-122.6553708,45.5452152],[-122.6543507,45.5452114],[-122.6533305,45.5452077],[-122.6523212,45.5452038],[-122.6513011,45.5452],[-122.6502918,45.5451961],[-122.6492716,45.5451923],[-122.648219,45.5451891],[-122.6471663,45.545186],[-122.6461461,45.5451822],[-122.6451368,45.5451782],[-122.6440841,45.545175],[-122.6430206,45.545172],[-122.6420113,45.5451679],[-122.6409589,45.5451723],[-122.6410024,45.5436321],[-122.6410127,45.5420696],[-122.639982,45.5420736],[-122.6389727,45.5420696],[-122.6379852,45.5420651],[-122.6369325,45.5420618],[-122.6365853,45.5420607],[-122.635804,45.54206],[-122.6348923,45.5420541],[-122.6338834,45.5420576],[-122.6328633,45.5420537],[-122.6322663,45.5420495],[-122.6314851,45.5420488],[-122.6306713,45.5420487],[-122.630553,45.5420814],[-122.6305537,45.5436512],[-122.6305563,45.5446571],[-122.6305461,45.5452974],[-122.63055,45.546029],[-122.6304415,45.546031],[-122.6295409,45.5460324],[-122.628521,45.5460361],[-122.6285187,45.54628],[-122.6284986,45.5463261],[-122.6284563,45.5463574],[-122.6283703,45.5463818],[-122.6283053,45.546383],[-122.627968,45.5463588],[-122.6271626,45.5462899],[-122.6270753,45.5462763],[-122.6269989,45.5462624],[-122.6269222,45.546241],[-122.6268341,45.5462045],[-122.6267675,45.54616],[-122.6265572,45.546042],[-122.6264799,45.5460053],[-122.6263593,45.5459695],[-122.626239,45.5459412],[-122.6261517,45.5459276],[-122.6260432,45.5459296],[-122.6259348,45.5459316],[-122.6258269,45.5459488],[-122.6257303,45.5459811],[-122.6256446,45.5460132],[-122.6255703,45.5460603],[-122.6254846,45.5460923],[-122.6253873,45.5461018],[-122.6253685,45.5458735],[-122.6253526,45.545729],[-122.625315,45.5455849],[-122.6252912,45.5455244],[-122.6249872,45.5448975],[-122.6249526,45.5448372],[-122.624861,45.5447017],[-122.6247206,45.5447195],[-122.6246026,45.5447598],[-122.6244947,45.5447771],[-122.6243865,45.5447867],[-122.6242456,45.5447893],[-122.6241366,45.5447761],[-122.624049,45.5447548],[-122.6238515,45.5446899],[-122.6236092,45.5445877],[-122.6234671,45.5445598],[-122.6233151,45.544555],[-122.6231529,45.5445733],[-122.6228517,45.5446474],[-122.6226247,45.5446745],[-122.6225049,45.5446614],[-122.622396,45.5446482],[-122.6222865,45.5446198],[-122.6219569,45.5445039],[-122.6218712,45.5442235],[-122.6218024,45.5441181],[-122.6217352,45.5440584],[-122.6216574,45.5440065],[-122.6215255,45.5439556],[-122.6212295,45.5438696],[-122.6201334,45.5435546],[-122.619783,45.543462],[-122.6195418,45.5433902],[-122.6190157,45.5432399],[-122.6189274,45.5431958],[-122.6188829,45.5431661],[-122.618838,45.5431212],[-122.6188152,45.5430912],[-122.6187917,45.5430383],[-122.618774,45.5428405],[-122.6186237,45.5425765],[-122.6184568,45.5424577],[-122.618323,45.5423535],[-122.6181342,45.5422274],[-122.6177475,45.5420288],[-122.6175174,45.5419644],[-122.6167943,45.5417644],[-122.6162571,45.5416066],[-122.616049,45.5415495],[-122.6159506,45.5415285],[-122.6158197,45.541508],[-122.6155925,45.5415275],[-122.6150958,45.5415976],[-122.6148356,45.5416024],[-122.6148324,45.541511],[-122.6148438,45.5412136],[-122.6148425,45.5408631],[-122.6148438,45.5405887],[-122.6148393,45.5404592],[-122.6148446,45.5390493],[-122.6148473,45.5385006],[-122.6148425,45.5383635],[-122.6148571,45.5378451],[-122.6148552,45.5377918],[-122.6148547,45.5365268],[-122.6148719,45.5351471],[-122.6148722,45.533905],[-122.614868,45.5337831],[-122.6159422,45.5337862],[-122.616832,45.5337926],[-122.6171792,45.5337938],[-122.618959,45.5338067],[-122.6202071,45.5338217],[-122.6202939,45.5338201],[-122.6207818,45.5338111],[-122.6211832,45.5338113],[-122.6221497,45.5338391],[-122.6227564,45.5338127],[-122.6229843,45.5338161],[-122.6237327,45.5338098],[-122.6241701,45.5339084],[-122.6246511,45.5340138],[-122.6248043,45.5340491],[-122.6250179,45.5339537],[-122.6251462,45.5338979],[-122.6252533,45.5338579],[-122.6254032,45.5338017],[-122.6256174,45.5337216],[-122.625767,45.5336578],[-122.6259167,45.5335941],[-122.6271471,45.5330988],[-122.6280564,45.5327313],[-122.6287947,45.5324357],[-122.6305385,45.5317327],[-122.6323248,45.531006],[-122.6327103,45.5308616],[-122.6336307,45.5305015],[-122.6343906,45.5302054]]]}},{"type":"Feature","properties":{"boundary_id":"b-elementary-7","school_name":null,"review_status":"unverified"},"geometry":{"type":"Polygon","coordinates":[[[-122.6741222,45.5318366],[-122.680097,45.5359988],[-122.6819553,45.5372973],[-122.6828895,45.5379349],[-122.6829674,45.5379868],[-122.6844435,45.5389114],[-122.6863305,45.5400949],[-122.6872963,45.5407015],[-122.6870439,45.5409273],[-122.6856655,45.5421273],[-122.685272,45.5423482],[-122.68505,45.5425125],[-122.6849546,45.5425753],[-122.6839384,45.5432882],[-122.6833562,45.5436956],[-122.6830491,45.5439072],[-122.682594,45.5442283],[-122.6818532,45.5447531],[-122.6811755,45.5452232],[-122.6809955,45.5453486],[-122.6807838,45.5454974],[-122.6806789,45.5455985],[-122.6806264,45.5456452],[-122.6805318,45.5457308],[-122.6798598,45.5463609],[-122.6795028,45.5466954],[-122.6786821,45.5480219],[-122.6786807,45.5495005],[-122.6786783,45.5497368],[-122.6786638,45.5508498],[-122.6786567,45.5509567],[-122.6786447,45.5521382],[-122.6786342,45.5527557],[-122.6786495,45.5534871],[-122.6786046,45.5543568],[-122.6785933,45.5546466],[-122.6783872,45.5546505],[-122.6774645,45.5546452],[-122.6769759,45.5546392],[-122.6764442,45.5546416],[-122.6764315,45.5555031],[-122.6758564,45.5555063],[-122.675303,45.5555092],[-122.6747952,45.555877],[-122.6747991,45.5568982],[-122.6747818,45.5582399],[-122.6748174,45.5583231],[-122.6748526,45.5583986],[-122.6748535,45.5590312],[-122.6748462,45.5597401],[-122.6748281,45.5604492],[-122.6748211,45.5611658],[-122.6738118,45.5611696],[-122.6727917,45.5611736],[-122.6727847,45.5618902],[-122.6727812,45.5627057],[-122.6716417,45.562712],[-122.671034,45.5627158],[-122.6704913,45.5627185],[-122.6699487,45.5627211],[-122.6694929,45.562722],[-122.6693627,45.5627245],[-122.6685703,45.5627242],[-122.6679518,45.5627282],[-122.6678322,45.5627229],[-122.667279,45.5627333],[-122.6667581,45.5627355],[-122.6662154,45.5627381],[-122.6656837,45.5627405],[-122.6651516,45.5627353],[-122.664609,45.5627378],[-122.6646137,45.5616479],[-122.6646279,45.5605197],[-122.6646435,45.5591247],[-122.6644263,45.5591212],[-122.6644728,45.5576799],[-122.6645038,45.5564142],[-122.6645166,45.5555528],[-122.664537,45.5545997],[-122.6645355,45.5533346],[-122.6645343,45.5520772],[-122.6645436,45.5508119],[-122.6635236,45.5508158],[-122.6635224,45.5495584],[-122.662513,45.5495545],[-122.6616015,45.5495564],[-122.6614489,45.5495364],[-122.6614591,45.548294],[-122.6604608,45.5482975],[-122.659484,45.548293],[-122.6584635,45.5482817],[-122.6584177,45.548214],[-122.6584286,45.5479089],[-122.6584353,45.5471772],[-122.6584398,45.5463845],[-122.6584439,45.5458891],[-122.6584421,45.5455309],[-122.658453,45.5452258],[-122.6584553,45.5446771],[-122.6613422,45.5446914],[-122.6614924,45.5446428],[-122.6614889,45.5442389],[-122.6614667,45.5439193],[-122.6614637,45.5438355],[-122.6614769,45.5429817],[-122.6614726,45.5428598],[-122.6614792,45.5421281],[-122.6614819,45.5418994],[-122.6614926,45.5412818],[-122.661491,45.5409313],[-122.6614948,45.5404282],[-122.6615003,45.5399709],[-122.661508,45.5395744],[-122.6615094,45.5390028],[-122.6615214,45.5387282],[-122.6615261,45.5379431],[-122.6615281,45.5370819],[-122.6640672,45.5370874],[-122.6640797,45.5365232],[-122.663559,45.5365254],[-122.6635661,45.5358088],[-122.6645861,45.5358124],[-122.6645937,45.5351111],[-122.6656137,45.5351148],[-122.6666551,45.5351103],[-122.6669265,45.5351128],[-122.6676426,45.5351145],[-122.6683148,45.5351018],[-122.6684961,45.5350146],[-122.66872,45.5349036],[-122.6697181,45.5342903],[-122.6703136,45.5339513],[-122.6711113,45.5335018],[-122.6713663,45.5333521],[-122.6718989,45.5330753],[-122.6721223,45.5329491],[-122.6724518,45.53276],[-122.6726755,45.5326414],[-122.67275,45.5326019],[-122.6738669,45.5319786],[-122.6740583,45.5318683],[-122.6741222,45.5318366]]]}},{"type":"Feature","properties":{"boundary_id":"b-elementary-8","school_name":null,"review_status":"unverified"},"geometry":{"type":"Polygon","coordinates":[[[-122.5785948,45.5101157],[-122.5786054,45.5091554],[-122.5786004,45.5083706],[-122.5786236,45.5049183],[-122.578621,45.5048422],[-122.5797226,45.5050279],[-122.5807697,45.5052069],[-122.5812386,45.5052822],[-122.5818269,45.505363],[-122.5821428,45.5054029],[-122.5828044,45.5054061],[-122.5836394,45.5054061],[-122.5843766,45.5054003],[-122.5852007,45.5054005],[-122.5853096,45.5054138],[-122.5857,45.5054143],[-122.5862747,45.5054114],[-122.5867084,45.5054111],[-122.5888011,45.5054034],[-122.5897447,45.505409],[-122.5906873,45.5053841],[-122.5915336,45.5053991],[-122.5920324,45.5053976],[-122.5936591,45.5053983],[-122.5936592,45.5057184],[-122.5936503,45.5070368],[-122.5936452,45.5072046],[-122.5935585,45.5072062],[-122.5932439,45.5072043],[-122.5924417,45.5072114],[-122.5924399,45.5077905],[-122.5924415,45.5078362],[-122.5924054,45.5080503],[-122.5920913,45.5083761],[-122.5919858,45.5084618],[-122.5919435,45.5084931],[-122.591807,45.5086251],[-122.5916311,45.5088722],[-122.5912095,45.5095428],[-122.5911063,45.5096971],[-122.5907755,45.510168],[-122.5906148,45.5105443],[-122.5905362,45.510782],[-122.5905015,45.5110341],[-122.5904652,45.5112405],[-122.5904676,45.5113091],[-122.5904558,45.5115988],[-122.5904538,45.511858],[-122.5905244,45.5120167],[-122.5905967,45.5122287],[-122.5906677,45.5124027],[-122.5906856,45.5126081],[-122.5906419,45.5129137],[-122.590641,45.5132033],[-122.5906813,45.5134312],[-122.5908503,45.513931],[-122.5910864,45.5144906],[-122.5912463,45.5147239],[-122.5913147,45.5148217],[-122.5915176,45.5150466],[-122.5917859,45.5152779],[-122.5919191,45.515367],[-122.5920634,45.5154634],[-122.5921879,45.5156135],[-122.5921254,45.5156909],[-122.5921316,45.5161861],[-122.5921252,45.5169482],[-122.5921324,45.5174739],[-122.5921302,45.5189903],[-122.592128,45.5192418],[-122.5911408,45.519237],[-122.5908696,45.5192343],[-122.5901753,45.5192318],[-122.5895897,45.5192348],[-122.5892968,45.5192326],[-122.5885589,45.5192232],[-122.5876584,45.5192167],[-122.5870836,45.5192196],[-122.5865519,45.519214],[-122.5857707,45.5192054],[-122.5851523,45.5192014],[-122.584664,45.5191951],[-122.5834275,45.5191947],[-122.5831449,45.519177],[-122.5823422,45.5191764],[-122.5813767,45.5191711],[-122.5804112,45.5191658],[-122.5801941,45.5191621],[-122.5789465,45.5191543],[-122.5789321,45.5184154],[-122.5788961,45.5176769],[-122.578849,45.516931],[-122.5788129,45.5161925],[-122.5787784,45.5154997],[-122.578745,45.5148374],[-122.5787013,45.5141905],[-122.5786681,45.5135358],[-122.5786455,45.5128732],[-122.5786379,45.5126524],[-122.5786239,45.5122412],[-122.5786153,45.5119899],[-122.5786,45.5115406],[-122.578593,45.5113349],[-122.5785981,45.5108472],[-122.5785948,45.5101157]]]}},{"type":"Feature","properties":{"boundary_id":"b-elementary-9","school_name":null,"review_status":"unverified"},"geometry":{"type":"Polygon","coordinates":[[[-122.7130086,45.4828829],[-122.7140887,45.4833727],[-122.7165357,45.4844837],[-122.7167668,45.4845783],[-122.7173718,45.4848181],[-122.7178109,45.4849696],[-122.7181178,45.4850627],[-122.7183373,45.4851347],[-122.718392,45.4851489],[-122.7187417,45.4852259],[-122.7189164,45.4852606],[-122.7194739,45.485387],[-122.7197136,45.4854204],[-122.7199858,45.4854532],[-122.7202911,45.4855007],[-122.7207592,45.4855525],[-122.7213247,45.4856025],[-122.7217161,45.485633],[-122.7224989,45.485694],[-122.7233047,45.4857926],[-122.7234678,45.4858047],[-122.7236092,45.4858172],[-122.7237939,45.4858288],[-122.7245122,45.4859063],[-122.7245994,45.4859198],[-122.725057,45.4859795],[-122.7253292,45.4860123],[-122.7256233,45.4860523],[-122.7260736,45.4862112],[-122.7263495,45.486343],[-122.7267792,45.4865328],[-122.7270659,45.4866644],[-122.7272309,45.4867298],[-122.7274731,45.4868318],[-122.7276378,45.4868896],[-122.7279006,45.4869607],[-122.7281081,45.4870023],[-122.7281845,45.4870161],[-122.7283915,45.4870425],[-122.728609,45.4870612],[-122.7288148,45.4870571],[-122.7291184,45.4870588],[-122.7309282,45.4870387],[-122.7316871,45.4870391],[-122.7349075,45.4870523],[-122.7368589,45.4870522],[-122.7375092,45.4870471],[-122.7380406,45.4870519],[-122.7410666,45.487084],[-122.7423894,45.4870885],[-122.7436905,45.4870934],[-122.7438205,45.4870909],[-122.7438259,45.4872356],[-122.7438209,45.4873958],[-122.7438269,45.487853],[-122.7438436,45.4891942],[-122.7438622,45.4899943],[-122.7438488,45.4908101],[-122.7438548,45.4912674],[-122.7438428,45.4921213],[-122.7438495,45.4923042],[-122.7438587,45.4925555],[-122.7438563,45.4927842],[-122.7438594,45.492868],[-122.7438521,45.4935542],[-122.7438519,45.4941411],[-122.7438509,45.494408],[-122.7438604,45.4946669],[-122.7438588,45.4949185],[-122.743855,45.4959934],[-122.7438542,45.4962678],[-122.743854,45.4965575],[-122.7438607,45.4976245],[-122.7438527,45.4979982],[-122.7447315,45.4980114],[-122.7464024,45.4980395],[-122.7464105,45.4979631],[-122.7469995,45.4980583],[-122.7470301,45.4980043],[-122.7477127,45.4979909],[-122.7477047,45.4980673],[-122.7503627,45.4981064],[-122.7504825,45.4981193],[-122.7506751,45.4983442],[-122.7508374,45.4983334],[-122.7509571,45.4983463],[-122.7510423,45.4980092],[-122.7513262,45.4980646],[-122.7514468,45.4981003],[-122.7515019,45.4981221],[-122.751568,45.4981513],[-122.7517336,45.4982319],[-122.7519887,45.4983869],[-122.7521424,45.4984373],[-122.7528996,45.4986815],[-122.7530968,45.4984413],[-122.7531376,45.4983719],[-122.7531798,45.4983406],[-122.7532714,45.4981787],[-122.7533342,45.4981165],[-122.7533678,45.4981463],[-122.7536204,45.4982328],[-122.7538952,45.4983341],[-122.7539911,45.4982865],[-122.7541382,45.4981616],[-122.7549087,45.4981769],[-122.7550393,45.4981895],[-122.7551046,45.4981959],[-122.7551921,45.498217],[-122.7553549,45.4982214],[-122.7555716,45.4982172],[-122.755832,45.4982196],[-122.7559839,45.4982243],[-122.7560598,45.4982228],[-122.7563418,45.4982248],[-122.7574162,45.4982493],[-122.7573609,45.497633],[-122.757784,45.4976399],[-122.757849,45.4976386],[-122.7578502,45.498256],[-122.758078,45.4982591],[-122.758165,45.498265],[-122.7582736,45.4982705],[-122.7583278,45.4982694],[-122.7583691,45.4976283],[-122.7583674,45.4975826],[-122.7585311,45.4976099],[-122.7587062,45.4976521],[-122.7588923,45.4977018],[-122.7590463,45.4977597],[-122.7593653,45.497883],[-122.7596199,45.4980228],[-122.7598183,45.4981104],[-122.7600609,45.4982199],[-122.760281,45.498307],[-122.7603691,45.4983434],[-122.7604566,45.4983645],[-122.7606322,45.4984221],[-122.7608729,45.4984783],[-122.7609493,45.498492],[-122.7610696,45.4985201],[-122.7614563,45.498421],[-122.7615535,45.4984114],[-122.7618013,45.4983684],[-122.7621781,45.4982924],[-122.7623503,45.4982585],[-122.7624036,45.4982345],[-122.7626086,45.4982076],[-122.7627059,45.4981981],[-122.7628576,45.4981951],[-122.7638689,45.4982741],[-122.7638749,45.4984341],[-122.7638878,45.4990742],[-122.7639464,45.5009482],[-122.7641095,45.5009602],[-122.764446,45.5009688],[-122.7646641,45.5010026],[-122.7646619,45.5015286],[-122.7646727,45.5018181],[-122.7643259,45.501825],[-122.7642757,45.5019327],[-122.7643384,45.5021601],[-122.764642,45.5021617],[-122.7646353,45.5025659],[-122.7641945,45.5026661],[-122.7642993,45.5028622],[-122.7643119,45.5029077],[-122.7642957,45.5033501],[-122.7642834,45.5050655],[-122.7644363,45.505093],[-122.7644907,45.5050995],[-122.7644924,45.5051452],[-122.7644912,45.5054044],[-122.7644495,45.5057407],[-122.7644334,45.5058934],[-122.7644083,45.5060921],[-122.7616492,45.5059714],[-122.7610198,45.505961],[-122.7605858,45.5059543],[-122.7599889,45.5059433],[-122.7595221,45.5059296],[-122.7591645,45.5059367],[-122.7586879,45.5059537],[-122.7584062,45.5059593],[-122.7583195,45.505961],[-122.7583201,45.5077371],[-122.7583263,45.5079047],[-122.7551918,45.5078979],[-122.7510934,45.5079253],[-122.7510897,45.5084132],[-122.7501899,45.5084233],[-122.7472953,45.5084497],[-122.7473253,45.5086778],[-122.7466106,45.5087071],[-122.746406,45.5084519],[-122.7460376,45.5084592],[-122.7457537,45.5081141],[-122.7451088,45.5082716],[-122.7451632,45.5106335],[-122.7452045,45.5123478],[-122.7438587,45.5123208],[-122.7438551,45.5125191],[-122.7438595,45.5144094],[-122.7438549,45.5157587],[-122.7438608,45.5159186],[-122.743856,45.5166734],[-122.743537,45.5168473],[-122.7431555,45.5170911],[-122.7422777,45.5177028],[-122.7414918,45.5181603],[-122.7409688,45.5183916],[-122.7388995,45.5190495],[-122.7384173,45.5192114],[-122.7374199,45.5195205],[-122.7371403,45.519587],[-122.7363068,45.5196338],[-122.73563,45.5195174],[-122.7350833,45.5193985],[-122.7335527,45.5190701],[-122.7335721,45.5190087],[-122.7335699,45.5189478],[-122.7335452,45.5188644],[-122.7334504,45.5186452],[-122.7332519,45.5182604],[-122.7331396,45.5181559],[-122.7330723,45.5180962],[-122.7329725,45.5180372],[-122.7328514,45.5179862],[-122.732644,45.5179521],[-122.7324814,45.5179553],[-122.7321363,45.5180077],[-122.7318656,45.5180206],[-122.7316152,45.517995],[-122.7315168,45.5179741],[-122.7314292,45.5179529],[-122.7313189,45.5179017],[-122.7312302,45.5178501],[-122.731141,45.5177832],[-122.7310732,45.5177083],[-122.7310268,45.5176254],[-122.7309909,45.5175346],[-122.7309764,45.5174358],[-122.7309839,45.5173442],[-122.731381,45.5160406],[-122.7313946,45.5158193],[-122.7313673,45.5156674],[-122.7312751,45.5155168],[-122.7311397,45.5153746],[-122.730973,45.5152635],[-122.7308182,45.5151827],[-122.7305883,45.5151262],[-122.7302846,45.5151245],[-122.7300364,45.5151598],[-122.7293811,45.5153326],[-122.7281783,45.5156609],[-122.7280165,45.5156869],[-122.727832,45.5156829],[-122.7276575,45.5156558],[-122.7275143,45.5155976],[-122.7273923,45.5155238],[-122.727302,45.5154265],[-122.7272328,45.5153135],[-122.7271959,45.5151922],[-122.7272025,45.5150778],[-122.7272414,45.5149551],[-122.7274621,45.5147602],[-122.7276761,45.5146798],[-122.7278917,45.5146451],[-122.728153,45.5146705],[-122.7286774,45.5147747],[-122.7288844,45.5148011],[-122.7291009,45.5147893],[-122.7293266,45.5147315],[-122.7295934,45.514612],[-122.7296248,45.5145809],[-122.7297826,45.5144482],[-122.7298529,45.5142944],[-122.7298699,45.5141645],[-122.7298412,45.5139745],[-122.7296495,45.5134752],[-122.7296005,45.5133237],[-122.7295741,45.5131946],[-122.7296011,45.5130416],[-122.7296589,45.5128423],[-122.7297511,45.5126957],[-122.7298556,45.512587],[-122.7300237,45.5124389],[-122.7303436,45.5122878],[-122.7306012,45.5122142],[-122.7309258,45.5121926],[-122.7315433,45.5121729],[-122.7317484,45.5121461],[-122.7319204,45.5121046],[-122.7321341,45.5120166],[-122.7322811,45.5118841],[-122.7326779,45.5114648],[-122.732859,45.5113774],[-122.7330305,45.5113207],[-122.7331917,45.5112795],[-122.7333862,45.5112604],[-122.7336257,45.5112862],[-122.7344,45.5114007],[-122.7346717,45.5114182],[-122.7348771,45.511399],[-122.735113,45.5113258],[-122.7352728,45.5112464],[-122.7354204,45.5111292],[-122.7355348,45.5109974],[-122.735616,45.5108434],[-122.735632,45.5106906],[-122.7355806,45.5104706],[-122.7353888,45.5099712],[-122.7353632,45.509865],[-122.7353582,45.5097279],[-122.7353554,45.5096517],[-122.7353734,45.5095523],[-122.7354029,45.5094679],[-122.7354437,45.5093985],[-122.7355368,45.5092747],[-122.7357355,45.5090726],[-122.7359969,45.5088084],[-122.7339559,45.5087491],[-122.733566,45.5087644],[-122.7331,45.5087735],[-122.7327746,45.5087722],[-122.7326334,45.5087673],[-122.7320279,45.5088173],[-122.7318984,45.508835],[-122.7313482,45.5089144],[-122.7301858,45.5091581],[-122.7290343,45.5094016],[-122.7289376,45.5094263],[-122.7283346,45.5095448],[-122.7276429,45.5096116],[-122.7268081,45.5096203],[-122.7258722,45.5095318],[-122.725118,45.5093711],[-122.724405,45.5091487],[-122.723897,45.5088994],[-122.7238309,45.5088702],[-122.7231912,45.5085778],[-122.7230812,45.5085342],[-122.7229931,45.5084978],[-122.7229267,45.508461],[-122.7229314,45.5082932],[-122.7229301,45.5079578],[-122.7229262,45.5078512],[-122.7229157,45.5060754],[-122.7229121,45.5053819],[-122.7228977,45.505283],[-122.7230266,45.50525],[-122.7232423,45.5052154],[-122.7234148,45.5051891],[-122.7234907,45.5051877],[-122.7236641,45.5051843],[-122.7238914,45.5051723],[-122.7241084,45.5051757],[-122.7242387,45.5051807],[-122.7244343,45.5051922],[-122.7245757,45.5052047],[-122.7248483,45.5052451],[-122.7250009,45.505265],[-122.7250665,45.505279],[-122.7251645,45.5052923],[-122.7252838,45.50529],[-122.7253702,45.5052807],[-122.7254671,45.5052635],[-122.7255636,45.5052312],[-122.7256808,45.5051755],[-122.725777,45.5051356],[-122.7258737,45.5051108],[-122.7258773,45.5040208],[-122.7258723,45.5032891],[-122.7260348,45.5032859],[-122.7262349,45.503122],[-122.7263644,45.5031042],[-122.7272152,45.5026455],[-122.7275606,45.5026007],[-122.7277109,45.5025597],[-122.7279454,45.5024484],[-122.7285658,45.5022152],[-122.7285541,45.5013008],[-122.7286191,45.5012995],[-122.7286177,45.5009642],[-122.729735,45.5009729],[-122.7297272,45.5007596],[-122.7297077,45.4999291],[-122.7297085,45.4996547],[-122.7297074,45.499327],[-122.7297118,45.4988543],[-122.729721,45.4985111],[-122.7297493,45.4983962],[-122.7295934,45.4982849],[-122.7292589,45.4980323],[-122.7291364,45.4979432],[-122.7288652,45.4979409],[-122.7278572,45.4979529],[-122.7272674,45.4981321],[-122.7269329,45.4981768],[-122.7266753,45.4982504],[-122.726438,45.4982855],[-122.7262649,45.4982965],[-122.7261344,45.4982838],[-122.7260252,45.498263],[-122.725774,45.4982146],[-122.7256109,45.4982025],[-122.7254592,45.4982055],[-122.7251353,45.4982423],[-122.7248655,45.498278],[-122.7246607,45.4983125],[-122.7244246,45.4983781],[-122.7240075,45.4985386],[-122.723249,45.4988507],[-122.7228964,45.4989947],[-122.7224488,45.4992092],[-122.7221326,45.499162],[-122.7214791,45.4990833],[-122.7206515,45.498985],[-122.7205645,45.4989791],[-122.7204234,45.4989742],[-122.7203045,45.4989841],[-122.7199922,45.4990436],[-122.7196268,45.4991345],[-122.7192728,45.4992405],[-122.7190275,45.4993519],[-122.718836,45.4994547],[-122.7183161,45.4997697],[-122.7182533,45.4998319],[-122.7181908,45.4999017],[-122.7180455,45.5000799],[-122.7178582,45.5002969],[-122.7177843,45.5003517],[-122.7176973,45.5003458],[-122.7176201,45.5003092],[-122.7170908,45.5000679],[-122.7168624,45.5000495],[-122.7164226,45.50018],[-122.7162834,45.5002284],[-122.7158046,45.5004816],[-122.7150388,45.5008928],[-122.7149115,45.5009715],[-122.7147531,45.5010889],[-122.714204,45.5014959],[-122.7140128,45.5016063],[-122.7136854,45.5018489],[-122.7136215,45.5018806],[-122.7135435,45.5018212],[-122.7134551,45.5017771],[-122.7131259,45.5016692],[-122.7130159,45.5016256],[-122.7129489,45.5015735],[-122.7129136,45.501498],[-122.7128303,45.5012938],[-122.7127234,45.5010367],[-122.712654,45.5009161],[-122.7123487,45.5005714],[-122.7123143,45.5005187],[-122.7122898,45.500443],[-122.7122773,45.5003975],[-122.712276,45.5003594],[-122.7122685,45.5001537],[-122.7122613,45.4999557],[-122.712258,45.4998643],[-122.7122978,45.4997644],[-122.7124081,45.4995184],[-122.7125794,45.4991568],[-122.7129215,45.4984261],[-122.7130224,45.4982184],[-122.7130616,45.4981033],[-122.7130583,45.4980119],[-122.7130336,45.4979285],[-122.7129531,45.4978005],[-122.7122412,45.4970063],[-122.7119226,45.4965933],[-122.7116946,45.4962852],[-122.711649,45.4962251],[-122.7116357,45.4961568],[-122.7116321,45.4960578],[-122.7116616,45.4959733],[-122.7117027,45.4959116],[-122.7117655,45.4958494],[-122.7118392,45.495787],[-122.7119545,45.495678],[-122.7119962,45.4956315],[-122.7120481,45.4955695],[-122.7121299,45.4954307],[-122.7121682,45.4952928],[-122.7121858,45.4951781],[-122.71218,45.4950182],[-122.712074,45.4944867],[-122.7119951,45.4941071],[-122.7118399,45.4937137],[-122.7117936,45.4936308],[-122.7117586,45.4935629],[-122.7117019,45.4934954],[-122.7116455,45.4934355],[-122.7115783,45.4933758],[-122.7115117,45.4933314],[-122.711423,45.4932797],[-122.7113564,45.4932353],[-122.7112575,45.4931991],[-122.7111589,45.4931705],[-122.7110055,45.4931278],[-122.7109177,45.493099],[-122.7108405,45.4930624],[-122.7107739,45.4930179],[-122.7107175,45.492958],[-122.7106825,45.4928901],[-122.7106695,45.4928294],[-122.7106667,45.4927532],[-122.7106962,45.4926688],[-122.7107676,45.4925455],[-122.7108176,45.4924302],[-122.7108243,45.4923157],[-122.7108313,45.4922089],[-122.7107835,45.4920878],[-122.7107033,45.4919674],[-122.7106016,45.4918551],[-122.7104878,45.4917048],[-122.7104314,45.4916449],[-122.7104064,45.491554],[-122.7103806,45.4914401],[-122.7103933,45.4905938],[-122.710394,45.4900145],[-122.7103847,45.4894583],[-122.7103862,45.4891991],[-122.7103805,45.4887419],[-122.7104016,45.4878269],[-122.7104081,45.4874075],[-122.710412,45.4872169],[-122.7103873,45.4862341],[-122.7103891,45.4856853],[-122.7103874,45.4856396],[-122.710382,45.48519],[-122.7105106,45.4851494],[-122.7110728,45.485108],[-122.7112126,45.4850748],[-122.7113298,45.4850192],[-122.7114254,45.484964],[-122.7114879,45.4848942],[-122.7116557,45.4847385],[-122.7117871,45.484774],[-122.711896,45.4847872],[-122.7125046,45.4848287],[-122.7128518,45.4848372],[-122.7128974,45.4846001],[-122.7129363,45.4844774],[-122.7129671,45.484431],[-122.7129601,45.4836385],[-122.7129588,45.4833031],[-122.7129822,45.4830511],[-122.7130086,45.4828829]]]}},{"type":"Feature","properties":{"boundary_id":"b-elementary-10","school_name":null,"review_status":"unverified"},"geometry":{"type":"Polygon","coordinates":[[[-122.6749193,45.4541047],[-122.6749601,45.4531208],[-122.6749568,45.4530294],[-122.6749747,45.4529223],[-122.6751263,45.4529194],[-122.6753428,45.4529153],[-122.6756254,45.4529404],[-122.6763,45.4530189],[-122.6771904,45.4530705],[-122.677441,45.4531114],[-122.6777886,45.4531352],[-122.6779083,45.4531482],[-122.6781248,45.453144],[-122.6783408,45.4531246],[-122.679128,45.4530181],[-122.6796883,45.4529311],[-122.6800443,45.4528862],[-122.6803478,45.452888],[-122.6806195,45.4529133],[-122.6808821,45.4529845],[-122.6811128,45.4530715],[-122.6814219,45.4532333],[-122.6818218,45.4535076],[-122.6821987,45.4537442],[-122.6826061,45.453927],[-122.6833467,45.453425],[-122.6836961,45.4531972],[-122.6838024,45.4531418],[-122.6839524,45.4530932],[-122.6841895,45.4530582],[-122.6894568,45.4530941],[-122.6895198,45.4530395],[-122.6897205,45.4531957],[-122.6897895,45.4533087],[-122.6898713,45.4534748],[-122.6899512,45.4535876],[-122.6900289,45.4536394],[-122.6902049,45.4537123],[-122.6903471,45.4537476],[-122.6910469,45.4539247],[-122.6911879,45.4539296],[-122.6913276,45.4538964],[-122.6914551,45.4538254],[-122.6914954,45.4537408],[-122.6915143,45.4536642],[-122.6919508,45.4540521],[-122.6925142,45.4543537],[-122.6925803,45.454383],[-122.693732,45.4547723],[-122.6948714,45.4548189],[-122.695924,45.4548596],[-122.6960217,45.4548653],[-122.6961849,45.454885],[-122.6966525,45.4549294],[-122.697558,45.4551024],[-122.6980167,45.4552003],[-122.6982462,45.4552568],[-122.6998568,45.4548446],[-122.6999317,45.4548203],[-122.7002566,45.454814],[-122.7003251,45.4549117],[-122.7004031,45.4549712],[-122.7005805,45.4550821],[-122.700691,45.4551409],[-122.7007787,45.4551697],[-122.7014003,45.4552796],[-122.7019783,45.4553828],[-122.7022515,45.4554461],[-122.7024058,45.4555193],[-122.7025299,45.4556541],[-122.7026281,45.4556751],[-122.702632,45.4557817],[-122.7026352,45.4561704],[-122.7026324,45.4575958],[-122.7026275,45.4580608],[-122.7029537,45.4580926],[-122.70329,45.4581013],[-122.703561,45.4581037],[-122.7037884,45.4580993],[-122.7045364,45.4581077],[-122.7047424,45.4581113],[-122.7049154,45.4581003],[-122.7052394,45.4580712],[-122.7058311,45.457953],[-122.7065847,45.4578164],[-122.7078654,45.4575705],[-122.707871,45.458325],[-122.7078689,45.458569],[-122.7078733,45.4586908],[-122.7083938,45.4583987],[-122.710008,45.4574908],[-122.7102738,45.4573485],[-122.711113,45.4568824],[-122.7119521,45.4564164],[-122.7120371,45.456369],[-122.7126747,45.4560213],[-122.7141836,45.4551992],[-122.7149275,45.454796],[-122.715299,45.4545829],[-122.7154586,45.4545036],[-122.7174535,45.4545333],[-122.7178544,45.4545331],[-122.718375,45.4545458],[-122.718669,45.4545858],[-122.7191043,45.4546383],[-122.7205675,45.4546479],[-122.7211758,45.4546894],[-122.7220104,45.4546959],[-122.7224549,45.4547025],[-122.7231593,45.454704],[-122.72446,45.4547166],[-122.7254681,45.4547274],[-122.72627,45.454727],[-122.7264107,45.4547242],[-122.7264354,45.4548076],[-122.7264937,45.4561099],[-122.7265201,45.4562389],[-122.7265576,45.4563754],[-122.7267342,45.4567607],[-122.7270432,45.4575093],[-122.7271076,45.45779],[-122.7271093,45.4578357],[-122.7271254,45.4579802],[-122.7271098,45.4581482],[-122.727081,45.4582479],[-122.7270829,45.4583012],[-122.7270735,45.4583395],[-122.7270654,45.4584159],[-122.7270477,45.458523],[-122.7270279,45.4585767],[-122.7270002,45.4587068],[-122.7269313,45.4588987],[-122.7264912,45.4596086],[-122.7263579,45.459817],[-122.7262544,45.4599486],[-122.7260767,45.4601274],[-122.7258445,45.4602996],[-122.7254736,45.460528],[-122.7251018,45.4607334],[-122.7250276,45.4607806],[-122.7249538,45.4608354],[-122.7248802,45.4608978],[-122.7247758,45.4610066],[-122.7246611,45.4611308],[-122.7244767,45.461424],[-122.7243562,45.4616855],[-122.7242643,45.4618398],[-122.7240974,45.4620183],[-122.7240452,45.4620727],[-122.7238872,45.4621978],[-122.7237808,45.4622532],[-122.7236639,45.4623165],[-122.7235476,45.462395],[-122.7234429,45.4624961],[-122.7233915,45.4625733],[-122.7233412,45.462681],[-122.7233118,45.4627654],[-122.7232843,45.4629032],[-122.7232657,45.4623928],[-122.7232899,45.4618664],[-122.7206451,45.4618495],[-122.7195066,45.4618336],[-122.7193764,45.4618285],[-122.7192242,45.4618162],[-122.718173,45.4618138],[-122.7155825,45.4618033],[-122.7148778,45.4617941],[-122.7133484,45.4617553],[-122.7129799,45.4617548],[-122.7129155,45.4617713],[-122.7127964,45.4617737],[-122.7078849,45.461709],[-122.7078731,45.4613814],[-122.7078585,45.4609778],[-122.7078555,45.460894],[-122.7078724,45.4607641],[-122.7078719,45.4598494],[-122.7070126,45.4603615],[-122.7065558,45.4606143],[-122.7057698,45.4610564],[-122.705526,45.4612059],[-122.705048,45.4614743],[-122.7041043,45.462049],[-122.7037118,45.4622853],[-122.7034783,45.4624194],[-122.7027145,45.4628762],[-122.7022257,45.4631448],[-122.7017693,45.4634128],[-122.7016096,45.4634921],[-122.7012699,45.4636892],[-122.7003464,45.4642254],[-122.6994132,45.4647922],[-122.6992001,45.4648954],[-122.698966,45.4650143],[-122.6980316,45.4655506],[-122.6975008,45.4658581],[-122.6973944,45.4659135],[-122.6968097,45.4662297],[-122.6956211,45.4669309],[-122.6953025,45.4671124],[-122.6948883,45.467349],[-122.6943786,45.4676409],[-122.6931464,45.4683353],[-122.6921807,45.4689103],[-122.6918832,45.4690761],[-122.6909487,45.4696124],[-122.6907679,45.4697073],[-122.6904812,45.4698729],[-122.6902262,45.470015],[-122.6899075,45.4701964],[-122.689653,45.4703537],[-122.6894722,45.4704487],[-122.6893122,45.4705203],[-122.6890775,45.4706239],[-122.6889597,45.4706643],[-122.6887889,45.4707362],[-122.6886172,45.4707852],[-122.6885205,45.4708099],[-122.6884669,45.4708262],[-122.6882303,45.4708765],[-122.6876928,45.4710011],[-122.6873582,45.4710381],[-122.6866236,45.4711055],[-122.6860812,45.4710931],[-122.6859943,45.4710871],[-122.6856149,45.4710868],[-122.6858179,45.4707018],[-122.6858988,45.4705402],[-122.6859808,45.470409],[-122.6849808,45.4703291],[-122.6845121,45.4702543],[-122.6845067,45.4701019],[-122.6844982,45.4698658],[-122.6844898,45.4696297],[-122.6847096,45.4694121],[-122.6841016,45.4690808],[-122.6836905,45.468799],[-122.6834369,45.4689792],[-122.6832032,45.4688084],[-122.6829908,45.4686295],[-122.6832887,45.4684714],[-122.6829296,45.4681277],[-122.6823721,45.4682984],[-122.6818571,45.4684455],[-122.6817849,45.4688508],[-122.6815461,45.4688401],[-122.6815138,45.4685435],[-122.6811494,45.4686572],[-122.6808821,45.4684565],[-122.6807829,45.4681078],[-122.6808227,45.468008],[-122.6805834,45.4679821],[-122.680584,45.4683022],[-122.6800746,45.4683043],[-122.6800776,45.4683881],[-122.6789721,45.4683864],[-122.6786686,45.4683846],[-122.678537,45.4683413],[-122.6781357,45.4683338],[-122.6781457,45.4680059],[-122.6753928,45.4680051],[-122.6753931,45.4683176],[-122.674515,45.4683115],[-122.6729744,45.4679598],[-122.6729094,45.4682659],[-122.6727727,45.4686877],[-122.6727164,45.4689327],[-122.6726227,45.4693461],[-122.6728187,45.4693728],[-122.6728745,45.4694175],[-122.6729195,45.4694623],[-122.6729541,45.4695226],[-122.673066,45.4699245],[-122.6731128,45.4700226],[-122.673158,45.4700751],[-122.6732247,45.4701196],[-122.6732799,45.470149],[-122.6733346,45.4701632],[-122.6738255,45.4702529],[-122.673956,45.4702657],[-122.6740321,45.4702719],[-122.6742152,45.4702379],[-122.6743246,45.4702663],[-122.6743941,45.4703945],[-122.6745634,45.4705818],[-122.6747077,45.4706781],[-122.6748095,45.4707981],[-122.674868,45.470919],[-122.6748737,45.4710789],[-122.6748754,45.4711246],[-122.6748878,45.4711701],[-122.6749219,45.4712152],[-122.6750113,45.4712897],[-122.675245,45.4714605],[-122.6753011,45.4715128],[-122.6753133,45.4715507],[-122.6752957,45.4716653],[-122.6752667,45.471765],[-122.6752835,45.4719323],[-122.6753103,45.4720766],[-122.6753694,45.4722127],[-122.6754379,45.4723105],[-122.6755167,45.4723928],[-122.6758297,45.4726612],[-122.6759316,45.4727812],[-122.6759668,45.4728567],[-122.6759909,45.4729249],[-122.6760055,45.4730313],[-122.6770353,45.4730345],[-122.677005,45.4737058],[-122.6770206,45.4744448],[-122.6772264,45.4744408],[-122.6777468,45.4744461],[-122.678137,45.4744463],[-122.6783212,45.4744428],[-122.6790361,45.4744291],[-122.6793827,45.4744225],[-122.6795868,45.4758896],[-122.6796134,45.4760262],[-122.6797435,45.4769384],[-122.6798126,45.4773562],[-122.6800945,45.47918],[-122.6801661,45.4796664],[-122.6802767,45.480335],[-122.6803079,45.4806012],[-122.6804525,45.481917],[-122.6806885,45.4830633],[-122.6807157,45.4832152],[-122.680755,45.483405],[-122.6808062,45.4836251],[-122.6808769,45.4837838],[-122.6809576,45.4839194],[-122.6832792,45.4839665],[-122.6847325,45.4839844],[-122.6847452,45.4840375],[-122.6847482,45.4841213],[-122.6847407,45.4842129],[-122.6847217,45.4842895],[-122.684608,45.4844441],[-122.6845338,45.4844912],[-122.6844068,45.4845775],[-122.6840884,45.4847665],[-122.6839405,45.484876],[-122.683856,45.4849386],[-122.6837832,45.4850239],[-122.6836892,45.4851247],[-122.6836069,45.4852483],[-122.6835782,45.4853555],[-122.6835704,45.4854395],[-122.6835626,45.4855235],[-122.6835878,45.4856221],[-122.6836119,45.4856902],[-122.6836352,45.4857355],[-122.6836926,45.4858259],[-122.6837715,45.4859082],[-122.6838725,45.4860054],[-122.6840822,45.486108],[-122.6851144,45.486477],[-122.6854663,45.4866151],[-122.6855887,45.4867042],[-122.6857014,45.486824],[-122.6857248,45.4868693],[-122.68576,45.4869448],[-122.6857958,45.4870356],[-122.6858115,45.4871725],[-122.6857733,45.487318],[-122.6857138,45.4874716],[-122.6855484,45.4880006],[-122.6855339,45.4881991],[-122.6855282,45.488344],[-122.6855415,45.4884123],[-122.685557,45.4885416],[-122.685583,45.4886631],[-122.6855955,45.4887086],[-122.6856204,45.4887995],[-122.6856676,45.4889053],[-122.6858984,45.4892973],[-122.6860147,45.4895161],[-122.6860621,45.4896295],[-122.6860865,45.4897052],[-122.6861874,45.4900996],[-122.6862581,45.4902583],[-122.686315,45.4903334],[-122.6863614,45.4904164],[-122.685678,45.4904066],[-122.6852985,45.4904063],[-122.6847021,45.4904024],[-122.6847252,45.489838],[-122.684726,45.489556],[-122.6841401,45.4895443],[-122.6826,45.489528],[-122.6822419,45.4895197],[-122.6820738,45.4896677],[-122.6820212,45.4897144],[-122.6817886,45.4898789],[-122.6816296,45.489981],[-122.6815657,45.4900127],[-122.6815018,45.4900445],[-122.6812778,45.4901478],[-122.6809669,45.4902452],[-122.6803328,45.4904021],[-122.6794181,45.4905949],[-122.6789352,45.4907337],[-122.6785181,45.4908941],[-122.6781359,45.4911224],[-122.6780514,45.491185],[-122.6778399,45.4913338],[-122.6776606,45.4914744],[-122.6775664,45.4915677],[-122.6774198,45.4917153],[-122.6773364,45.4918083],[-122.6772844,45.4918703],[-122.6771498,45.4920482],[-122.6769557,45.4923796],[-122.6769066,45.4925254],[-122.6768801,45.4926935],[-122.6768647,45.4928691],[-122.676856,45.4929303],[-122.6768693,45.4933035],[-122.676871,45.4933492],[-122.6769864,45.49385],[-122.677103,45.4943813],[-122.6772799,45.4947818],[-122.6774105,45.4950995],[-122.6778497,45.495556],[-122.6779957,45.495698],[-122.6781092,45.4958407],[-122.6783251,45.4961185],[-122.6783937,45.4962163],[-122.6784969,45.4963744],[-122.678543,45.4964497],[-122.6786362,45.4966309],[-122.6786709,45.4966912],[-122.6787996,45.4969555],[-122.6788597,45.497122],[-122.6789188,45.4972581],[-122.678999,45.4973785],[-122.6793689,45.4980193],[-122.679752,45.4987284],[-122.6801788,45.4994443],[-122.6805406,45.5001615],[-122.6798899,45.5001586],[-122.6793909,45.5001529],[-122.6788699,45.50014],[-122.6785237,45.5001618],[-122.6783289,45.5001732],[-122.6780369,45.500194],[-122.6777988,45.5002061],[-122.6776907,45.5002158],[-122.6775067,45.5002269],[-122.6769549,45.5002603],[-122.6767926,45.500271],[-122.6766304,45.5002817],[-122.6762408,45.5003044],[-122.6752466,45.5003995],[-122.6743391,45.500493],[-122.6742307,45.5004951],[-122.674014,45.5004992],[-122.6737653,45.5005192],[-122.6734841,45.5005398],[-122.6732788,45.5005589],[-122.6729759,45.5005799],[-122.6727919,45.5005911],[-122.6725002,45.5006195],[-122.6716457,45.5006814],[-122.6714837,45.5006998],[-122.6713862,45.5007016],[-122.6684986,45.5009165],[-122.6683041,45.5009354],[-122.6675364,45.5009957],[-122.6673418,45.5010146],[-122.6664335,45.5010852],[-122.6659593,45.4990288],[-122.666566,45.4959611],[-122.6665952,45.4958691],[-122.6666955,45.4953337],[-122.6682041,45.4917154],[-122.669312,45.4878074],[-122.6693584,45.4857564],[-122.6692798,45.4853768],[-122.6691274,45.4847471],[-122.6691447,45.4846248],[-122.6691046,45.4844122],[-122.6688414,45.4834112],[-122.6675019,45.476524],[-122.666455,45.4711555],[-122.6657251,45.4655524],[-122.6656312,45.4653484],[-122.6651948,45.4643507],[-122.6639453,45.4615088],[-122.6649749,45.461512],[-122.666438,45.4615147],[-122.6667954,45.4615079],[-122.6676842,45.4615138],[-122.6681287,45.4615206],[-122.6744788,45.4615137],[-122.6745877,45.4615269],[-122.6746541,45.4597422],[-122.6747228,45.4586281],[-122.674712,45.4583235],[-122.6747103,45.4582778],[-122.6747806,45.4572094],[-122.6747779,45.4571332],[-122.6748512,45.4555389],[-122.6748636,45.4552795],[-122.6748823,45.4548905],[-122.6749193,45.4541047]]]}},{"type":"Feature","properties":{"boundary_id":"b-elementary-11","school_name":null,"review_status":"unverified"},"geometry":{"type":"Polygon","coordinates":[[[-122.6754267,45.5121409],[-122.6758144,45.5114552],[-122.6769521,45.5117308],[-122.6777634,45.5119745],[-122.6787817,45.5122447],[-122.679603,45.5124653],[-122.6797572,45.512531],[-122.6808085,45.5128158],[-122.6818268,45.513086],[-122.6828454,45.5133638],[-122.6838096,45.5136351],[-122.6843242,45.51377],[-122.6853422,45.5140326],[-122.6863497,45.514303],[-122.6873678,45.5145655],[-122.6869906,45.5152358],[-122.6880209,45.5155362],[-122.6881851,45.5155788],[-122.6883157,45.5155916],[-122.6884246,45.5156047],[-122.6886197,45.515601],[-122.688717,45.5155915],[-122.6888785,45.515558],[-122.6890925,45.5154776],[-122.6889729,45.5157696],[-122.6890677,45.5156915],[-122.6892273,45.5156046],[-122.6893979,45.5155252],[-122.6896762,45.5154207],[-122.6899339,45.5153472],[-122.6901168,45.5153056],[-122.6903544,45.5152782],[-122.690701,45.5152639],[-122.6910264,45.5152653],[-122.6918081,45.5152885],[-122.6930625,45.5154855],[-122.6934227,45.5155472],[-122.6935972,45.5155743],[-122.6939245,45.515629],[-122.6947421,45.5157429],[-122.6952115,45.5158254],[-122.6964439,45.5160151],[-122.6960681,45.5161214],[-122.6960039,45.5161455],[-122.6958969,45.5161857],[-122.6958446,45.5162401],[-122.6957929,45.5163096],[-122.6957956,45.5163858],[-122.6958542,45.5165066],[-122.6963123,45.5174811],[-122.6963798,45.5175484],[-122.6965018,45.5176222],[-122.6967452,45.5177548],[-122.6965166,45.5180335],[-122.6966147,45.5180469],[-122.6966925,45.5180987],[-122.6967603,45.5181737],[-122.6968741,45.5183239],[-122.6969089,45.5183842],[-122.6969644,45.5184213],[-122.6970511,45.5184196],[-122.6971368,45.5183875],[-122.6972424,45.5183092],[-122.6977256,45.5190774],[-122.6977964,45.5192361],[-122.6981766,45.5198538],[-122.6979304,45.5199423],[-122.6967694,45.5199341],[-122.6953592,45.5199307],[-122.6953607,45.5202736],[-122.6953722,45.5205935],[-122.695367,45.5210509],[-122.6953652,45.5213025],[-122.6967646,45.5213061],[-122.698164,45.5213098],[-122.6981513,45.5224609],[-122.6981476,45.5232613],[-122.6981433,45.5234443],[-122.6999646,45.5237142],[-122.7004988,45.5237878],[-122.700904,45.5238943],[-122.7013092,45.5240009],[-122.7019771,45.524171],[-122.7021521,45.5242133],[-122.7023153,45.5242254],[-122.7024568,45.524238],[-122.702663,45.5242416],[-122.7032804,45.5242145],[-122.7042663,45.5241803],[-122.7048402,45.524154],[-122.7054248,45.5241199],[-122.7059657,45.524079],[-122.7060521,45.5240697],[-122.7074467,45.5239361],[-122.7076521,45.5239169],[-122.70789,45.5238971],[-122.7080412,45.5238789],[-122.7082567,45.5238367],[-122.7096957,45.5234354],[-122.7099537,45.5233695],[-122.7102219,45.5232881],[-122.7102864,45.5232716],[-122.7111984,45.5229949],[-122.7116496,45.5228718],[-122.7119828,45.5227892],[-122.7123817,45.5227205],[-122.7137461,45.522656],[-122.7145261,45.5226257],[-122.7145908,45.5226168],[-122.7148616,45.522604],[-122.7150022,45.5225936],[-122.7152932,45.5225423],[-122.7155075,45.5224695],[-122.7156037,45.5224295],[-122.7157102,45.5223741],[-122.7157844,45.522327],[-122.7158908,45.5222715],[-122.7159651,45.5222244],[-122.7160496,45.5221618],[-122.7163681,45.5219727],[-122.716623,45.5218229],[-122.7167189,45.5217753],[-122.7168901,45.521711],[-122.7169866,45.5216787],[-122.7171909,45.521629],[-122.7172882,45.5216195],[-122.7173963,45.5216098],[-122.7174719,45.5216007],[-122.7176239,45.5216054],[-122.7177001,45.5216115],[-122.7180703,45.5216501],[-122.7186901,45.5216914],[-122.7189719,45.521686],[-122.7191987,45.5216587],[-122.7194244,45.521601],[-122.7196062,45.5215289],[-122.7198074,45.5213954],[-122.7205743,45.5207098],[-122.7208159,45.5204917],[-122.7208687,45.5204525],[-122.7220239,45.5194087],[-122.7221181,45.5193154],[-122.722256,45.5192289],[-122.7223944,45.5191576],[-122.7226504,45.5190383],[-122.7230592,45.5189466],[-122.7233944,45.5189172],[-122.7237529,45.5189331],[-122.7240258,45.5189811],[-122.7243332,45.5190819],[-122.7255316,45.5195235],[-122.7258071,45.5196402],[-122.72607,45.5197113],[-122.7262776,45.519753],[-122.7264738,45.5197796],[-122.7267134,45.5198055],[-122.7269416,45.5198163],[-122.727115,45.5198129],[-122.7274071,45.519792],[-122.7276336,45.5197571],[-122.7279674,45.5196896],[-122.7282354,45.5196005],[-122.7286095,45.5194484],[-122.7285733,45.5196473],[-122.728421,45.5199323],[-122.7283613,45.5200783],[-122.7283207,45.5204526],[-122.7282487,45.5205607],[-122.7284702,45.520686],[-122.7284897,45.5209219],[-122.7284697,45.520968],[-122.7284592,45.5230567],[-122.7284562,45.5244593],[-122.7284535,45.526464],[-122.7284507,45.5266851],[-122.730213,45.5265212],[-122.7303103,45.5265117],[-122.730397,45.52651],[-122.7305813,45.5265064],[-122.7307561,45.5265411],[-122.7308984,45.5265765],[-122.7310305,45.5266273],[-122.7311522,45.5266935],[-122.7312851,45.5267671],[-122.7316854,45.5270337],[-122.7319183,45.527174],[-122.732086,45.527308],[-122.7321307,45.5273452],[-122.7322327,45.5274652],[-122.7322814,45.527609],[-122.7324154,45.5280104],[-122.7324666,45.5282228],[-122.7325277,45.5284122],[-122.7326515,45.528829],[-122.7328139,45.5291155],[-122.7329732,45.5293182],[-122.7331413,45.5294674],[-122.733364,45.5296231],[-122.7336187,45.529763],[-122.7338394,45.5298654],[-122.7341799,45.5299807],[-122.7345402,45.5300423],[-122.7352146,45.5300901],[-122.7358017,45.5301244],[-122.7360413,45.5301502],[-122.7362489,45.5301919],[-122.7363804,45.5302275],[-122.7365122,45.5302706],[-122.7366554,45.5303288],[-122.73691,45.5304687],[-122.7379437,45.5311421],[-122.7382556,45.5313647],[-122.7385804,45.5316404],[-122.7390858,45.5321107],[-122.7392874,45.5322821],[-122.7394453,45.5324467],[-122.7396164,45.5326721],[-122.7397893,45.5329507],[-122.7401773,45.5337664],[-122.7402243,45.5338645],[-122.7404012,45.5342498],[-122.7404365,45.5343254],[-122.7404932,45.5343929],[-122.7405388,45.5344529],[-122.7406061,45.5345126],[-122.7406954,45.5345795],[-122.7403747,45.535005],[-122.7401638,45.5354664],[-122.7401126,45.5355513],[-122.7398258,45.5360142],[-122.7397841,45.5360608],[-122.7366063,45.5360923],[-122.736216,45.5360999],[-122.7362022,45.5372054],[-122.7374388,45.5371965],[-122.7374511,45.5372344],[-122.7374339,45.537654],[-122.737437,45.5377378],[-122.7374348,45.5382714],[-122.737423,45.5388357],[-122.7376615,45.538831],[-122.7376473,45.5402186],[-122.7385044,45.5399198],[-122.7396656,45.5408118],[-122.7399859,45.5409657],[-122.7409249,45.5414199],[-122.7414171,45.5415247],[-122.7414108,45.541944],[-122.7419572,45.5423449],[-122.7428252,45.5423432],[-122.7435781,45.5433423],[-122.7434831,45.5434128],[-122.7436382,45.5435012],[-122.7440262,45.5437223],[-122.7440807,45.5437289],[-122.7441771,45.5436965],[-122.7443586,45.5424352],[-122.7447324,45.5419782],[-122.7447902,45.5417789],[-122.7450338,45.5419113],[-122.7454276,45.5422924],[-122.7457592,45.5427508],[-122.7463291,45.5426101],[-122.7465657,45.5425521],[-122.7466448,45.5420475],[-122.7465989,45.5419798],[-122.7467601,45.5419385],[-122.7468535,45.5418223],[-122.7470181,45.5418725],[-122.7471599,45.5418926],[-122.7472686,45.5418981],[-122.7473662,45.5418962],[-122.7477563,45.5418809],[-122.747897,45.5418705],[-122.7480274,45.5418756],[-122.7481475,45.5418961],[-122.7482456,45.5419094],[-122.7483783,45.5419754],[-122.7488427,45.5422102],[-122.7489533,45.5422691],[-122.7489876,45.5423141],[-122.7490332,45.5423742],[-122.7490577,45.54245],[-122.7491317,45.5426924],[-122.7492809,45.5432078],[-122.7492951,45.543299],[-122.7492554,45.5433989],[-122.7492146,45.5434683],[-122.7491087,45.543539],[-122.7485566,45.5438699],[-122.7485143,45.5439013],[-122.7484729,45.5439554],[-122.7484652,45.5440394],[-122.7485114,45.5441148],[-122.7485559,45.5441444],[-122.7486885,45.5442104],[-122.7479114,45.5443247],[-122.747771,45.5443427],[-122.7475002,45.5443556],[-122.7474023,45.5443499],[-122.7472828,45.5443446],[-122.7470865,45.544318],[-122.7469883,45.5443046],[-122.7467584,45.5442482],[-122.7465495,45.544176],[-122.7463279,45.5440508],[-122.7461279,45.5439251],[-122.7455692,45.5434863],[-122.7454694,45.5434273],[-122.7453818,45.5434061],[-122.7452403,45.5433937],[-122.745111,45.5434191],[-122.7450256,45.5434588],[-122.7449623,45.5435058],[-122.7445745,45.5438793],[-122.7444689,45.5439576],[-122.7443301,45.5440213],[-122.7441689,45.5440625],[-122.7439734,45.5440587],[-122.7438533,45.5440382],[-122.7436442,45.5439584],[-122.7427922,45.5435101],[-122.7425377,45.5433779],[-122.7423383,45.5432674],[-122.7422941,45.5432454],[-122.7421384,45.5431418],[-122.7402572,45.5418522],[-122.7401647,45.5446514],[-122.7398936,45.5446567],[-122.7397332,45.5447208],[-122.7394382,45.5449629],[-122.7392327,45.5449821],[-122.7376851,45.5447989],[-122.7374571,45.5447957],[-122.7373206,45.5449203],[-122.7371402,45.5453278],[-122.7371664,45.5454493],[-122.7372899,45.5455612],[-122.7375293,45.5455794],[-122.737678,45.5454926],[-122.7377603,45.5453691],[-122.7378768,45.5452906],[-122.7380492,45.5452567],[-122.7383834,45.5451969],[-122.7385157,45.5452553],[-122.7386314,45.5454512],[-122.7387638,45.5455096],[-122.7389153,45.545499],[-122.7391091,45.5454571],[-122.7392078,45.5454857],[-122.7392874,45.5455832],[-122.7392479,45.5456907],[-122.7385962,45.5459702],[-122.7385348,45.5460705],[-122.7386149,45.5461833],[-122.7387247,45.5462192],[-122.7388029,45.5462787],[-122.7387973,45.5464236],[-122.7386686,45.5464642],[-122.7382017,45.5464581],[-122.7380625,45.5465066],[-122.7378837,45.5466625],[-122.7376148,45.5467287],[-122.7374664,45.5468231],[-122.7374489,45.5469377],[-122.7373541,45.5470158],[-122.7371717,45.5470727],[-122.7371314,45.5471573],[-122.7371898,45.5472705],[-122.7371609,45.5473702],[-122.7370544,45.5474256],[-122.7363826,45.547454],[-122.7361782,45.5475037],[-122.735484,45.5478068],[-122.7353013,45.5478561],[-122.7351603,45.5478589],[-122.7349735,45.5477939],[-122.7352293,45.547667],[-122.7353238,45.5475813],[-122.7353421,45.5474895],[-122.7353179,45.5474213],[-122.7352061,45.547332],[-122.7351185,45.5473109],[-122.734999,45.5473056],[-122.7345991,45.5473515],[-122.7339491,45.5473794],[-122.733862,45.5473734],[-122.7337856,45.5473597],[-122.7337082,45.5473231],[-122.7336415,45.5472786],[-122.7336181,45.5472334],[-122.7335942,45.5471728],[-122.7336034,45.5471269],[-122.7337454,45.5465601],[-122.7337652,45.5465064],[-122.7337493,45.5463695],[-122.7331771,45.5467465],[-122.7310376,45.5481829],[-122.7291941,45.5494078],[-122.7291271,45.5493558],[-122.7279361,45.5500268],[-122.7282164,45.5502728],[-122.7280816,45.5504432],[-122.7268358,45.5519917],[-122.7266073,45.5522706],[-122.7252194,45.5517106],[-122.7245856,45.552485],[-122.7240041,45.5532052],[-122.7236407,45.5536543],[-122.7233286,45.5540262],[-122.7233411,45.5549635],[-122.7233361,45.5551236],[-122.7233118,45.5571363],[-122.7233592,45.5608169],[-122.7233738,45.5624096],[-122.7101446,45.5549893],[-122.7087708,45.5542154],[-122.7028002,45.5514718],[-122.6950754,45.5479155],[-122.6947001,45.5477398],[-122.6912168,45.5444223],[-122.6896443,45.5429356],[-122.6884086,45.5417626],[-122.6872963,45.5407015],[-122.6863305,45.5400949],[-122.6844435,45.5389114],[-122.6829674,45.5379868],[-122.6828895,45.5379349],[-122.6819553,45.5372973],[-122.680097,45.5359988],[-122.6741222,45.5318366],[-122.669085,45.5277784],[-122.6690069,45.5277189],[-122.6689283,45.5276442],[-122.6688806,45.5275231],[-122.6678867,45.5230606],[-122.6681968,45.5204939],[-122.6695344,45.5178468],[-122.6709432,45.5132397],[-122.6731987,45.5138371],[-122.6732754,45.5138585],[-122.6735491,45.5139295],[-122.6738514,45.5138933],[-122.6739699,45.5138681],[-122.6740558,45.5138436],[-122.6742056,45.5137874],[-122.6742798,45.5137403],[-122.6743221,45.513709],[-122.6744684,45.5135538],[-122.6745318,45.5135069],[-122.6745849,45.5134754],[-122.6746919,45.5134352],[-122.675071,45.5128107],[-122.6754267,45.5121409]]]}},{"type":"Feature","properties":{"boundary_id":"b-elementary-12","school_name":null,"review_status":"unverified"},"geometry":{"type":"Polygon","coordinates":[[[-122.6870439,45.5409273],[-122.6872963,45.5407015],[-122.6884086,45.5417626],[-122.6896443,45.5429356],[-122.6912168,45.5444223],[-122.6947001,45.5477398],[-122.6950754,45.5479155],[-122.7028002,45.5514718],[-122.7087708,45.5542154],[-122.7101446,45.5549893],[-122.7233738,45.5624096],[-122.7293344,45.5657166],[-122.7307413,45.5664897],[-122.7307858,45.5665193],[-122.727239,45.5686765],[-122.7253064,45.5698572],[-122.7248285,45.5701484],[-122.7247219,45.5702039],[-122.7238513,45.570739],[-122.7232218,45.571338],[-122.7216169,45.5728782],[-122.7212461,45.5731292],[-122.7210447,45.5732627],[-122.721122,45.5732993],[-122.7212347,45.5734115],[-122.7202752,45.5738949],[-122.720083,45.5739825],[-122.718529,45.5745383],[-122.7183894,45.5745791],[-122.7156815,45.5750505],[-122.7140844,45.5753175],[-122.7133136,45.575317],[-122.7127163,45.5753133],[-122.7123032,45.5752983],[-122.7122056,45.5753002],[-122.7119883,45.5752968],[-122.7108895,45.575234],[-122.7098238,45.5751859],[-122.7088444,45.5751208],[-122.7079932,45.5749999],[-122.7077639,45.5749662],[-122.7066688,45.5747052],[-122.7056714,45.5744423],[-122.7046506,45.5741341],[-122.7043432,45.5740409],[-122.7040907,45.5739619],[-122.7036278,45.5737726],[-122.7033177,45.5736032],[-122.7026197,45.5732126],[-122.7026234,45.5736165],[-122.7026172,45.5746456],[-122.7026184,45.5758803],[-122.7026171,45.5770464],[-122.7025667,45.5771541],[-122.7019697,45.5771579],[-122.7012748,45.5771559],[-122.7008297,45.5771568],[-122.700265,45.5771524],[-122.6997114,45.5771553],[-122.6991141,45.5771515],[-122.6987124,45.5771515],[-122.6979849,45.5771501],[-122.6977025,45.5771479],[-122.6973117,45.5771477],[-122.697051,45.5771451],[-122.6963019,45.5771441],[-122.695292,45.5771405],[-122.6946516,45.5771451],[-122.6942716,45.5771447],[-122.693251,45.5771413],[-122.6922303,45.5771379],[-122.6917309,45.5771397],[-122.6912099,45.577142],[-122.6906997,45.5771441],[-122.6901786,45.5771464],[-122.6899071,45.5771439],[-122.6896681,45.5771408],[-122.6893752,45.5771464],[-122.6891471,45.5771431],[-122.6888433,45.5771489],[-122.6886369,45.5771452],[-122.6883006,45.5771516],[-122.6881158,45.5771475],[-122.6877684,45.5771465],[-122.6876056,45.5771495],[-122.6872259,45.5771568],[-122.6866718,45.5771444],[-122.6860531,45.5771485],[-122.6855968,45.5771419],[-122.685043,45.5771372],[-122.6845219,45.5771395],[-122.6840226,45.5771413],[-122.683013,45.5771452],[-122.6818947,45.5771435],[-122.6799862,45.5772101],[-122.6796279,45.5772093],[-122.6785541,45.5772372],[-122.6784345,45.5772319],[-122.6784906,45.5730314],[-122.678511,45.5717811],[-122.6783806,45.571776],[-122.6781633,45.5717725],[-122.6775119,45.5717695],[-122.6765786,45.5717796],[-122.6756774,45.5717737],[-122.6746676,45.57177],[-122.6736034,45.5717596],[-122.6726042,45.5717479],[-122.6715725,45.5717369],[-122.6715622,45.5720572],[-122.6705739,45.5720453],[-122.6695967,45.5720409],[-122.6685867,45.5720294],[-122.6686005,45.5718082],[-122.6675691,45.5718047],[-122.6666247,45.5718073],[-122.6661254,45.571809],[-122.6656044,45.5718112],[-122.6650614,45.5718062],[-122.6649963,45.5718074],[-122.6642472,45.5718062],[-122.6641387,45.5718083],[-122.6641392,45.5699868],[-122.6645297,45.5699795],[-122.6645382,45.5689962],[-122.6645475,45.5677309],[-122.6645669,45.5664425],[-122.6645754,45.5651544],[-122.664585,45.5638967],[-122.664609,45.5627378],[-122.6651516,45.5627353],[-122.6656837,45.5627405],[-122.6662154,45.5627381],[-122.6667581,45.5627355],[-122.667279,45.5627333],[-122.6678322,45.5627229],[-122.6679518,45.5627282],[-122.6685703,45.5627242],[-122.6693627,45.5627245],[-122.6694929,45.562722],[-122.6699487,45.5627211],[-122.6704913,45.5627185],[-122.671034,45.5627158],[-122.6716417,45.562712],[-122.6727812,45.5627057],[-122.6727847,45.5618902],[-122.6727917,45.5611736],[-122.6738118,45.5611696],[-122.6748211,45.5611658],[-122.6748281,45.5604492],[-122.6748462,45.5597401],[-122.6748535,45.5590312],[-122.6748526,45.5583986],[-122.6748174,45.5583231],[-122.6747818,45.5582399],[-122.6747991,45.5568982],[-122.6747952,45.555877],[-122.675303,45.5555092],[-122.6758564,45.5555063],[-122.6764315,45.5555031],[-122.6764442,45.5546416],[-122.6769759,45.5546392],[-122.6774645,45.5546452],[-122.6783872,45.5546505],[-122.6785933,45.5546466],[-122.6786046,45.5543568],[-122.6786495,45.5534871],[-122.6786342,45.5527557],[-122.6786447,45.5521382],[-122.6786567,45.5509567],[-122.6786638,45.5508498],[-122.6786783,45.5497368],[-122.6786807,45.5495005],[-122.6786821,45.5480219],[-122.6795028,45.5466954],[-122.6798598,45.5463609],[-122.6805318,45.5457308],[-122.6806264,45.5456452],[-122.6806789,45.5455985],[-122.6807838,45.5454974],[-122.6809955,45.5453486],[-122.6811755,45.5452232],[-122.6818532,45.5447531],[-122.682594,45.5442283],[-122.6830491,45.5439072],[-122.6833562,45.5436956],[-122.6839384,45.5432882],[-122.6849652,45.5425675],[-122.68505,45.5425125],[-122.685272,45.5423482],[-122.6856655,45.5421273],[-122.6870439,45.5409273]]]}},{"type":"Feature","properties":{"boundary_id":"b-elementary-13","school_name":null,"review_status":"unverified"},"geometry":{"type":"Polygon","coordinates":[[[-122.5582844,45.4915556],[-122.5583124,45.4898178],[-122.5596688,45.4898543],[-122.560873,45.4898783],[-122.5621969,45.4899153],[-122.5634228,45.4899389],[-122.565137,45.4899764],[-122.5656795,45.4899895],[-122.5660593,45.4899978],[-122.5666023,45.4900261],[-122.568576,45.4900437],[-122.5695197,45.490057],[-122.5704527,45.4900782],[-122.5713967,45.4900992],[-122.5722106,45.4901225],[-122.5723083,45.4901284],[-122.5732636,45.4901644],[-122.5738711,45.4901762],[-122.574045,45.4901883],[-122.574926,45.4902713],[-122.5757713,45.4902635],[-122.5767687,45.4902606],[-122.5767608,45.4909847],[-122.5767946,45.4910222],[-122.5767795,45.491533],[-122.5774515,45.4915284],[-122.5786119,45.4915377],[-122.5787602,45.491436],[-122.5787505,45.4921067],[-122.5787409,45.4927775],[-122.5787318,45.4934634],[-122.5787335,45.4941492],[-122.5787243,45.4948352],[-122.5787152,45.4955211],[-122.578706,45.4962071],[-122.5786861,45.4968933],[-122.5786612,45.4974348],[-122.5786589,45.4976863],[-122.5786671,45.4985624],[-122.5786644,45.4991187],[-122.578667,45.4991949],[-122.5786532,45.5000638],[-122.5786481,45.5002316],[-122.5786391,45.5002851],[-122.5786257,45.5005291],[-122.5786442,45.5013899],[-122.5786461,45.5014432],[-122.5786394,45.5018853],[-122.5786488,45.5021594],[-122.5786237,45.5030133],[-122.5786163,45.5034326],[-122.5786165,45.5043927],[-122.5786248,45.5046364],[-122.5786166,45.5047127],[-122.578621,45.5048422],[-122.5786236,45.5049183],[-122.5786004,45.5083706],[-122.5786054,45.5091554],[-122.5785948,45.5101157],[-122.5785981,45.5108472],[-122.578593,45.5113349],[-122.5786,45.5115406],[-122.5786153,45.5119899],[-122.5786239,45.5122412],[-122.5786379,45.5126524],[-122.5786455,45.5128732],[-122.5786681,45.5135358],[-122.5787013,45.5141905],[-122.578745,45.5148374],[-122.5787784,45.5154997],[-122.5788129,45.5161925],[-122.578849,45.516931],[-122.5788961,45.5176769],[-122.5789321,45.5184154],[-122.5789465,45.5191543],[-122.5779593,45.5191493],[-122.5771239,45.5191416],[-122.5769393,45.5191374],[-122.5759304,45.5191328],[-122.5749107,45.5191284],[-122.5738366,45.5191174],[-122.5728819,45.5191118],[-122.5719164,45.5191065],[-122.5712438,45.5191034],[-122.5700612,45.5190943],[-122.5689981,45.5190907],[-122.5686402,45.5190895],[-122.5686494,45.5184035],[-122.5661547,45.5184029],[-122.566003,45.5184056],[-122.5654174,45.5184086],[-122.5650813,45.5184146],[-122.5649513,45.518417],[-122.5646369,45.5184226],[-122.5645394,45.5184244],[-122.5644307,45.5184187],[-122.5644281,45.5183426],[-122.5644214,45.5171845],[-122.5644013,45.5143503],[-122.5643967,45.5142132],[-122.5644013,45.5140303],[-122.5640976,45.5140281],[-122.5636527,45.5140209],[-122.5636663,45.5134644],[-122.5637366,45.5110553],[-122.5637229,45.5109717],[-122.5637444,45.5100036],[-122.5637754,45.5080372],[-122.5637803,45.5075418],[-122.5642793,45.507548],[-122.5650062,45.5075578],[-122.5650929,45.5075562],[-122.5655161,45.5075638],[-122.565592,45.5075624],[-122.5672626,45.5075779],[-122.567268,45.5070978],[-122.5672646,45.5057187],[-122.5672764,45.5044688],[-122.5663108,45.5044558],[-122.5658773,45.5044636],[-122.5653995,45.5044418],[-122.5650196,45.5044334],[-122.5637396,45.5044184],[-122.563175,45.5043981],[-122.5626654,45.5043997],[-122.5623839,45.5044124],[-122.5603656,45.5043726],[-122.5594976,45.5043578],[-122.5574251,45.5043189],[-122.5563073,45.5042933],[-122.5553854,45.504287],[-122.5545609,45.504279],[-122.553726,45.5042787],[-122.5533025,45.5042635],[-122.552923,45.5042627],[-122.5529553,45.5026468],[-122.5529532,45.5025858],[-122.5529564,45.5020372],[-122.5530431,45.5020356],[-122.5530645,45.4997722],[-122.5530609,45.4996656],[-122.5581465,45.4996731],[-122.558204,45.4975233],[-122.55821,45.4970584],[-122.5590457,45.4970814],[-122.5590998,45.4970805],[-122.563482,45.4971309],[-122.5638076,45.4971403],[-122.5638047,45.4970565],[-122.5638151,45.496401],[-122.5644446,45.4964201],[-122.5647023,45.4953868],[-122.5647795,45.4944634],[-122.5648896,45.4935546],[-122.5644884,45.4935542],[-122.5639573,45.4935562],[-122.5633608,45.4935518],[-122.5627532,45.4935399],[-122.5606045,45.4934796],[-122.5606228,45.4933803],[-122.5607461,45.4931799],[-122.5607872,45.4931106],[-122.5608063,45.4930341],[-122.5608197,45.4921499],[-122.5608236,45.4916241],[-122.5607478,45.4916254],[-122.55976,45.4915899],[-122.5582844,45.4915556]]]}},{"type":"Feature","properties":{"boundary_id":"b-elementary-14","school_name":null,"review_status":"unverified"},"geometry":{"type":"Polygon","coordinates":[[[-122.6521669,45.4553912],[-122.6526642,45.455359],[-122.6526769,45.4554121],[-122.6526934,45.4555718],[-122.6530004,45.4581344],[-122.6530275,45.4582863],[-122.6530838,45.4583462],[-122.653299,45.458304],[-122.6534181,45.4583017],[-122.6539588,45.4582686],[-122.6549428,45.4582119],[-122.6550942,45.4582014],[-122.6551805,45.4581921],[-122.6556887,45.4581597],[-122.6560888,45.4581368],[-122.6570729,45.4580801],[-122.6582405,45.4580046],[-122.6594406,45.4579284],[-122.66098,45.4576401],[-122.661346,45.4575722],[-122.6619772,45.4585662],[-122.6620903,45.4587012],[-122.6639453,45.4615088],[-122.6651948,45.4643507],[-122.6639269,45.4643519],[-122.6636667,45.4643492],[-122.6622469,45.4643457],[-122.6614988,45.4643371],[-122.661423,45.4643385],[-122.6612281,45.4643422],[-122.6610762,45.4643375],[-122.6601007,45.4643331],[-122.659093,45.464337],[-122.6580744,45.4643411],[-122.6570664,45.4643373],[-122.6550724,45.464337],[-122.6530892,45.4643364],[-122.6510951,45.464336],[-122.6491011,45.4643355],[-122.6471287,45.4643347],[-122.6451346,45.4643342],[-122.6432055,45.4643324],[-122.6431511,45.4643258],[-122.6418399,45.4643276],[-122.6416338,45.4643239],[-122.6414489,45.4643045],[-122.6413293,45.4642915],[-122.6412746,45.4642773],[-122.641012,45.464206],[-122.6409245,45.4641848],[-122.6408482,45.464171],[-122.640783,45.4641646],[-122.6406194,45.4641372],[-122.6404892,45.464132],[-122.6401749,45.4641303],[-122.639678,45.4641777],[-122.639149,45.4642334],[-122.6390626,45.4642427],[-122.6387926,45.4642706],[-122.6384464,45.4642847],[-122.6375261,45.4643096],[-122.6373742,45.4643049],[-122.637244,45.4642997],[-122.6375989,45.4657715],[-122.637613,45.4658627],[-122.6378815,45.4670313],[-122.6382667,45.4687464],[-122.6383831,45.4692853],[-122.6386671,45.4705832],[-122.6388224,45.4713043],[-122.6389267,45.4718053],[-122.639265,45.4731097],[-122.6395669,45.4743006],[-122.6391339,45.4743163],[-122.6385065,45.474351],[-122.6376946,45.4743814],[-122.6358844,45.4743773],[-122.6354638,45.4744385],[-122.635206,45.4745043],[-122.6350234,45.4745535],[-122.6348097,45.4746413],[-122.6346293,45.4747514],[-122.6344814,45.4748608],[-122.6344387,45.4751893],[-122.6344638,45.4752879],[-122.6344993,45.4753711],[-122.6346132,45.475529],[-122.6346475,45.4755817],[-122.6347284,45.475725],[-122.6347763,45.4758537],[-122.6347998,45.4759066],[-122.6348271,45.4760661],[-122.6348353,45.4763022],[-122.6348209,45.4765082],[-122.6348151,45.4766531],[-122.6348069,45.4767295],[-122.6347874,45.4767908],[-122.6347478,45.4768983],[-122.6347277,45.4769444],[-122.6346356,45.4770985],[-122.6345833,45.4771528],[-122.6343532,45.4773934],[-122.6341739,45.4775339],[-122.6341427,45.4775726],[-122.6341118,45.4776189],[-122.6340603,45.4776961],[-122.6340749,45.4778025],[-122.6341114,45.4779161],[-122.6342015,45.4780135],[-122.634411,45.4781163],[-122.6345551,45.4782051],[-122.6346452,45.4783024],[-122.6346925,45.4784159],[-122.6346838,45.478477],[-122.634654,45.4785538],[-122.6346136,45.4786384],[-122.6345932,45.4786768],[-122.6345621,45.4787155],[-122.6344884,45.4787779],[-122.6344036,45.4788328],[-122.634058,45.4788698],[-122.633541,45.4789633],[-122.6331965,45.4790307],[-122.6331109,45.4790628],[-122.6327901,45.4791907],[-122.6326184,45.4792396],[-122.6324998,45.4792571],[-122.6323595,45.479275],[-122.6321748,45.4792632],[-122.6317597,45.4791719],[-122.6315092,45.4791385],[-122.6313784,45.479118],[-122.6311185,45.4791229],[-122.6309776,45.4791255],[-122.6306537,45.4791621],[-122.6304165,45.479197],[-122.6302656,45.4792227],[-122.6298976,45.4792372],[-122.6297129,45.4792254],[-122.6295826,45.4792202],[-122.6294516,45.4791922],[-122.629343,45.4791866],[-122.6292455,45.4791884],[-122.6290391,45.479177],[-122.6288552,45.479188],[-122.6286938,45.4792215],[-122.6286294,45.479238],[-122.6285432,45.4792548],[-122.6282632,45.4793058],[-122.627907,45.4793505],[-122.6276148,45.4793636],[-122.627376,45.4793528],[-122.6271577,45.4793112],[-122.6270158,45.4792834],[-122.6268084,45.4792415],[-122.6265801,45.4792229],[-122.6263851,45.4792265],[-122.6259516,45.479227],[-122.6251492,45.4792191],[-122.6236424,45.4792167],[-122.6226883,45.4792116],[-122.6216695,45.4792153],[-122.6206179,45.479212],[-122.6206247,45.4784727],[-122.6206324,45.4777562],[-122.6206297,45.4770551],[-122.620637,45.476331],[-122.6206564,45.4747075],[-122.6212525,45.474704],[-122.6212508,45.4740334],[-122.6212159,45.4739654],[-122.6211924,45.4732876],[-122.6212006,45.4732113],[-122.6212034,45.4726701],[-122.6211033,45.4725958],[-122.6210985,45.4724587],[-122.6210892,45.4718797],[-122.6210879,45.4712167],[-122.6210743,45.4705159],[-122.6210503,45.4704477],[-122.6210545,45.4702571],[-122.6211737,45.4702549],[-122.6211707,45.4701711],[-122.6211588,45.4698284],[-122.6211567,45.4691426],[-122.6211437,45.468457],[-122.6211415,45.4677712],[-122.6211285,45.4670855],[-122.6211242,45.4666512],[-122.6210268,45.466653],[-122.6210289,45.4664015],[-122.6210169,45.4660588],[-122.6210159,45.4657159],[-122.6210148,45.465373],[-122.6209173,45.4653748],[-122.6209165,45.4650395],[-122.6209923,45.4650381],[-122.6225743,45.4650314],[-122.6225613,45.4643458],[-122.6225501,45.463401],[-122.6225303,45.4631423],[-122.622511,45.4628988],[-122.6224742,45.4624651],[-122.6224392,45.4614598],[-122.622537,45.4614656],[-122.6232198,45.4614681],[-122.6249538,45.4614738],[-122.6263516,45.4614706],[-122.6268284,45.4614693],[-122.6270344,45.4614731],[-122.6280313,45.4614697],[-122.6282481,45.4614732],[-122.6288118,45.4614779],[-122.6290067,45.4614743],[-122.6299605,45.4614793],[-122.6330815,45.4614818],[-122.6352596,45.4614791],[-122.6366688,45.4614907],[-122.6367338,45.4614895],[-122.6390534,45.4615069],[-122.6399961,45.4615044],[-122.6405709,45.4615164],[-122.6406464,45.4615074],[-122.6407219,45.4614984],[-122.6408955,45.4615027],[-122.6412312,45.4614964],[-122.6414264,45.4615003],[-122.6415022,45.4614989],[-122.6415077,45.4613464],[-122.6414807,45.4599599],[-122.6414468,45.4596099],[-122.6413511,45.4587353],[-122.6414258,45.4587034],[-122.6419134,45.4587019],[-122.6420217,45.4586998],[-122.6421083,45.4586982],[-122.642444,45.4586919],[-122.6427797,45.4586855],[-122.6429313,45.4586827],[-122.6430615,45.4586879],[-122.6431698,45.4586858],[-122.6432348,45.4586846],[-122.6435272,45.4586791],[-122.6435921,45.4586779],[-122.6440261,45.4586925],[-122.6441019,45.4586911],[-122.6451103,45.4587102],[-122.6461832,45.4587128],[-122.6469851,45.4587129],[-122.6469525,45.4584011],[-122.6469079,45.458059],[-122.6467104,45.456447],[-122.6466202,45.4557323],[-122.6481013,45.4556358],[-122.6482743,45.4556249],[-122.6508802,45.4554689],[-122.6521669,45.4553912]]]}},{"type":"Feature","properties":{"boundary_id":"b-elementary-15","school_name":null,"review_status":"unverified"},"geometry":{"type":"Polygon","coordinates":[[[-122.6274195,45.5639041],[-122.627423,45.5627609],[-122.6284429,45.5627497],[-122.6294628,45.5627384],[-122.6304721,45.562735],[-122.6310039,45.5627328],[-122.6315357,45.5627305],[-122.6320675,45.5627283],[-122.6325992,45.5627261],[-122.633131,45.5627238],[-122.6336628,45.5627216],[-122.6341946,45.5627193],[-122.6347264,45.5627171],[-122.6352581,45.5627148],[-122.6357465,45.5627134],[-122.636159,45.5627133],[-122.6363545,45.5627173],[-122.6366693,45.5627191],[-122.6368863,45.5627151],[-122.6371686,45.5627175],[-122.6374289,45.5627126],[-122.6376787,45.5627156],[-122.6379607,45.5627104],[-122.6379568,45.5644556],[-122.6379539,45.5659188],[-122.6379559,45.5662846],[-122.6390195,45.5662801],[-122.6400939,45.5662753],[-122.6411684,45.5662706],[-122.6411597,45.5663317],[-122.6411619,45.5663927],[-122.6411641,45.566766],[-122.6411613,45.5682293],[-122.6416934,45.5682346],[-122.6422252,45.5682324],[-122.6427679,45.5682299],[-122.6432997,45.5682276],[-122.6432993,45.5691421],[-122.6452965,45.5691354],[-122.6464363,45.569137],[-122.6464388,45.5698228],[-122.6464412,45.5705087],[-122.6464328,45.5711947],[-122.6464353,45.5718805],[-122.6464377,45.5725664],[-122.6432897,45.5725717],[-122.6432818,45.5732729],[-122.6432681,45.5741191],[-122.6436373,45.5741198],[-122.6436299,45.5748363],[-122.6436271,45.575065],[-122.6437292,45.5754975],[-122.643734,45.5756346],[-122.6437307,45.5764653],[-122.6437572,45.576602],[-122.6437316,45.5780352],[-122.6436903,45.5796364],[-122.646383,45.5796396],[-122.6463622,45.5815147],[-122.6463566,45.5819721],[-122.6463525,45.5821627],[-122.647482,45.5821721],[-122.6479057,45.5821795],[-122.6479028,45.582713],[-122.6487106,45.5828351],[-122.6492455,45.5829166],[-122.6499666,45.5827355],[-122.6506591,45.5826692],[-122.6514206,45.5827083],[-122.6523387,45.5828817],[-122.6535008,45.5831954],[-122.6548846,45.583642],[-122.6579397,45.5846747],[-122.6593221,45.5850756],[-122.6597933,45.5851963],[-122.6613503,45.5856244],[-122.6622409,45.5859354],[-122.6628808,45.5862206],[-122.6633886,45.586455],[-122.6637711,45.586524],[-122.6639447,45.5865207],[-122.6645364,45.5863648],[-122.6648886,45.5861906],[-122.6654643,45.5855853],[-122.6657705,45.5853433],[-122.6661455,45.5851991],[-122.6666072,45.5850532],[-122.667236,45.5850262],[-122.667966,45.5850963],[-122.6685042,45.5852691],[-122.6693234,45.5857109],[-122.6700882,45.5861462],[-122.6708866,45.5866113],[-122.6715252,45.5868584],[-122.6720409,45.5870087],[-122.6724991,45.5870687],[-122.6730934,45.5869889],[-122.6736951,45.5868099],[-122.6743714,45.5865914],[-122.6749449,45.5865348],[-122.6752935,45.5865664],[-122.6756983,45.5866502],[-122.6765632,45.5871521],[-122.6771492,45.5874459],[-122.6777113,45.5876792],[-122.6783486,45.5878882],[-122.6794653,45.5881414],[-122.6807409,45.588285],[-122.6808168,45.5882836],[-122.6809039,45.5882895],[-122.6823939,45.5883528],[-122.6831931,45.5885358],[-122.6840947,45.5888465],[-122.6848023,45.5891989],[-122.6853853,45.5894089],[-122.6866779,45.5897198],[-122.6885602,45.5901261],[-122.6891525,45.5902902],[-122.6904278,45.5907232],[-122.6918146,45.591238],[-122.6931778,45.5916999],[-122.69422,45.5919926],[-122.6949463,45.5922608],[-122.6950454,45.592297],[-122.6956519,45.5925522],[-122.6962681,45.5927767],[-122.696543,45.5928706],[-122.6976102,45.5932542],[-122.6985022,45.5935955],[-122.6994454,45.5938519],[-122.6999712,45.593979],[-122.70007,45.5940076],[-122.7008374,45.5942064],[-122.7016189,45.5944964],[-122.701881,45.5945371],[-122.7021106,45.5945784],[-122.7022636,45.594606],[-122.7024164,45.594626],[-122.7028524,45.594671],[-122.7034515,45.5947205],[-122.7035386,45.5947265],[-122.7037556,45.5947223],[-122.704515,45.5947002],[-122.7047755,45.5946952],[-122.7057653,45.5947373],[-122.7058524,45.5947433],[-122.7065964,45.5948967],[-122.7070027,45.5950185],[-122.7070578,45.5950403],[-122.7081346,45.5953856],[-122.7087837,45.5956171],[-122.709257,45.5957909],[-122.7093341,45.5958199],[-122.7099913,45.595975],[-122.7112708,45.5962173],[-122.7120574,45.596347],[-122.712871,45.5966211],[-122.7134798,45.5969371],[-122.7145536,45.5974958],[-122.7151218,45.5978889],[-122.7155895,45.5982076],[-122.7160472,45.5985495],[-122.7165954,45.5989886],[-122.7172849,45.5994327],[-122.718285,45.6000537],[-122.7187617,45.600319],[-122.7191585,45.600479],[-122.7189367,45.600651],[-122.7177032,45.6016731],[-122.7121342,45.6062387],[-122.7102139,45.6077998],[-122.7089589,45.6088375],[-122.7057628,45.6114671],[-122.7048557,45.612216],[-122.7047209,45.6123939],[-122.7045775,45.6126329],[-122.7043624,45.6129952],[-122.7039424,45.6136968],[-122.7029736,45.6133418],[-122.7027213,45.6135753],[-122.7030414,45.613714],[-122.7035067,45.6139643],[-122.7035523,45.6140244],[-122.703687,45.6141437],[-122.703721,45.6141812],[-122.7038882,45.6143],[-122.7041192,45.6143794],[-122.7042406,45.6144304],[-122.7049124,45.6146844],[-122.7050012,45.614736],[-122.7051679,45.6148396],[-122.70551,45.6149855],[-122.7057087,45.6150732],[-122.7059734,45.6151824],[-122.7061601,45.6152398],[-122.7062372,45.6152689],[-122.7063686,45.6152968],[-122.7065448,45.6153621],[-122.7069194,45.6155074],[-122.7074149,45.6156884],[-122.7077018,45.6158125],[-122.7079011,45.6159154],[-122.7081329,45.6160177],[-122.7083659,45.6161505],[-122.7086217,45.6163133],[-122.7086656,45.6163277],[-122.7087419,45.6163338],[-122.7088627,45.6163696],[-122.7092479,45.6165071],[-122.7092925,45.6165367],[-122.7094266,45.6166409],[-122.7096793,45.6167199],[-122.7097347,45.6167493],[-122.7098021,45.616809],[-122.7103025,45.6171272],[-122.7105352,45.6172523],[-122.7107448,45.6173398],[-122.7109541,45.6174196],[-122.7110529,45.6174482],[-122.7114905,45.6175313],[-122.7119726,45.617644],[-122.7121925,45.617716],[-122.7128207,45.6179632],[-122.7128867,45.6179848],[-122.7130189,45.6180356],[-122.7130849,45.6180572],[-122.7134821,45.6182249],[-122.7139447,45.618399],[-122.7142659,45.6185681],[-122.7146186,45.6187062],[-122.7148936,45.6188],[-122.7151472,45.6189019],[-122.7153891,45.6189811],[-122.7155102,45.6190245],[-122.7177437,45.6200945],[-122.7232464,45.623213],[-122.7259443,45.624495],[-122.7282748,45.6258297],[-122.7293634,45.6261823],[-122.7300659,45.6266718],[-122.7308764,45.6274412],[-122.7320288,45.6280517],[-122.7330889,45.6291059],[-122.7353502,45.6306172],[-122.7371192,45.6317417],[-122.7381644,45.6326819],[-122.7395699,45.6336684],[-122.7419432,45.6352613],[-122.743289,45.6363939],[-122.7433229,45.6364313],[-122.7432945,45.6371331],[-122.7432795,45.6384978],[-122.7432528,45.6404267],[-122.7432514,45.6406859],[-122.7432449,45.6413949],[-122.7432429,45.6422257],[-122.7432316,45.642508],[-122.7431866,45.6468916],[-122.7431922,45.647044],[-122.7376483,45.6443689],[-122.7370665,45.6442125],[-122.7296469,45.6422364],[-122.7134705,45.637935],[-122.7090325,45.6354283],[-122.7022725,45.6318071],[-122.6962352,45.6283167],[-122.6929579,45.626321],[-122.6906732,45.6250305],[-122.6891093,45.6241455],[-122.6870227,45.6232247],[-122.6824855,45.621222],[-122.6803823,45.6204386],[-122.6748881,45.6184004],[-122.6746568,45.6183133],[-122.6743268,45.6181975],[-122.6718609,45.6172912],[-122.6702815,45.6168712],[-122.6592523,45.6140444],[-122.6416954,45.6096688],[-122.641268,45.6095624],[-122.6351134,45.609379],[-122.6350721,45.608511],[-122.6350126,45.605883],[-122.6349269,45.6009617],[-122.6349839,45.6004195],[-122.6350553,45.5993589],[-122.6352103,45.5982054],[-122.6353815,45.5962742],[-122.6354047,45.5956946],[-122.6355033,45.5954108],[-122.6355096,45.5943514],[-122.6347494,45.5943502],[-122.6304162,45.5943464],[-122.630424,45.590536],[-122.6202261,45.5892531],[-122.6202249,45.5867231],[-122.6202172,45.583073],[-122.6202265,45.5786606],[-122.6219936,45.5776527],[-122.6220579,45.5776286],[-122.6220522,45.5762189],[-122.6220474,45.575457],[-122.6232776,45.5752438],[-122.6241839,45.5750823],[-122.6241645,45.5726593],[-122.6241494,45.5725377],[-122.6241357,45.5724541],[-122.6241406,45.5716615],[-122.6242784,45.5715675],[-122.6245861,45.5713637],[-122.6245836,45.5700453],[-122.6243232,45.5700501],[-122.6243156,45.5682747],[-122.6241933,45.5681931],[-122.6241965,45.5664175],[-122.6244569,45.5664127],[-122.624458,45.565201],[-122.6243466,45.5651192],[-122.6243635,45.5646693],[-122.6242817,45.5645031],[-122.6242827,45.5639087],[-122.6253463,45.5639043],[-122.6264099,45.5638999],[-122.6274195,45.5639041]]]}},{"type":"Feature","properties":{"boundary_id":"b-elementary-16","school_name":null,"review_status":"unverified"},"geometry":{"type":"Polygon","coordinates":[[[-122.743856,45.5166734],[-122.743855,45.5172375],[-122.7438523,45.5195243],[-122.7438551,45.5196004],[-122.7438303,45.5212855],[-122.7438216,45.5231151],[-122.7451886,45.5231188],[-122.7457203,45.5231236],[-122.7489531,45.5231288],[-122.7569811,45.5231462],[-122.7576431,45.523156],[-122.757925,45.5231505],[-122.7587168,45.5231501],[-122.7593136,45.5231536],[-122.7593166,45.523527],[-122.7593111,45.523672],[-122.759316,45.5267362],[-122.7597174,45.5267359],[-122.7618983,45.5267463],[-122.7620612,45.5267507],[-122.76206,45.5270099],[-122.7620455,45.527498],[-122.7620469,45.5275361],[-122.7626649,45.5275239],[-122.7631641,45.5275293],[-122.7631591,45.5279792],[-122.763147,45.5297021],[-122.7631501,45.5297859],[-122.7634431,45.5297878],[-122.7634452,45.531015],[-122.7634409,45.5311904],[-122.7644066,45.5311942],[-122.7644026,45.5313772],[-122.7657802,45.5313729],[-122.766019,45.5313758],[-122.766033,45.5314594],[-122.766018,45.5328089],[-122.7660351,45.5338529],[-122.7666644,45.5338557],[-122.769843,45.5338462],[-122.7707651,45.5338432],[-122.7712858,45.5338405],[-122.7716114,45.5338417],[-122.7718502,45.5338446],[-122.7720453,45.5338407],[-122.7721754,45.5338381],[-122.7723164,45.5338353],[-122.7726744,45.5338359],[-122.7731084,45.5338349],[-122.7747135,45.5338183],[-122.7747341,45.5320417],[-122.7747304,45.5319427],[-122.7747137,45.5309139],[-122.7747167,45.5304108],[-122.7747455,45.5303111],[-122.775028,45.5303207],[-122.7751038,45.5303192],[-122.7781199,45.5303203],[-122.7798898,45.5303614],[-122.7797987,45.5319869],[-122.7797625,45.5339239],[-122.7808806,45.5339397],[-122.7810002,45.533945],[-122.7811086,45.5339428],[-122.7823029,45.5339648],[-122.7836276,45.5339918],[-122.7841813,45.5340036],[-122.7848219,45.5340138],[-122.7848004,45.5363392],[-122.7847838,45.5373458],[-122.784773,45.5376357],[-122.7847236,45.5406631],[-122.7847167,45.5407699],[-122.7847073,45.5419669],[-122.7846884,45.5423332],[-122.7834295,45.5423278],[-122.7823769,45.5423259],[-122.7830591,45.5431584],[-122.783422,45.5435781],[-122.7833364,45.5436103],[-122.7832511,45.5436501],[-122.7829304,45.5437785],[-122.7827594,45.5438505],[-122.782425,45.5436132],[-122.7821065,45.5440922],[-122.7810385,45.5433892],[-122.7806271,45.5431229],[-122.7795368,45.5424052],[-122.7801262,45.5442382],[-122.7804939,45.5453668],[-122.7807116,45.5459646],[-122.7808054,45.5461534],[-122.7803942,45.5461844],[-122.7801557,45.5461891],[-122.779979,45.5461088],[-122.7798346,45.5460202],[-122.7788599,45.5454907],[-122.7784504,45.5452777],[-122.7773428,45.5446746],[-122.7768085,45.5451883],[-122.7770405,45.5452981],[-122.7773173,45.545445],[-122.7783354,45.5459737],[-122.7784127,45.5460103],[-122.7783279,45.5483903],[-122.7794569,45.5483984],[-122.7826265,45.5484193],[-122.7841786,45.5484266],[-122.7846997,45.5484315],[-122.7847163,45.5485836],[-122.7847008,45.5499103],[-122.7846954,45.5517933],[-122.7847065,45.5526698],[-122.7847024,45.5545909],[-122.7847013,45.5557191],[-122.7832914,45.5557471],[-122.7827884,45.5565194],[-122.7823623,45.5567337],[-122.7821628,45.556913],[-122.7811344,45.5575661],[-122.7809851,45.5576377],[-122.7806869,45.5574988],[-122.7798932,45.5571715],[-122.7797165,45.5570911],[-122.7796163,45.5570245],[-122.7795718,45.5569949],[-122.7794873,45.5570576],[-122.7795263,45.5610055],[-122.7795301,45.5628502],[-122.7795441,45.5629337],[-122.7795411,45.5637266],[-122.7795471,45.5638866],[-122.7795491,45.5645192],[-122.779576,45.5664016],[-122.779611,45.5699532],[-122.7744386,45.5698192],[-122.7744042,45.5674415],[-122.7743936,45.566283],[-122.7743746,45.5651934],[-122.774353,45.5634481],[-122.7743431,45.5628919],[-122.7743491,45.5627622],[-122.7735235,45.562161],[-122.7729655,45.5617528],[-122.7698306,45.5594745],[-122.7686706,45.558636],[-122.7683136,45.5583763],[-122.7680234,45.5581609],[-122.7674544,45.5577453],[-122.763862,45.5551176],[-122.7635946,45.5549323],[-122.7635962,45.5543911],[-122.7636089,45.5532703],[-122.7636374,45.5519891],[-122.7636461,45.5513486],[-122.7636944,45.5482604],[-122.7636924,45.5482071],[-122.7636981,45.5480698],[-122.7548222,45.5480996],[-122.7536613,45.5481071],[-122.7472279,45.5481569],[-122.7472828,45.5443446],[-122.7474023,45.5443499],[-122.7475002,45.5443556],[-122.747771,45.5443427],[-122.7479114,45.5443247],[-122.7486885,45.5442104],[-122.7485559,45.5441444],[-122.7485114,45.5441148],[-122.7484652,45.5440394],[-122.7484729,45.5439554],[-122.7485143,45.5439013],[-122.7485566,45.5438699],[-122.7491087,45.543539],[-122.7492146,45.5434683],[-122.7492554,45.5433989],[-122.7492951,45.543299],[-122.7492809,45.5432078],[-122.7491317,45.5426924],[-122.7490577,45.54245],[-122.7490332,45.5423742],[-122.7489876,45.5423141],[-122.7489533,45.5422691],[-122.7488427,45.5422102],[-122.7483783,45.5419754],[-122.7482456,45.5419094],[-122.7481475,45.5418961],[-122.7480274,45.5418756],[-122.747897,45.5418705],[-122.7477563,45.5418809],[-122.7473662,45.5418962],[-122.7472686,45.5418981],[-122.7471599,45.5418926],[-122.7470181,45.5418725],[-122.7468535,45.5418223],[-122.7467601,45.5419385],[-122.7465989,45.5419798],[-122.7466448,45.5420475],[-122.7465657,45.5425521],[-122.7463291,45.5426101],[-122.7457592,45.5427508],[-122.7454276,45.5422924],[-122.7450338,45.5419113],[-122.7447902,45.5417789],[-122.7447324,45.5419782],[-122.7443586,45.5424352],[-122.7441771,45.5436965],[-122.7440807,45.5437289],[-122.7440262,45.5437223],[-122.7436382,45.5435012],[-122.7434831,45.5434128],[-122.7435781,45.5433423],[-122.7428252,45.5423432],[-122.7419572,45.5423449],[-122.7414108,45.541944],[-122.7414171,45.5415247],[-122.7409249,45.5414199],[-122.7399859,45.5409657],[-122.7396656,45.5408118],[-122.7385044,45.5399198],[-122.7376473,45.5402186],[-122.7376615,45.538831],[-122.737423,45.5388357],[-122.7374348,45.5382714],[-122.737437,45.5377378],[-122.7374339,45.537654],[-122.7374511,45.5372344],[-122.7374388,45.5371965],[-122.7362022,45.5372054],[-122.736216,45.5360999],[-122.7366063,45.5360923],[-122.7397841,45.5360608],[-122.7398258,45.5360142],[-122.7401126,45.5355513],[-122.7401638,45.5354664],[-122.7403747,45.535005],[-122.7407062,45.5345793],[-122.7406061,45.5345126],[-122.7405388,45.5344529],[-122.7404932,45.5343929],[-122.7404365,45.5343254],[-122.7404012,45.5342498],[-122.7402243,45.5338645],[-122.7401773,45.5337664],[-122.7397893,45.5329507],[-122.7396164,45.5326721],[-122.7394453,45.5324467],[-122.7392874,45.5322821],[-122.7390858,45.5321107],[-122.7385804,45.5316404],[-122.7382556,45.5313647],[-122.7379437,45.5311421],[-122.73691,45.5304687],[-122.7366554,45.5303288],[-122.7365122,45.5302706],[-122.7363804,45.5302275],[-122.7362489,45.5301919],[-122.7360413,45.5301502],[-122.7358017,45.5301244],[-122.7352146,45.5300901],[-122.7345402,45.5300423],[-122.7341799,45.5299807],[-122.7338394,45.5298654],[-122.7336187,45.529763],[-122.733364,45.5296231],[-122.7331413,45.5294674],[-122.7329732,45.5293182],[-122.7328139,45.5291155],[-122.7326515,45.528829],[-122.7325277,45.5284122],[-122.7324666,45.5282228],[-122.7324154,45.5280104],[-122.7322814,45.527609],[-122.7322327,45.5274652],[-122.7321307,45.5273452],[-122.732086,45.527308],[-122.7319183,45.527174],[-122.7316854,45.5270337],[-122.7312851,45.5267671],[-122.7311522,45.5266935],[-122.7310305,45.5266273],[-122.7308984,45.5265765],[-122.7307561,45.5265411],[-122.7305813,45.5265064],[-122.730397,45.52651],[-122.7303103,45.5265117],[-122.730213,45.5265212],[-122.7284507,45.5266851],[-122.7284535,45.526464],[-122.7284562,45.5244593],[-122.7284592,45.5230567],[-122.7284609,45.5228051],[-122.7284589,45.5209682],[-122.7284894,45.5209143],[-122.7284702,45.520686],[-122.7283154,45.5206051],[-122.7282487,45.5205607],[-122.7283207,45.5204526],[-122.7283613,45.5200783],[-122.728421,45.5199323],[-122.7285733,45.5196473],[-122.7286095,45.5194484],[-122.7287476,45.5193695],[-122.7289716,45.5192661],[-122.729334,45.5190913],[-122.7296325,45.5189483],[-122.7299863,45.5188347],[-122.7302442,45.5187687],[-122.7306647,45.5186995],[-122.730924,45.5186716],[-122.7312055,45.5186585],[-122.731521,45.5186829],[-122.7317172,45.5187095],[-122.7335527,45.5190701],[-122.7350833,45.5193985],[-122.73563,45.5195174],[-122.7363068,45.5196338],[-122.7371403,45.519587],[-122.7374199,45.5195205],[-122.7384173,45.5192114],[-122.7388995,45.5190495],[-122.7409688,45.5183916],[-122.7414918,45.5181603],[-122.7422777,45.5177028],[-122.7431555,45.5170911],[-122.743537,45.5168473],[-122.743856,45.5166734]]]}},{"type":"Feature","properties":{"boundary_id":"b-elementary-17","school_name":null,"review_status":"unverified"},"geometry":{"type":"Polygon","coordinates":[[[-122.6188414,45.5051477],[-122.6188945,45.5051163],[-122.6192336,45.504889],[-122.6193193,45.5048569],[-122.619416,45.5048323],[-122.6195238,45.504815],[-122.6198053,45.5048022],[-122.6203258,45.5048001],[-122.621432,45.5048025],[-122.6226143,45.504811],[-122.6225951,45.5055049],[-122.6226189,45.5061903],[-122.6226428,45.5068757],[-122.6226558,45.5075613],[-122.6226738,45.5080792],[-122.6226879,45.5087953],[-122.6227126,45.5095035],[-122.6227489,45.5108594],[-122.6227546,45.5119566],[-122.6227691,45.512063],[-122.6214894,45.5120639],[-122.6211532,45.5120625],[-122.6201336,45.5120586],[-122.6201153,45.512158],[-122.6201191,45.5128895],[-122.6201115,45.513606],[-122.6201036,45.5143148],[-122.6200959,45.5150313],[-122.6193584,45.5150297],[-122.6193547,45.5158605],[-122.6193444,45.5165008],[-122.6193907,45.5165838],[-122.6211046,45.5165901],[-122.6216688,45.5165949],[-122.6227749,45.5165896],[-122.6228925,45.5165417],[-122.6229068,45.5166405],[-122.6229146,45.5171738],[-122.6229392,45.5178821],[-122.6229533,45.5185982],[-122.6229346,45.5193072],[-122.6229717,45.5197486],[-122.6229553,45.5202137],[-122.6229585,45.5203051],[-122.6229501,45.5209987],[-122.6229523,45.5213721],[-122.6229537,45.5217226],[-122.6225957,45.5217217],[-122.6226036,45.5216377],[-122.6226049,45.5213633],[-122.6199364,45.5213594],[-122.619828,45.5213614],[-122.6197087,45.5213636],[-122.6195684,45.5213815],[-122.6194388,45.5213991],[-122.6192664,45.5214328],[-122.619116,45.5214737],[-122.6189333,45.5215228],[-122.6187829,45.5215636],[-122.6186105,45.5215973],[-122.6185243,45.5216142],[-122.6184487,45.5216232],[-122.6182863,45.5216338],[-122.6181237,45.5216368],[-122.6179286,45.5216404],[-122.6173427,45.521636],[-122.6172126,45.5216384],[-122.6172142,45.5219965],[-122.6171053,45.5219833],[-122.6160533,45.5219875],[-122.616071,45.5228102],[-122.6160824,45.5231377],[-122.615594,45.5231315],[-122.6153981,45.5231122],[-122.6153103,45.5230834],[-122.61519,45.5230551],[-122.6150478,45.5230196],[-122.6149166,45.5229916],[-122.6149203,45.5230982],[-122.6148997,45.5237539],[-122.6149132,45.5238299],[-122.6149224,45.5244089],[-122.61336,45.5243996],[-122.6133484,45.5246894],[-122.6126107,45.5246878],[-122.6126112,45.5250154],[-122.612625,45.525099],[-122.6119306,45.5250966],[-122.6119275,45.5243803],[-122.611244,45.5243777],[-122.6110166,45.5243895],[-122.6101486,45.5243826],[-122.608771,45.5243851],[-122.6075342,45.5243774],[-122.607435,45.5243335],[-122.6073359,45.5242896],[-122.6062836,45.5242861],[-122.6053291,45.5242884],[-122.6053311,45.5249742],[-122.6053198,45.5255916],[-122.6053111,45.5256528],[-122.605308,45.5265063],[-122.6046898,45.52651],[-122.6046818,45.5272189],[-122.6046868,45.5273636],[-122.6046756,45.5276686],[-122.6046798,45.5277905],[-122.6041967,45.5279365],[-122.6037041,45.5281208],[-122.6030525,45.5284147],[-122.6021039,45.5289046],[-122.6021206,45.5287595],[-122.6021256,45.5285917],[-122.6021384,45.5283324],[-122.6021477,45.5279741],[-122.6021442,45.5272426],[-122.6021621,45.5265031],[-122.6021699,45.5257867],[-122.6021878,45.5250471],[-122.6021924,45.5242393],[-122.6022218,45.52289],[-122.6008874,45.522884],[-122.5994991,45.5228866],[-122.598447,45.5228906],[-122.5982847,45.5229012],[-122.5974547,45.5230536],[-122.5970343,45.5231298],[-122.5964703,45.5231326],[-122.5960148,45.5231333],[-122.5950063,45.5231441],[-122.5936288,45.5231464],[-122.5931304,45.5231632],[-122.5926423,45.5231645],[-122.5920773,45.5231367],[-122.5918277,45.5231336],[-122.5918638,45.5222871],[-122.5918038,45.5221206],[-122.5912867,45.521909],[-122.5907924,45.5217275],[-122.5897895,45.5212658],[-122.5888522,45.520818],[-122.588444,45.5206197],[-122.5881572,45.5204802],[-122.588047,45.5204289],[-122.5879799,45.5203691],[-122.5881073,45.5202906],[-122.5883678,45.5202935],[-122.5884968,45.5202606],[-122.5885489,45.5201987],[-122.5885577,45.5201376],[-122.5885342,45.5200847],[-122.5884996,45.5200244],[-122.588476,45.5199715],[-122.5884634,45.5199183],[-122.5884742,45.5192857],[-122.5885589,45.5192232],[-122.5892968,45.5192326],[-122.5895897,45.5192348],[-122.5901753,45.5192318],[-122.5908696,45.5192343],[-122.5911408,45.519237],[-122.592128,45.5192418],[-122.5921302,45.5189903],[-122.5921324,45.5174739],[-122.5921252,45.5169482],[-122.5921316,45.5161861],[-122.5921254,45.5156909],[-122.5921879,45.5156135],[-122.5920634,45.5154634],[-122.5919191,45.515367],[-122.5917859,45.5152779],[-122.5915176,45.5150466],[-122.5913147,45.5148217],[-122.5912463,45.5147239],[-122.5910864,45.5144906],[-122.5908503,45.513931],[-122.5906813,45.5134312],[-122.590641,45.5132033],[-122.5906419,45.5129137],[-122.5906856,45.5126081],[-122.5906677,45.5124027],[-122.5905967,45.5122287],[-122.5905244,45.5120167],[-122.5904538,45.511858],[-122.5904558,45.5115988],[-122.5904676,45.5113091],[-122.5904652,45.5112405],[-122.5905015,45.5110341],[-122.5905362,45.510782],[-122.5906148,45.5105443],[-122.5907755,45.510168],[-122.5911063,45.5096971],[-122.5912095,45.5095428],[-122.5916311,45.5088722],[-122.591807,45.5086251],[-122.5919435,45.5084931],[-122.5919858,45.5084618],[-122.5920913,45.5083761],[-122.5924054,45.5080503],[-122.5924415,45.5078362],[-122.5924399,45.5077905],[-122.5924417,45.5072114],[-122.5932439,45.5072043],[-122.5935585,45.5072062],[-122.5936452,45.5072046],[-122.5961066,45.5071976],[-122.5976892,45.5071762],[-122.5976976,45.5074199],[-122.5977103,45.5081055],[-122.5977137,45.5082045],[-122.5977047,45.508258],[-122.5977155,45.5085702],[-122.5977505,45.5099031],[-122.6017521,45.5098983],[-122.6018003,45.5119244],[-122.6026777,45.511893],[-122.6035225,45.5118623],[-122.6044755,45.5118219],[-122.6055475,45.5117717],[-122.606598,45.5117295],[-122.6066736,45.5117204],[-122.6067188,45.511773],[-122.6067061,45.5120323],[-122.6078232,45.5120346],[-122.6082896,45.5120336],[-122.6091244,45.5120258],[-122.6102635,45.5120353],[-122.610849,45.5120321],[-122.6114346,45.5120289],[-122.6115073,45.5119362],[-122.611465,45.5113425],[-122.6114212,45.5107032],[-122.6113771,45.5100563],[-122.611333,45.5094094],[-122.6112892,45.50877],[-122.6112313,45.5080395],[-122.6112092,45.5073998],[-122.6111963,45.5067142],[-122.6111725,45.5060288],[-122.6111665,45.5055412],[-122.611083,45.5053218],[-122.6111697,45.5053201],[-122.611983,45.5053204],[-122.6129264,45.5053182],[-122.6131648,45.5053138],[-122.6140648,45.5053124],[-122.6151274,45.505308],[-122.6161033,45.5053051],[-122.6170789,45.5052947],[-122.6180006,45.5052929],[-122.6183254,45.5052792],[-122.6184875,45.505261],[-122.6186276,45.5052355],[-122.6187243,45.5052109],[-122.6188414,45.5051477]]]}},{"type":"Feature","properties":{"boundary_id":"b-elementary-18","school_name":null,"review_status":"unverified"},"geometry":{"type":"Polygon","coordinates":[[[-122.639848,45.4742801],[-122.6404538,45.4742458],[-122.6406078,45.4749288],[-122.6406367,45.475134],[-122.6410077,45.4767504],[-122.6410569,45.4769171],[-122.641293,45.4777738],[-122.6416802,45.4795423],[-122.6417697,45.4799293],[-122.6420139,45.4807097],[-122.6420379,45.4807778],[-122.6422167,45.4812393],[-122.6423453,45.4815036],[-122.6424492,45.4816846],[-122.6427049,45.4821752],[-122.6428421,45.4823783],[-122.642945,45.4825288],[-122.642968,45.4825665],[-122.6433799,45.4831837],[-122.6435396,45.4834093],[-122.6437193,45.4835889],[-122.6439218,45.4837984],[-122.6440567,45.4839331],[-122.6442134,45.4840749],[-122.644381,45.4842166],[-122.6445036,45.4843134],[-122.6446924,45.4844394],[-122.6448922,45.4845728],[-122.6452575,45.4847869],[-122.6454451,45.4848825],[-122.645655,45.4849928],[-122.6463715,45.4853299],[-122.6464264,45.4853518],[-122.6470219,45.4856378],[-122.6473637,45.485799],[-122.6478161,45.4860268],[-122.6483678,45.4862983],[-122.6494596,45.4868265],[-122.6499563,45.4870763],[-122.6503443,45.4873205],[-122.6507329,45.4875799],[-122.6511461,45.4879227],[-122.6512466,45.4880046],[-122.6513817,45.4881469],[-122.6514377,45.4881991],[-122.6519869,45.488707],[-122.6521269,45.4886815],[-122.6527729,45.488555],[-122.6531714,45.4884789],[-122.654173,45.4882923],[-122.6549485,45.4881481],[-122.6590507,45.4873466],[-122.6666957,45.4858755],[-122.6675787,45.4857063],[-122.6690431,45.485427],[-122.6692907,45.4853766],[-122.6693584,45.4857564],[-122.669312,45.4878074],[-122.6682041,45.4917154],[-122.6666955,45.4953337],[-122.6665952,45.4958691],[-122.666566,45.4959611],[-122.6659593,45.4990288],[-122.6664335,45.5010852],[-122.6654173,45.5011731],[-122.6651036,45.5011943],[-122.6640874,45.5012821],[-122.6626061,45.5014016],[-122.662152,45.5014407],[-122.6617085,45.5014719],[-122.6611461,45.5015131],[-122.6610705,45.5015221],[-122.6606918,45.5015445],[-122.660367,45.5015583],[-122.6593595,45.5015849],[-122.6588057,45.5015649],[-122.6577863,45.5015613],[-122.6570053,45.5015532],[-122.6567777,45.5015575],[-122.6564957,45.5015552],[-122.6560823,45.5015172],[-122.6557778,45.5014925],[-122.6550678,45.5013459],[-122.6547728,45.5012828],[-122.6542047,45.501164],[-122.653145,45.5009401],[-122.6526966,45.5008342],[-122.6521272,45.5006773],[-122.6508695,45.5003732],[-122.6507165,45.500338],[-122.6505087,45.5002886],[-122.650192,45.5002259],[-122.6501265,45.5002119],[-122.6496459,45.5001143],[-122.6491543,45.5000092],[-122.6489145,45.4999756],[-122.6487729,45.4999554],[-122.648664,45.4999422],[-122.6484356,45.4999236],[-122.648033,45.4998855],[-122.6476744,45.4998617],[-122.6474569,45.499843],[-122.6466409,45.4997668],[-122.6459431,45.499658],[-122.6456378,45.4996104],[-122.6446315,45.4993626],[-122.6435584,45.4990626],[-122.6430329,45.4989201],[-122.6426052,45.4987833],[-122.6416412,45.4985041],[-122.6406225,45.4982108],[-122.6401731,45.4980744],[-122.6397473,45.4979909],[-122.6396051,45.4979555],[-122.637583,45.4978028],[-122.6375856,45.4991136],[-122.637589,45.4998299],[-122.6375921,45.5005386],[-122.6375955,45.5012549],[-122.6375955,45.5018722],[-122.6375987,45.5019635],[-122.6355709,45.5019634],[-122.6349202,45.5019603],[-122.6335431,45.5019631],[-122.6325345,45.5019591],[-122.6315154,45.5019629],[-122.6305068,45.5019588],[-122.6295307,45.5019541],[-122.6285548,45.5019571],[-122.6285515,45.5012408],[-122.6285485,45.5005321],[-122.6285452,45.4998158],[-122.628545,45.4991909],[-122.628531,45.4990997],[-122.6281732,45.4990988],[-122.6261999,45.499105],[-122.6261948,45.4983354],[-122.626191,45.4976039],[-122.626183,45.497063],[-122.6258692,45.497084],[-122.6258023,45.4967195],[-122.6257566,45.4966518],[-122.6256683,45.4966077],[-122.6250308,45.4963604],[-122.6248551,45.4962951],[-122.6246241,45.4962003],[-122.6244377,45.4961428],[-122.6243503,45.4961216],[-122.6242197,45.4961088],[-122.6240891,45.496096],[-122.623883,45.4960922],[-122.6226142,45.4960853],[-122.6226228,45.4947744],[-122.6226309,45.4940731],[-122.6226274,45.4933492],[-122.6201009,45.4933428],[-122.6192011,45.4933443],[-122.6190137,45.4932563],[-122.6189432,45.4930976],[-122.6189529,45.4927545],[-122.6189505,45.4923735],[-122.6189587,45.4919847],[-122.6189595,45.4916951],[-122.618979,45.4910089],[-122.6189766,45.4903154],[-122.6178057,45.4903143],[-122.6177906,45.4895677],[-122.617798,45.4888436],[-122.6177969,45.4885007],[-122.6177945,45.4881197],[-122.6203746,45.4881175],[-122.620405,45.488056],[-122.6205252,45.4877718],[-122.6205614,45.4875654],[-122.6205675,45.4874281],[-122.6205963,45.486696],[-122.6216479,45.4866993],[-122.6226563,45.4867034],[-122.6226564,45.4854612],[-122.6226532,45.4847449],[-122.6226536,45.4835103],[-122.6226614,45.4828015],[-122.6236264,45.4828064],[-122.6236234,45.4820977],[-122.623625,45.4818309],[-122.623631,45.4813812],[-122.6236386,45.4806647],[-122.6236901,45.4805875],[-122.6237035,45.4800386],[-122.6236345,45.4799256],[-122.6236424,45.4792167],[-122.6251492,45.4792191],[-122.6259516,45.479227],[-122.6263851,45.4792265],[-122.6265801,45.4792229],[-122.6268084,45.4792415],[-122.6270158,45.4792834],[-122.6271577,45.4793112],[-122.627376,45.4793528],[-122.6276148,45.4793636],[-122.627907,45.4793505],[-122.6282632,45.4793058],[-122.6285432,45.4792548],[-122.6286294,45.479238],[-122.6286938,45.4792215],[-122.6288552,45.479188],[-122.6290391,45.479177],[-122.6292455,45.4791884],[-122.629343,45.4791866],[-122.6294516,45.4791922],[-122.6295826,45.4792202],[-122.6297129,45.4792254],[-122.6298976,45.4792372],[-122.6302656,45.4792227],[-122.6304165,45.479197],[-122.6306537,45.4791621],[-122.6309776,45.4791255],[-122.6311185,45.4791229],[-122.6313784,45.479118],[-122.6315092,45.4791385],[-122.6317597,45.4791719],[-122.6321748,45.4792632],[-122.6323595,45.479275],[-122.6324998,45.4792571],[-122.6326184,45.4792396],[-122.6327901,45.4791907],[-122.6331109,45.4790628],[-122.6331965,45.4790307],[-122.633541,45.4789633],[-122.634058,45.4788698],[-122.6344036,45.4788328],[-122.6344884,45.4787779],[-122.6345621,45.4787155],[-122.6345932,45.4786768],[-122.6346136,45.4786384],[-122.634654,45.4785538],[-122.6346838,45.478477],[-122.6346925,45.4784159],[-122.6346452,45.4783024],[-122.6345551,45.4782051],[-122.634411,45.4781163],[-122.6342015,45.4780135],[-122.6341114,45.4779161],[-122.6340749,45.4778025],[-122.6340603,45.4776961],[-122.6341118,45.4776189],[-122.6341427,45.4775726],[-122.6341739,45.4775339],[-122.6343532,45.4773934],[-122.6345833,45.4771528],[-122.6346356,45.4770985],[-122.6347277,45.4769444],[-122.6347478,45.4768983],[-122.6347874,45.4767908],[-122.6348069,45.4767295],[-122.6348151,45.4766531],[-122.6348209,45.4765082],[-122.6348353,45.4763022],[-122.6348271,45.4760661],[-122.6347998,45.4759066],[-122.6347763,45.4758537],[-122.6347284,45.475725],[-122.6346475,45.4755817],[-122.6346132,45.475529],[-122.6344993,45.4753711],[-122.6344638,45.4752879],[-122.6344387,45.4751893],[-122.6344814,45.4748608],[-122.6346293,45.4747514],[-122.6348097,45.4746413],[-122.6350234,45.4745535],[-122.635206,45.4745043],[-122.6354638,45.4744385],[-122.6358844,45.4743773],[-122.6376946,45.4743814],[-122.6385065,45.474351],[-122.6391339,45.4743163],[-122.6395669,45.4743006],[-122.639783,45.4742813],[-122.639848,45.4742801]]]}},{"type":"Feature","properties":{"boundary_id":"b-elementary-19","school_name":null,"review_status":"unverified"},"geometry":{"type":"Polygon","coordinates":[[[-122.7155825,45.4618033],[-122.718173,45.4618138],[-122.7192242,45.4618162],[-122.7193764,45.4618285],[-122.7195066,45.4618336],[-122.7206451,45.4618495],[-122.7232899,45.4618664],[-122.7232657,45.4623928],[-122.7232843,45.4629032],[-122.7232868,45.4629717],[-122.7232768,45.4635893],[-122.7232756,45.4641534],[-122.7232876,45.4644809],[-122.7232809,45.4645954],[-122.7232739,45.4652968],[-122.7232697,45.4654798],[-122.72342,45.4654388],[-122.7236249,45.4654119],[-122.724275,45.4654068],[-122.7252397,45.4654108],[-122.725619,45.4654111],[-122.7257156,45.4653863],[-122.7258125,45.4653692],[-122.7259194,45.465329],[-122.7260355,45.4652428],[-122.7265195,45.4648446],[-122.7265817,45.4647672],[-122.7266225,45.4646978],[-122.7266531,45.4646438],[-122.7266514,45.4645981],[-122.7266478,45.4644991],[-122.7266234,45.4644234],[-122.7265887,45.4643631],[-122.7264509,45.4641523],[-122.7263013,45.4639114],[-122.726266,45.4638358],[-122.7262521,45.4637522],[-122.7262505,45.4637065],[-122.7262699,45.4636452],[-122.7263424,45.4635523],[-122.7263735,45.4635136],[-122.7264371,45.4634742],[-122.7265326,45.463419],[-122.7266825,45.4633703],[-122.726823,45.46336],[-122.7269319,45.4633731],[-122.7270521,45.4634012],[-122.7279413,45.4637116],[-122.7282267,45.4638127],[-122.728523,45.4639136],[-122.7287765,45.4640306],[-122.7289879,45.4641789],[-122.7293575,45.4645071],[-122.7294902,45.4645807],[-122.7297859,45.4646664],[-122.7299603,45.4646935],[-122.7301228,45.4646903],[-122.7302414,45.4646727],[-122.7310139,45.4644594],[-122.7311855,45.4644103],[-122.7313573,45.4643688],[-122.7314651,45.4643515],[-122.7316817,45.4643472],[-122.7317578,45.4643533],[-122.7319758,45.4643872],[-122.7324898,45.4645143],[-122.7334303,45.4647474],[-122.7344142,45.4649796],[-122.7352667,45.4651763],[-122.73543,45.465196],[-122.7355172,45.4652095],[-122.7356685,45.4651989],[-122.7357763,45.4651816],[-122.7361528,45.4651056],[-122.7369267,45.4649303],[-122.7370783,45.4649273],[-122.7371974,45.464925],[-122.7373279,45.4649377],[-122.7375565,45.4649637],[-122.7378394,45.4649962],[-122.739156,45.465138],[-122.7395478,45.4651837],[-122.7401676,45.4652401],[-122.7406575,45.4652991],[-122.7412454,45.4653713],[-122.7413975,45.4653836],[-122.7421159,45.4654685],[-122.7429863,45.4655581],[-122.7437807,45.4656492],[-122.743774,45.4675321],[-122.7437834,45.4692623],[-122.7437904,45.4694527],[-122.743775,45.4710995],[-122.7437854,45.4725628],[-122.7437773,45.4732262],[-122.7438042,45.4742547],[-122.7437646,45.4746518],[-122.743778,45.4747202],[-122.7437598,45.4754066],[-122.7437512,45.4754677],[-122.7438912,45.4754421],[-122.7438825,45.475206],[-122.7449124,45.4752086],[-122.745064,45.4752056],[-122.7450627,45.4754648],[-122.7449216,45.4754599],[-122.7449238,45.4755209],[-122.7447975,45.4756225],[-122.7446295,45.4757706],[-122.7445748,45.4757564],[-122.7444876,45.4757429],[-122.7444014,45.4754626],[-122.7440656,45.4754692],[-122.7439568,45.4754561],[-122.7439726,45.475593],[-122.7439533,45.4759516],[-122.7437364,45.4759483],[-122.7437326,45.4764362],[-122.7437979,45.4764425],[-122.7437825,45.4769078],[-122.7438051,45.4775248],[-122.7437816,45.4777692],[-122.7437772,45.4779446],[-122.7437656,45.4782192],[-122.743783,45.4789888],[-122.7438014,45.4800784],[-122.7437903,45.4812525],[-122.7437849,45.482579],[-122.7437967,45.4840804],[-122.7437926,45.4845607],[-122.7438268,45.4857873],[-122.7438308,45.4858939],[-122.7438205,45.4870909],[-122.7436905,45.4870934],[-122.7423894,45.4870885],[-122.7410666,45.487084],[-122.7380406,45.4870519],[-122.7375092,45.4870471],[-122.7368589,45.4870522],[-122.7349075,45.4870523],[-122.7316871,45.4870391],[-122.7309282,45.4870387],[-122.7291184,45.4870588],[-122.7288148,45.4870571],[-122.728609,45.4870612],[-122.7283915,45.4870425],[-122.7281845,45.4870161],[-122.7281081,45.4870023],[-122.7279006,45.4869607],[-122.7276378,45.4868896],[-122.7274731,45.4868318],[-122.7272309,45.4867298],[-122.7270659,45.4866644],[-122.7267792,45.4865328],[-122.7263495,45.486343],[-122.7260736,45.4862112],[-122.7256233,45.4860523],[-122.7253292,45.4860123],[-122.725057,45.4859795],[-122.7245994,45.4859198],[-122.7245122,45.4859063],[-122.7237939,45.4858288],[-122.7236092,45.4858172],[-122.7234678,45.4858047],[-122.7233047,45.4857926],[-122.7224989,45.485694],[-122.7217161,45.485633],[-122.7213247,45.4856025],[-122.7207592,45.4855525],[-122.7202911,45.4855007],[-122.7199858,45.4854532],[-122.7197136,45.4854204],[-122.7194739,45.485387],[-122.7189164,45.4852606],[-122.7187417,45.4852259],[-122.718392,45.4851489],[-122.7183373,45.4851347],[-122.7181178,45.4850627],[-122.7178109,45.4849696],[-122.7173718,45.4848181],[-122.7167668,45.4845783],[-122.7165357,45.4844837],[-122.7140887,45.4833727],[-122.7130086,45.4828829],[-122.7129822,45.4830511],[-122.7129588,45.4833031],[-122.7129601,45.4836385],[-122.7129671,45.484431],[-122.7129363,45.4844774],[-122.7128974,45.4846001],[-122.7128518,45.4848372],[-122.7125046,45.4848287],[-122.711896,45.4847872],[-122.7117871,45.484774],[-122.7116449,45.4847387],[-122.7114879,45.4848942],[-122.7114254,45.484964],[-122.7113298,45.4850192],[-122.7112126,45.4850748],[-122.7110728,45.485108],[-122.7105106,45.4851494],[-122.710382,45.48519],[-122.7102075,45.4851629],[-122.7083206,45.4851461],[-122.7081145,45.4851424],[-122.7080378,45.4851211],[-122.7079826,45.4850916],[-122.7079484,45.4850466],[-122.7079504,45.4848026],[-122.7080136,45.4844508],[-122.7080436,45.4843816],[-122.7080842,45.4843046],[-122.7081773,45.4841808],[-122.7082184,45.4841191],[-122.7082901,45.4840034],[-122.708319,45.4839037],[-122.7083379,45.4838271],[-122.7083463,45.4837584],[-122.7083419,45.4836365],[-122.7082825,45.4834928],[-122.7082131,45.4833722],[-122.7081328,45.4832518],[-122.7079612,45.4830036],[-122.7077883,45.4827173],[-122.7077639,45.4826416],[-122.7077686,45.4824738],[-122.7077934,45.4822599],[-122.7078086,45.4817794],[-122.7078122,45.4815812],[-122.7077245,45.4815524],[-122.7076587,45.4815308],[-122.7074723,45.4814734],[-122.7072415,45.4813864],[-122.7070543,45.4813062],[-122.7069221,45.4812478],[-122.706558,45.4810719],[-122.7063597,45.4809843],[-122.705964,45.4808319],[-122.7050744,45.4805137],[-122.7046584,45.4803998],[-122.7043632,45.4803293],[-122.7039157,45.4802465],[-122.7025856,45.4800359],[-122.7022471,45.4799662],[-122.7019946,45.4798796],[-122.7017305,45.4797704],[-122.7014659,45.4796459],[-122.7013332,45.4795723],[-122.7011007,45.4794395],[-122.7009897,45.4793655],[-122.7009111,45.4792908],[-122.7007106,45.4791422],[-122.7002777,45.4788609],[-122.7001119,45.4787726],[-122.6999578,45.478707],[-122.6998256,45.4786486],[-122.6997815,45.4786266],[-122.6996276,45.4785686],[-122.6994957,45.4785178],[-122.6983548,45.4778386],[-122.6996491,45.4776612],[-122.7004572,45.4775236],[-122.7006938,45.4774733],[-122.7008863,45.477401],[-122.7010027,45.4773225],[-122.7010766,45.4772677],[-122.7012136,45.4771584],[-122.7016762,45.4767607],[-122.7020346,45.4764794],[-122.7023194,45.4762605],[-122.7023824,45.4762059],[-122.7024888,45.4761505],[-122.7026608,45.4761091],[-122.7027794,45.4760916],[-122.7029305,45.4760734],[-122.7039606,45.476084],[-122.7055104,45.4760769],[-122.7065185,45.4760802],[-122.7078192,45.4760779],[-122.7095539,45.47609],[-122.7098681,45.4760839],[-122.710378,45.4760969],[-122.7110179,45.4761074],[-122.7116805,45.4761479],[-122.7121247,45.4761392],[-122.7129701,45.4761381],[-122.7129562,45.4760545],[-122.712954,45.4747969],[-122.7129625,45.4741336],[-122.7129595,45.4725559],[-122.7129207,45.472084],[-122.7129589,45.4716412],[-122.7129566,45.4703836],[-122.7129526,45.4696748],[-122.7129578,45.4689201],[-122.7129494,45.4680895],[-122.7129503,45.4675178],[-122.7129585,45.4671441],[-122.7129574,45.4668164],[-122.7129426,45.4661078],[-122.712948,45.4653608],[-122.7129709,45.4647963],[-122.7129621,45.4645525],[-122.7129473,45.4635467],[-122.713082,45.4633764],[-122.7136374,45.4631522],[-122.7138202,45.4631105],[-122.7139896,45.4630005],[-122.7142567,45.4628962],[-122.714758,45.462673],[-122.714949,45.4625626],[-122.7151071,45.4624376],[-122.7152956,45.4622586],[-122.7153578,45.4621812],[-122.7155825,45.4618033]]]}},{"type":"Feature","properties":{"boundary_id":"b-elementary-20","school_name":null,"review_status":"unverified"},"geometry":{"type":"Polygon","coordinates":[[[-122.5568134,45.4646691],[-122.5561522,45.4646658],[-122.5557729,45.4646651],[-122.5546679,45.4646774],[-122.5536277,45.4646809],[-122.5531945,45.4646888],[-122.5531815,45.4610849],[-122.5581116,45.461072],[-122.5584372,45.4610889],[-122.559077,45.4611002],[-122.5631665,45.4612242],[-122.564045,45.4612464],[-122.5648043,45.4612707],[-122.5652494,45.4612931],[-122.5653688,45.4612986],[-122.56577,45.4613065],[-122.5671583,45.4613422],[-122.5676139,45.4613568],[-122.5680912,45.461371],[-122.5686553,45.4613912],[-122.5700753,45.4614035],[-122.5704549,45.4614118],[-122.5708883,45.4614116],[-122.5713545,45.4614183],[-122.5721026,45.4614276],[-122.5728728,45.4614516],[-122.5738157,45.4614573],[-122.5759298,45.4614873],[-122.579096,45.4615438],[-122.5790976,45.4615895],[-122.5790942,45.462443],[-122.5790909,45.4626641],[-122.579092,45.4633346],[-122.5790944,45.4634031],[-122.5790851,45.463449],[-122.5790867,45.4634947],[-122.579092,45.4642871],[-122.5790853,45.4644092],[-122.5790882,45.4644929],[-122.5790881,45.4651254],[-122.5790832,45.4665733],[-122.5790838,45.4669086],[-122.5790939,45.4672056],[-122.5790984,45.4673351],[-122.5791007,45.4674036],[-122.579075,45.4676022],[-122.5790784,45.4680212],[-122.5790685,45.4686844],[-122.5790749,45.4695072],[-122.5790716,45.4700483],[-122.5790753,45.4701549],[-122.579087,45.4704976],[-122.5790899,45.4709014],[-122.5790946,45.4710385],[-122.5790907,45.4712443],[-122.5790851,45.4713968],[-122.5790865,45.472075],[-122.5790832,45.472296],[-122.5780418,45.4722693],[-122.5770113,45.4722424],[-122.5770456,45.4722951],[-122.5770514,45.4740552],[-122.5770471,45.4758384],[-122.5765588,45.4758245],[-122.5764608,45.475811],[-122.5758859,45.4757986],[-122.575528,45.4757899],[-122.5754804,45.4769414],[-122.5754692,45.4775664],[-122.5754114,45.4790534],[-122.5754009,45.4793813],[-122.5759216,45.4793946],[-122.5758876,45.4806221],[-122.5753779,45.4806161],[-122.5748682,45.4806102],[-122.5748485,45.481624],[-122.5748367,45.4819138],[-122.5748251,45.4822112],[-122.5748705,45.4822713],[-122.5743719,45.4822727],[-122.5742961,45.4822741],[-122.5741228,45.4822773],[-122.5741264,45.4823839],[-122.5741075,45.4834206],[-122.5741023,45.4835883],[-122.5741045,45.4846093],[-122.5741069,45.4846779],[-122.5741132,45.4858208],[-122.5740991,45.486362],[-122.5740904,45.4864231],[-122.5740755,45.4869416],[-122.5740571,45.4879935],[-122.5740491,45.4883975],[-122.5740618,45.4884506],[-122.5740513,45.4890985],[-122.5740374,45.4896474],[-122.5740202,45.4900973],[-122.5740233,45.4901886],[-122.5738711,45.4901762],[-122.5732636,45.4901644],[-122.5723083,45.4901284],[-122.5722106,45.4901225],[-122.5713967,45.4900992],[-122.5704527,45.4900782],[-122.5695197,45.490057],[-122.568576,45.4900437],[-122.5666023,45.4900261],[-122.5660593,45.4899978],[-122.5656795,45.4899895],[-122.565137,45.4899764],[-122.5634228,45.4899389],[-122.5621969,45.4899153],[-122.560873,45.4898783],[-122.5596688,45.4898543],[-122.5583124,45.4898178],[-122.557239,45.4898143],[-122.5570982,45.4898168],[-122.555732,45.489811],[-122.5557256,45.4896206],[-122.5557187,45.489095],[-122.5550897,45.489091],[-122.5550947,45.4889157],[-122.5545633,45.48891],[-122.5544118,45.4889204],[-122.5531651,45.48892],[-122.5531522,45.4888592],[-122.5531621,45.4881885],[-122.5531573,45.4880438],[-122.5532223,45.4880427],[-122.5535259,45.4880448],[-122.5539268,45.4880376],[-122.5546751,45.488047],[-122.5548366,45.4880136],[-122.5557255,45.4880128],[-122.5577959,45.488006],[-122.5581971,45.4880064],[-122.5583057,45.488012],[-122.5582993,45.4875016],[-122.5582914,45.4866255],[-122.5582692,45.4840428],[-122.5582682,45.4836923],[-122.5581276,45.4837025],[-122.5572287,45.4837263],[-122.5557778,45.4837753],[-122.5556908,45.4837693],[-122.5550522,45.483796],[-122.5544782,45.483814],[-122.5543702,45.4838235],[-122.5531465,45.4838608],[-122.5531522,45.4837083],[-122.5531549,45.4828244],[-122.5529896,45.4827436],[-122.5528134,45.4826629],[-122.5528255,45.4817331],[-122.5528907,45.4817395],[-122.552919,45.4796817],[-122.5529283,45.4783481],[-122.5531019,45.4783526],[-122.5540667,45.4783581],[-122.5553785,45.4783649],[-122.5559313,45.4783625],[-122.5564301,45.4783688],[-122.5574055,45.4783664],[-122.5580993,45.4783691],[-122.5582946,45.4783732],[-122.5583133,45.4770013],[-122.5581495,45.4769662],[-122.5574184,45.4768194],[-122.5564473,45.4766312],[-122.555793,45.4765134],[-122.5555532,45.476472],[-122.5555549,45.4755576],[-122.5555525,45.4754891],[-122.5555595,45.4753747],[-122.5556354,45.4753733],[-122.5557648,45.4753557],[-122.5557807,45.4726123],[-122.5557862,45.4718122],[-122.5532192,45.4718585],[-122.5532068,45.471493],[-122.5532038,45.4714016],[-122.5557745,45.4711418],[-122.5557872,45.4705549],[-122.5557909,45.4700214],[-122.5558559,45.4700203],[-122.5561697,45.470007],[-122.5562894,45.4700201],[-122.5562853,45.4695782],[-122.5557972,45.4695641],[-122.5557948,45.4694956],[-122.5557939,45.4691451],[-122.5557885,45.4689852],[-122.5561895,45.4689856],[-122.5563844,45.468982],[-122.556385,45.4686772],[-122.5565908,45.4686735],[-122.5565759,45.4682319],[-122.5562076,45.4682385],[-122.5557852,45.4682461],[-122.5557937,45.4681774],[-122.5557878,45.4680023],[-122.555793,45.4678345],[-122.5557923,45.4674916],[-122.5564316,45.4674877],[-122.556822,45.4674959],[-122.5571905,45.4674969],[-122.5571998,45.467771],[-122.5574705,45.4677661],[-122.5574615,45.4674996],[-122.5578406,45.4674927],[-122.5583499,45.4674911],[-122.5583539,45.4663252],[-122.558345,45.4654186],[-122.5584768,45.4654696],[-122.5586524,45.465535],[-122.558838,45.4655774],[-122.5589798,45.4656053],[-122.5591328,45.4656406],[-122.5592307,45.4656541],[-122.5592509,45.4646479],[-122.556965,45.4646664],[-122.5568134,45.4646691]]]}},{"type":"Feature","properties":{"boundary_id":"b-elementary-21","school_name":null,"review_status":"unverified"},"geometry":{"type":"Polygon","coordinates":[[[-122.6172142,45.5219965],[-122.6172126,45.5216384],[-122.6173427,45.521636],[-122.6179286,45.5216404],[-122.6181237,45.5216368],[-122.6182863,45.5216338],[-122.6184487,45.5216232],[-122.6185243,45.5216142],[-122.6186105,45.5215973],[-122.6187829,45.5215636],[-122.6189333,45.5215228],[-122.619116,45.5214737],[-122.6192664,45.5214328],[-122.6194388,45.5213991],[-122.6195684,45.5213815],[-122.6197087,45.5213636],[-122.619828,45.5213614],[-122.6199364,45.5213594],[-122.6226049,45.5213633],[-122.6226036,45.5216377],[-122.6225957,45.5217217],[-122.6229537,45.5217226],[-122.6229371,45.5228051],[-122.6231214,45.5228017],[-122.6234789,45.5227874],[-122.6236735,45.5227686],[-122.6238464,45.5227501],[-122.6239868,45.5227323],[-122.624235,45.5226972],[-122.6244182,45.5226633],[-122.6249671,45.5225388],[-122.6253764,45.522455],[-122.6258719,45.5223544],[-122.6260984,45.5223197],[-122.6261738,45.522303],[-122.6263033,45.5222854],[-122.6264437,45.5222676],[-122.6274056,45.5221659],[-122.6277305,45.5221522],[-122.6278609,45.5221574],[-122.6280023,45.52217],[-122.6281115,45.5221909],[-122.6282538,45.5222263],[-122.6284285,45.5222612],[-122.628657,45.5222798],[-122.6288193,45.5222691],[-122.6289166,45.5222597],[-122.6290242,45.5222349],[-122.6293253,45.5221607],[-122.6294224,45.5221436],[-122.6294983,45.5221422],[-122.6298018,45.5221366],[-122.6314725,45.5221436],[-122.6316131,45.5221334],[-122.6316067,45.5228803],[-122.6316089,45.5232537],[-122.6316111,45.5236271],[-122.6316036,45.5243436],[-122.6317226,45.5243337],[-122.6330137,45.5243402],[-122.634424,45.5243444],[-122.6344163,45.5250533],[-122.6344089,45.5257698],[-122.634412,45.5264785],[-122.6344042,45.5271873],[-122.6343971,45.5279114],[-122.6344002,45.5286201],[-122.6343927,45.5293366],[-122.634385,45.5300455],[-122.6343906,45.5302054],[-122.6336307,45.5305015],[-122.6327103,45.5308616],[-122.6323248,45.531006],[-122.6305385,45.5317327],[-122.6287947,45.5324357],[-122.6280564,45.5327313],[-122.6271471,45.5330988],[-122.6259167,45.5335941],[-122.625767,45.5336578],[-122.6256174,45.5337216],[-122.6254032,45.5338017],[-122.6252533,45.5338579],[-122.6251462,45.5338979],[-122.6250179,45.5339537],[-122.6248043,45.5340491],[-122.6246511,45.5340138],[-122.6241701,45.5339084],[-122.6237327,45.5338098],[-122.6229843,45.5338161],[-122.6227564,45.5338127],[-122.6221497,45.5338391],[-122.6211832,45.5338113],[-122.6207818,45.5338111],[-122.6202939,45.5338201],[-122.6202071,45.5338217],[-122.618959,45.5338067],[-122.6171792,45.5337938],[-122.616832,45.5337926],[-122.6159422,45.5337862],[-122.614868,45.5337831],[-122.6138586,45.5337713],[-122.6128387,45.5337672],[-122.6125782,45.5337644],[-122.6118293,45.5337553],[-122.6111782,45.5337521],[-122.6109939,45.5337554],[-122.6108091,45.5337436],[-122.6098978,45.5337451],[-122.608726,45.5337438],[-122.6077711,45.5337385],[-122.6074781,45.5337363],[-122.6067512,45.5337344],[-122.6057423,45.5337377],[-122.6052105,45.5337322],[-122.6048633,45.533731],[-122.6048695,45.5332813],[-122.6048823,45.5323971],[-122.604889,45.532275],[-122.6048863,45.5321989],[-122.604944,45.5319844],[-122.6049533,45.5319385],[-122.6049759,45.5310237],[-122.6049784,45.5304673],[-122.6049871,45.5304062],[-122.6050059,45.530322],[-122.6050252,45.5302531],[-122.6050321,45.5301387],[-122.6050285,45.5300321],[-122.6050372,45.5284011],[-122.6049106,45.5281901],[-122.6048183,45.5280318],[-122.6046798,45.5277905],[-122.6046756,45.5276686],[-122.6046868,45.5273636],[-122.6046818,45.5272189],[-122.6046898,45.52651],[-122.605308,45.5265063],[-122.6053111,45.5256528],[-122.6053198,45.5255916],[-122.6053311,45.5249742],[-122.6053291,45.5242884],[-122.6062836,45.5242861],[-122.6073359,45.5242896],[-122.607435,45.5243335],[-122.6075342,45.5243774],[-122.608771,45.5243851],[-122.6101486,45.5243826],[-122.6110166,45.5243895],[-122.611244,45.5243777],[-122.6119275,45.5243803],[-122.6119306,45.5250966],[-122.612625,45.525099],[-122.6126112,45.5250154],[-122.6126107,45.5246878],[-122.6133484,45.5246894],[-122.61336,45.5243996],[-122.6149224,45.5244089],[-122.6149132,45.5238299],[-122.6148997,45.5237539],[-122.6149203,45.5230982],[-122.6149166,45.5229916],[-122.6150478,45.5230196],[-122.61519,45.5230551],[-122.6153103,45.5230834],[-122.6153981,45.5231122],[-122.615594,45.5231315],[-122.6160824,45.5231377],[-122.616071,45.5228102],[-122.6160533,45.5219875],[-122.6171053,45.5219833],[-122.6172142,45.5219965]]]}},{"type":"Feature","properties":{"boundary_id":"b-elementary-22","school_name":null,"review_status":"unverified"},"geometry":{"type":"Polygon","coordinates":[[[-122.5966225,45.4632339],[-122.5966418,45.4625325],[-122.5966471,45.4623724],[-122.5966614,45.4615263],[-122.5967913,45.4615239],[-122.5968563,45.4615227],[-122.5970837,45.4615185],[-122.5972464,45.4615231],[-122.597463,45.4615191],[-122.5976799,45.4615227],[-122.5979506,45.4615177],[-122.5984493,45.4615238],[-122.5987095,45.4615266],[-122.5997602,45.4615148],[-122.6001395,45.4615154],[-122.6015262,45.4615051],[-122.6023496,45.4614975],[-122.602545,45.4615091],[-122.6027397,45.4614979],[-122.603054,45.4614997],[-122.6039861,45.4615053],[-122.6040836,45.4615035],[-122.6049291,45.4615108],[-122.605796,45.46151],[-122.6066848,45.4615164],[-122.6067934,45.461522],[-122.6086682,45.4615253],[-122.6099794,45.4615239],[-122.6109004,45.4615221],[-122.6119731,45.4615174],[-122.6130566,45.4615125],[-122.6132082,45.4615097],[-122.6137391,45.4615075],[-122.6154402,45.4614987],[-122.6162635,45.461491],[-122.6163501,45.4614894],[-122.6168918,45.461487],[-122.6189611,45.4614713],[-122.6195137,45.4614686],[-122.6202287,45.4614629],[-122.6207704,45.4614604],[-122.6217134,45.4614657],[-122.6219516,45.4614613],[-122.6223309,45.4614618],[-122.6224392,45.4614598],[-122.6224745,45.4624727],[-122.622511,45.4628988],[-122.6225303,45.4631423],[-122.6225501,45.463401],[-122.6225613,45.4643458],[-122.6225743,45.4650314],[-122.6209923,45.4650381],[-122.6209165,45.4650395],[-122.6209173,45.4653748],[-122.6210148,45.465373],[-122.6210159,45.4657159],[-122.6210169,45.4660588],[-122.6210289,45.4664015],[-122.6210268,45.466653],[-122.6211242,45.4666512],[-122.6211285,45.4670855],[-122.6211415,45.4677712],[-122.6211437,45.468457],[-122.6211567,45.4691426],[-122.6211588,45.4698284],[-122.6211707,45.4701711],[-122.6211737,45.4702549],[-122.6210545,45.4702571],[-122.6210503,45.4704477],[-122.6210743,45.4705159],[-122.6210879,45.4712167],[-122.6210892,45.4718797],[-122.6210985,45.4724587],[-122.6211033,45.4725958],[-122.6212034,45.4726701],[-122.6212006,45.4732113],[-122.6211924,45.4732876],[-122.6212159,45.4739654],[-122.6212508,45.4740334],[-122.6212525,45.474704],[-122.6206564,45.4747075],[-122.620637,45.476331],[-122.6206297,45.4770551],[-122.6206324,45.4777562],[-122.6206247,45.4784727],[-122.6206179,45.479212],[-122.6195555,45.4792089],[-122.6194469,45.4792033],[-122.6185148,45.4792054],[-122.6174957,45.4792015],[-122.6164875,45.4791973],[-122.6154687,45.479201],[-122.6144605,45.4791968],[-122.6134414,45.4791929],[-122.6124223,45.4791889],[-122.6114144,45.4791923],[-122.6100592,45.479187],[-122.6087474,45.4791807],[-122.6087544,45.4784414],[-122.6087518,45.4780528],[-122.6087513,45.4777251],[-122.6087545,45.4775041],[-122.6087485,45.4770165],[-122.6087541,45.4765515],[-122.6087509,45.4764601],[-122.6087454,45.4763002],[-122.6087544,45.4759343],[-122.6087624,45.4758503],[-122.6059442,45.4758491],[-122.6048493,45.4758464],[-122.6041883,45.475851],[-122.6035487,45.4758476],[-122.6028982,45.4758443],[-122.6022589,45.4758485],[-122.6016193,45.4758451],[-122.6014134,45.4758489],[-122.6009691,45.4758495],[-122.6003294,45.475846],[-122.5996898,45.4758425],[-122.5990396,45.4758469],[-122.5984003,45.4758511],[-122.5981403,45.4758558],[-122.5977501,45.4758554],[-122.5971432,45.475859],[-122.5964714,45.4758637],[-122.5961897,45.4758689],[-122.5961942,45.473476],[-122.5962098,45.4710905],[-122.5962129,45.4686596],[-122.5968739,45.468655],[-122.596871,45.4676263],[-122.5968959,45.4674049],[-122.5969373,45.4651409],[-122.5965797,45.4651398],[-122.5966008,45.4641793],[-122.5966225,45.4632339]]]}},{"type":"Feature","properties":{"boundary_id":"b-elementary-23","school_name":null,"review_status":"unverified"},"geometry":{"type":"Polygon","coordinates":[[[-122.6384464,45.4642847],[-122.6387926,45.4642706],[-122.6390626,45.4642427],[-122.639149,45.4642334],[-122.639678,45.4641777],[-122.6401749,45.4641303],[-122.6404892,45.464132],[-122.6406194,45.4641372],[-122.640783,45.4641646],[-122.6408482,45.464171],[-122.6409245,45.4641848],[-122.641012,45.464206],[-122.6412746,45.4642773],[-122.6413293,45.4642915],[-122.6414489,45.4643045],[-122.6416338,45.4643239],[-122.6418399,45.4643276],[-122.6431511,45.4643258],[-122.6432055,45.4643324],[-122.6451346,45.4643342],[-122.6471287,45.4643347],[-122.6491011,45.4643355],[-122.6510951,45.464336],[-122.6530892,45.4643364],[-122.6550724,45.464337],[-122.6570664,45.4643373],[-122.6580744,45.4643411],[-122.659093,45.464337],[-122.6601007,45.4643331],[-122.6610762,45.4643375],[-122.6612281,45.4643422],[-122.661423,45.4643385],[-122.6614988,45.4643371],[-122.6622469,45.4643457],[-122.6636667,45.4643492],[-122.6639269,45.4643519],[-122.6651948,45.4643507],[-122.6656312,45.4653484],[-122.6657251,45.4655524],[-122.666455,45.4711555],[-122.6675019,45.476524],[-122.6688414,45.4834112],[-122.6691046,45.4844122],[-122.6691447,45.4846248],[-122.6691274,45.4847471],[-122.6692798,45.4853768],[-122.6690431,45.485427],[-122.6675787,45.4857063],[-122.6666957,45.4858755],[-122.6590507,45.4873466],[-122.6549485,45.4881481],[-122.654173,45.4882923],[-122.6531714,45.4884789],[-122.6527729,45.488555],[-122.6521269,45.4886815],[-122.6519869,45.488707],[-122.6514377,45.4881991],[-122.6513817,45.4881469],[-122.6512466,45.4880046],[-122.6511461,45.4879227],[-122.6507329,45.4875799],[-122.6503443,45.4873205],[-122.6499563,45.4870763],[-122.6494596,45.4868265],[-122.6483678,45.4862983],[-122.6478161,45.4860268],[-122.6473637,45.485799],[-122.6470219,45.4856378],[-122.6464264,45.4853518],[-122.6463715,45.4853299],[-122.645655,45.4849928],[-122.6454451,45.4848825],[-122.6452575,45.4847869],[-122.6448922,45.4845728],[-122.6446924,45.4844394],[-122.6445036,45.4843134],[-122.644381,45.4842166],[-122.6442134,45.4840749],[-122.6440567,45.4839331],[-122.6439218,45.4837984],[-122.6437193,45.4835889],[-122.6435396,45.4834093],[-122.6433799,45.4831837],[-122.642968,45.4825665],[-122.642945,45.4825288],[-122.6428421,45.4823783],[-122.6427049,45.4821752],[-122.6424492,45.4816846],[-122.6423453,45.4815036],[-122.6422167,45.4812393],[-122.6420379,45.4807778],[-122.6420139,45.4807097],[-122.6417697,45.4799293],[-122.6416802,45.4795423],[-122.641293,45.4777738],[-122.6410569,45.4769171],[-122.6410077,45.4767504],[-122.6406367,45.475134],[-122.6406078,45.4749288],[-122.6404538,45.4742458],[-122.639848,45.4742801],[-122.639783,45.4742813],[-122.6395669,45.4743006],[-122.639265,45.4731097],[-122.6389267,45.4718053],[-122.6388224,45.4713043],[-122.6386671,45.4705832],[-122.6383831,45.4692853],[-122.6382667,45.4687464],[-122.6378815,45.4670313],[-122.637613,45.4658627],[-122.6375989,45.4657715],[-122.637244,45.4642997],[-122.6373742,45.4643049],[-122.6375261,45.4643096],[-122.6384464,45.4642847]]]}},{"type":"Feature","properties":{"boundary_id":"b-elementary-24","school_name":null,"review_status":"unverified"},"geometry":{"type":"Polygon","coordinates":[[[-122.7194925,45.4331129],[-122.7195122,45.4330592],[-122.7196296,45.4327139],[-122.719668,45.4325759],[-122.7196963,45.432461],[-122.7197024,45.4323313],[-122.7196988,45.4322323],[-122.7196847,45.4321411],[-122.719638,45.4320506],[-122.7195909,45.4319448],[-122.7195565,45.4318921],[-122.719466,45.4317871],[-122.7193988,45.4317275],[-122.7193095,45.431653],[-122.7184536,45.4310523],[-122.7183532,45.4309704],[-122.718545,45.4308829],[-122.7186302,45.4308431],[-122.7186837,45.4308268],[-122.7187914,45.4308094],[-122.7188888,45.4308075],[-122.7189757,45.4308135],[-122.7190629,45.430827],[-122.7192374,45.4308617],[-122.7194353,45.4309417],[-122.719556,45.430985],[-122.7197206,45.4310428],[-122.7198421,45.431109],[-122.7201402,45.4312633],[-122.7204072,45.4314562],[-122.7205973,45.4316202],[-122.7207321,45.4317547],[-122.7209577,45.4320019],[-122.7213773,45.4325196],[-122.721876,45.4331273],[-122.7219327,45.4331947],[-122.7221927,45.4334945],[-122.7222374,45.4335318],[-122.7223043,45.4335838],[-122.7223931,45.4336431],[-122.7224375,45.4336727],[-122.7225701,45.4337463],[-122.7227458,45.4338115],[-122.7228335,45.4338403],[-122.7229645,45.4338682],[-122.7230739,45.4338965],[-122.7243786,45.434031],[-122.7245202,45.4340511],[-122.7246295,45.4340795],[-122.7247389,45.4341078],[-122.7248269,45.4341442],[-122.7249809,45.4342098],[-122.7253775,45.4343926],[-122.7254544,45.4344216],[-122.725564,45.4344575],[-122.7257061,45.4344928],[-122.7258477,45.4345129],[-122.725967,45.4345182],[-122.7261189,45.4345229],[-122.7262701,45.4345123],[-122.7264211,45.4344941],[-122.7266037,45.4344524],[-122.7279526,45.4340143],[-122.7287875,45.4337387],[-122.7300725,45.4333324],[-122.7302548,45.433283],[-122.7305124,45.433217],[-122.7315735,45.4332038],[-122.7321041,45.433201],[-122.732234,45.4331984],[-122.7325046,45.4331931],[-122.7325912,45.4331914],[-122.7327214,45.4331964],[-122.7330461,45.43319],[-122.7334036,45.4331906],[-122.7336634,45.4331855],[-122.733891,45.4331887],[-122.7341618,45.433191],[-122.734758,45.4332021],[-122.7350403,45.4332194],[-122.7353656,45.4332282],[-122.7362648,45.4332334],[-122.7364272,45.4332302],[-122.7376731,45.4332361],[-122.738312,45.4332311],[-122.7384097,45.4332368],[-122.7386262,45.4332326],[-122.7390919,45.433231],[-122.7402515,45.4332462],[-122.7413242,45.4332555],[-122.7424838,45.4332707],[-122.7432853,45.4332702],[-122.7434916,45.4332813],[-122.7436106,45.433279],[-122.7437516,45.4332838],[-122.7439684,45.4332871],[-122.7439731,45.4334166],[-122.7439665,45.4335311],[-122.7439578,45.4350634],[-122.7439497,45.4369083],[-122.7439287,45.4384028],[-122.7439297,45.4390202],[-122.7439179,45.4404687],[-122.7439102,45.4405527],[-122.743919,45.4413834],[-122.7438922,45.442718],[-122.7438997,45.4429236],[-122.7438874,45.4446542],[-122.7438603,45.4450969],[-122.7438571,45.4453027],[-122.7438534,45.4469722],[-122.7438537,45.4472771],[-122.7438486,45.4477269],[-122.7438359,45.4512184],[-122.7438249,45.4526898],[-122.7438215,45.4531853],[-122.7438075,45.4548702],[-122.7438199,45.4566842],[-122.7438209,45.4573016],[-122.7438301,45.4581399],[-122.743813,45.459741],[-122.7438059,45.4601375],[-122.743811,45.4605719],[-122.7438286,45.461936],[-122.743845,45.4620881],[-122.7438153,45.4639334],[-122.7437807,45.4656492],[-122.7429863,45.4655581],[-122.7421159,45.4654685],[-122.7413975,45.4653836],[-122.7412454,45.4653713],[-122.7406575,45.4652991],[-122.7401676,45.4652401],[-122.7395478,45.4651837],[-122.739156,45.465138],[-122.7378394,45.4649962],[-122.7375565,45.4649637],[-122.7373279,45.4649377],[-122.7371974,45.464925],[-122.7370783,45.4649273],[-122.7369267,45.4649303],[-122.7361528,45.4651056],[-122.7357763,45.4651816],[-122.7356685,45.4651989],[-122.7355172,45.4652095],[-122.73543,45.465196],[-122.7352667,45.4651763],[-122.7344142,45.4649796],[-122.7334303,45.4647474],[-122.7324898,45.4645143],[-122.7319758,45.4643872],[-122.7317578,45.4643533],[-122.7316817,45.4643472],[-122.7314651,45.4643515],[-122.7313573,45.4643688],[-122.7311855,45.4644103],[-122.7310139,45.4644594],[-122.7302414,45.4646727],[-122.7301228,45.4646903],[-122.7299603,45.4646935],[-122.7297859,45.4646664],[-122.7294902,45.4645807],[-122.7293575,45.4645071],[-122.7289879,45.4641789],[-122.7287765,45.4640306],[-122.728523,45.4639136],[-122.7282267,45.4638127],[-122.7279413,45.4637116],[-122.7270521,45.4634012],[-122.7269319,45.4633731],[-122.726823,45.46336],[-122.7266825,45.4633703],[-122.7265326,45.463419],[-122.7264371,45.4634742],[-122.7263735,45.4635136],[-122.7263424,45.4635523],[-122.7262699,45.4636452],[-122.7262505,45.4637065],[-122.7262521,45.4637522],[-122.726266,45.4638358],[-122.7263013,45.4639114],[-122.7264509,45.4641523],[-122.7265887,45.4643631],[-122.7266234,45.4644234],[-122.7266478,45.4644991],[-122.7266514,45.4645981],[-122.7266531,45.4646438],[-122.7266225,45.4646978],[-122.7265817,45.4647672],[-122.7265195,45.4648446],[-122.7260355,45.4652428],[-122.7259194,45.465329],[-122.7258125,45.4653692],[-122.7257156,45.4653863],[-122.725619,45.4654111],[-122.7252397,45.4654108],[-122.724275,45.4654068],[-122.7236249,45.4654119],[-122.72342,45.4654388],[-122.7232697,45.4654798],[-122.7232739,45.4652968],[-122.7232809,45.4645954],[-122.7232876,45.4644809],[-122.7232756,45.4641534],[-122.7232768,45.4635893],[-122.7232868,45.4629717],[-122.7232843,45.4629032],[-122.7233118,45.4627654],[-122.7233412,45.462681],[-122.7233915,45.4625733],[-122.7234429,45.4624961],[-122.7235476,45.462395],[-122.7236639,45.4623165],[-122.7237808,45.4622532],[-122.7238872,45.4621978],[-122.7240452,45.4620727],[-122.7240974,45.4620183],[-122.7242643,45.4618398],[-122.7243562,45.4616855],[-122.7244767,45.461424],[-122.7246611,45.4611308],[-122.7247758,45.4610066],[-122.7248802,45.4608978],[-122.7249538,45.4608354],[-122.7250276,45.4607806],[-122.7251018,45.4607334],[-122.7254736,45.460528],[-122.7258445,45.4602996],[-122.7260767,45.4601274],[-122.7262544,45.4599486],[-122.7263579,45.459817],[-122.7264912,45.4596086],[-122.7269313,45.4588987],[-122.7270002,45.4587068],[-122.7270279,45.4585767],[-122.7270477,45.458523],[-122.7270654,45.4584159],[-122.7270735,45.4583395],[-122.7270829,45.4583012],[-122.727081,45.4582479],[-122.7271098,45.4581482],[-122.7271254,45.4579802],[-122.7271093,45.4578357],[-122.7271076,45.45779],[-122.7270432,45.4575093],[-122.7267342,45.4567607],[-122.7265576,45.4563754],[-122.7265201,45.4562389],[-122.7264937,45.4561099],[-122.7264354,45.4548076],[-122.7264107,45.4547242],[-122.72627,45.454727],[-122.7254681,45.4547274],[-122.72446,45.4547166],[-122.7231593,45.454704],[-122.7224549,45.4547025],[-122.7220104,45.4546959],[-122.7211758,45.4546894],[-122.7205675,45.4546479],[-122.7191043,45.4546383],[-122.718669,45.4545858],[-122.718375,45.4545458],[-122.7178544,45.4545331],[-122.7174535,45.4545333],[-122.7154586,45.4545036],[-122.715299,45.4545829],[-122.7149275,45.454796],[-122.7141836,45.4551992],[-122.7126747,45.4560213],[-122.7120371,45.456369],[-122.7119521,45.4564164],[-122.711113,45.4568824],[-122.7102738,45.4573485],[-122.710008,45.4574908],[-122.7083938,45.4583987],[-122.7078733,45.4586908],[-122.7078689,45.458569],[-122.707871,45.458325],[-122.7078654,45.4575705],[-122.7088655,45.4573606],[-122.7095217,45.4572259],[-122.7098335,45.4571588],[-122.7099943,45.45711],[-122.7101334,45.4570616],[-122.7101784,45.4568091],[-122.7101954,45.4566792],[-122.7102359,45.4566022],[-122.7102776,45.4565557],[-122.7103301,45.4565089],[-122.7104045,45.4564694],[-122.7110229,45.4561906],[-122.7112251,45.4560876],[-122.7113845,45.4560006],[-122.7114475,45.455946],[-122.7114997,45.4558917],[-122.7115519,45.4558373],[-122.7115925,45.4557603],[-122.7117028,45.4555142],[-122.7118006,45.4552227],[-122.7118306,45.4551535],[-122.7119017,45.4550225],[-122.7119325,45.4549762],[-122.7119842,45.4549066],[-122.7120358,45.454837],[-122.7121713,45.4546895],[-122.7123393,45.4545415],[-122.7124124,45.4544638],[-122.7124643,45.4544018],[-122.7125162,45.4543398],[-122.7125682,45.4542779],[-122.7126304,45.4542004],[-122.7127334,45.4540536],[-122.7128148,45.4539072],[-122.7128745,45.4537612],[-122.7129245,45.4536459],[-122.7129337,45.4536],[-122.7129609,45.4534546],[-122.7129774,45.4533095],[-122.7129696,45.4518995],[-122.7129744,45.4505351],[-122.7129799,45.4491934],[-122.712979,45.4482712],[-122.712977,45.4476157],[-122.7129789,45.4473718],[-122.7129796,45.4467925],[-122.7129789,45.4464723],[-122.7129865,45.4460835],[-122.7129973,45.445786],[-122.7129951,45.445725],[-122.7130258,45.4453738],[-122.7130262,45.4447869],[-122.7130331,45.4446801],[-122.7130087,45.4446043],[-122.7130024,45.4444291],[-122.7129961,45.4439567],[-122.7129795,45.4437969],[-122.7129813,45.4432481],[-122.7129881,45.4425391],[-122.7129871,45.4419141],[-122.7129909,45.4411213],[-122.712977,45.4410377],[-122.7130034,45.4408695],[-122.7130049,45.4403131],[-122.7130127,45.4402291],[-122.7131426,45.4402265],[-122.7150282,45.4402431],[-122.7151814,45.4402859],[-122.7153116,45.440291],[-122.717273,45.440306],[-122.7174029,45.4403035],[-122.7182914,45.440309],[-122.7187466,45.4403154],[-122.7192668,45.4403204],[-122.7197759,45.4403181],[-122.7200468,45.4403204],[-122.721239,45.4403352],[-122.7215099,45.4403376],[-122.7232545,45.4403492],[-122.723753,45.4403546],[-122.7246199,45.4403605],[-122.7247068,45.4403665],[-122.7253027,45.44037],[-122.7259961,45.4403717],[-122.7272641,45.4403849],[-122.7272777,45.4401636],[-122.7272793,45.439912],[-122.7272449,45.4395621],[-122.7272505,45.4394172],[-122.7272441,45.4386474],[-122.7272227,45.4383582],[-122.7271106,45.4379564],[-122.7269709,45.4376923],[-122.7266753,45.4373094],[-122.7265968,45.4372347],[-122.7264958,45.4371376],[-122.7264175,45.4370705],[-122.7262615,45.4369516],[-122.726206,45.4369146],[-122.7260281,45.4367885],[-122.7258174,45.4366554],[-122.7256184,45.436545],[-122.7255082,45.4364938],[-122.7253983,45.4364502],[-122.7253103,45.4364138],[-122.7251676,45.4363633],[-122.7250799,45.4363345],[-122.7249375,45.4362916],[-122.7247516,45.4362418],[-122.7246969,45.4362277],[-122.7245442,45.4362002],[-122.7244571,45.4361866],[-122.7243155,45.4361665],[-122.7241959,45.4361536],[-122.7236194,45.4360887],[-122.7228034,45.4359904],[-122.7214545,45.4358338],[-122.721291,45.4358065],[-122.7210831,45.4357496],[-122.720885,45.435662],[-122.7207753,45.4356261],[-122.7205758,45.4355004],[-122.7204093,45.4353893],[-122.7203415,45.4353144],[-122.7202391,45.4351792],[-122.7201587,45.4350512],[-122.7201245,45.4350061],[-122.7200196,45.4348024],[-122.7199381,45.4346439],[-122.7198673,45.4344852],[-122.7195598,45.4337747],[-122.719536,45.4337142],[-122.7194852,45.4335094],[-122.7194569,45.433327],[-122.7194647,45.433243],[-122.7194925,45.4331129]]]}},{"type":"Feature","properties":{"boundary_id":"b-elementary-25","school_name":null,"review_status":"unverified"},"geometry":{"type":"Polygon","coordinates":[[[-122.6409804,45.5467114],[-122.6409589,45.5451723],[-122.6420113,45.5451679],[-122.6430206,45.545172],[-122.6440841,45.545175],[-122.6451368,45.5451782],[-122.6461461,45.5451822],[-122.6471663,45.545186],[-122.648219,45.5451891],[-122.6492716,45.5451923],[-122.6502918,45.5451961],[-122.6513011,45.5452],[-122.6523212,45.5452038],[-122.6533305,45.5452077],[-122.6543507,45.5452114],[-122.6553708,45.5452152],[-122.6553663,45.5460078],[-122.6543462,45.5460041],[-122.65434,45.5467511],[-122.6543177,45.5482681],[-122.6545999,45.5482704],[-122.6555764,45.5482674],[-122.6565533,45.5482719],[-122.6575301,45.5482764],[-122.6584635,45.5482817],[-122.659484,45.548293],[-122.6604608,45.5482975],[-122.6614591,45.548294],[-122.6614489,45.5495364],[-122.6616015,45.5495564],[-122.662513,45.5495545],[-122.6635224,45.5495584],[-122.6635236,45.5508158],[-122.6645436,45.5508119],[-122.6645343,45.5520772],[-122.6645355,45.5533346],[-122.664537,45.5545997],[-122.6645166,45.5555528],[-122.6645038,45.5564142],[-122.6644728,45.5576799],[-122.6644263,45.5591212],[-122.6646435,45.5591247],[-122.6646279,45.5605197],[-122.6646137,45.5616479],[-122.664609,45.5627378],[-122.664585,45.5638967],[-122.6645754,45.5651544],[-122.6645669,45.5664425],[-122.6640242,45.5664451],[-122.6634922,45.5664399],[-122.6629495,45.5664425],[-122.6624174,45.5664372],[-122.6618745,45.5664322],[-122.6612231,45.5664292],[-122.6610696,45.5663863],[-122.6602221,45.5663641],[-122.6594509,45.5663481],[-122.6581809,45.5663491],[-122.6576924,45.5663506],[-122.6571715,45.5663528],[-122.6559224,45.5663305],[-122.6559287,45.5658959],[-122.6559266,45.5655302],[-122.6559352,45.5648517],[-122.6559369,45.5645926],[-122.6559508,45.5640665],[-122.6559586,45.5633652],[-122.6559584,45.5627479],[-122.6549491,45.5627515],[-122.6549459,45.5626602],[-122.6549491,45.5618294],[-122.6539395,45.5618254],[-122.6529191,45.5618217],[-122.6524632,45.5618226],[-122.6524642,45.5612358],[-122.6524644,45.5606261],[-122.6524757,45.5600238],[-122.6515095,45.560019],[-122.6510211,45.5600205],[-122.6505108,45.5600148],[-122.6505225,45.5591153],[-122.6505386,45.557728],[-122.6495617,45.5577234],[-122.6485847,45.5577188],[-122.6476077,45.5577142],[-122.6466307,45.5577096],[-122.645654,45.5577126],[-122.6446879,45.5577078],[-122.6437109,45.5577031],[-122.642734,45.5576985],[-122.6427411,45.5563571],[-122.6427523,45.5554423],[-122.6417754,45.5554377],[-122.6407987,45.5554406],[-122.6402993,45.5554347],[-122.6397892,45.5554366],[-122.639279,45.5554308],[-122.6387689,45.5554327],[-122.6382586,45.5554269],[-122.6377595,45.5554286],[-122.6372492,45.5554229],[-122.6367391,45.5554247],[-122.6362288,45.555419],[-122.6357188,45.5554208],[-122.6352085,45.5554151],[-122.6347094,45.5554167],[-122.6341991,45.5554109],[-122.6336673,45.5554132],[-122.6336837,45.5543307],[-122.6336937,45.5530655],[-122.6347248,45.5530692],[-122.6357342,45.5530733],[-122.6367545,45.5530772],[-122.6377748,45.5530811],[-122.6387842,45.5530852],[-122.6387797,45.5529557],[-122.6392238,45.5523149],[-122.6396788,45.5516739],[-122.6400714,45.5511103],[-122.6402304,45.5510006],[-122.6402573,45.5508401],[-122.6404982,45.5505917],[-122.6409064,45.5507823],[-122.6409574,45.5494553],[-122.6409691,45.5482434],[-122.6409804,45.5467114]]]}},{"type":"Feature","properties":{"boundary_id":"b-elementary-26","school_name":null,"review_status":"unverified"},"geometry":{"type":"Polygon","coordinates":[[[-122.705048,45.4614743],[-122.705526,45.4612059],[-122.7057698,45.4610564],[-122.7065558,45.4606143],[-122.7070126,45.4603615],[-122.7078719,45.4598494],[-122.7078724,45.4607641],[-122.7078555,45.460894],[-122.7078585,45.4609778],[-122.7078731,45.4613814],[-122.7078849,45.461709],[-122.7127964,45.4617737],[-122.7129155,45.4617713],[-122.7129799,45.4617548],[-122.7133484,45.4617553],[-122.7148778,45.4617941],[-122.7155825,45.4618033],[-122.7153578,45.4621812],[-122.7152956,45.4622586],[-122.7151071,45.4624376],[-122.714949,45.4625626],[-122.714758,45.462673],[-122.7142567,45.4628962],[-122.7139896,45.4630005],[-122.7138202,45.4631105],[-122.7136374,45.4631522],[-122.713082,45.4633764],[-122.7129473,45.4635467],[-122.7129621,45.4645525],[-122.7129709,45.4647963],[-122.712948,45.4653608],[-122.7129426,45.4661078],[-122.7129574,45.4668164],[-122.7129585,45.4671441],[-122.7129503,45.4675178],[-122.7129494,45.4680895],[-122.7129578,45.4689201],[-122.7129526,45.4696748],[-122.7129566,45.4703836],[-122.7129589,45.4716412],[-122.7129207,45.472084],[-122.7129595,45.4725559],[-122.7129625,45.4741336],[-122.712954,45.4747969],[-122.7129562,45.4760545],[-122.7129701,45.4761381],[-122.7121247,45.4761392],[-122.7116805,45.4761479],[-122.7110179,45.4761074],[-122.710378,45.4760969],[-122.7098681,45.4760839],[-122.7095539,45.47609],[-122.7078192,45.4760779],[-122.7065185,45.4760802],[-122.7055104,45.4760769],[-122.7039606,45.476084],[-122.7029305,45.4760734],[-122.7027794,45.4760916],[-122.7026608,45.4761091],[-122.7024888,45.4761505],[-122.7023824,45.4762059],[-122.7023194,45.4762605],[-122.7020346,45.4764794],[-122.7016762,45.4767607],[-122.7012136,45.4771584],[-122.7010766,45.4772677],[-122.7010027,45.4773225],[-122.7008863,45.477401],[-122.7006938,45.4774733],[-122.7004572,45.4775236],[-122.6996491,45.4776612],[-122.6983548,45.4778386],[-122.6994957,45.4785178],[-122.6996276,45.4785686],[-122.6997815,45.4786266],[-122.6998256,45.4786486],[-122.6999578,45.478707],[-122.7001119,45.4787726],[-122.7002777,45.4788609],[-122.7007106,45.4791422],[-122.7009111,45.4792908],[-122.7009897,45.4793655],[-122.7011007,45.4794395],[-122.7013332,45.4795723],[-122.7014659,45.4796459],[-122.7017305,45.4797704],[-122.7019946,45.4798796],[-122.7022471,45.4799662],[-122.7025856,45.4800359],[-122.7039157,45.4802465],[-122.7043632,45.4803293],[-122.7046584,45.4803998],[-122.7050744,45.4805137],[-122.705964,45.4808319],[-122.7063597,45.4809843],[-122.706558,45.4810719],[-122.7069221,45.4812478],[-122.7070543,45.4813062],[-122.7072415,45.4813864],[-122.7074723,45.4814734],[-122.7076587,45.4815308],[-122.7077245,45.4815524],[-122.7078122,45.4815812],[-122.7078086,45.4817794],[-122.7077934,45.4822599],[-122.7077686,45.4824738],[-122.7077639,45.4826416],[-122.7077883,45.4827173],[-122.7079612,45.4830036],[-122.7081328,45.4832518],[-122.7082131,45.4833722],[-122.7082825,45.4834928],[-122.7083419,45.4836365],[-122.7083463,45.4837584],[-122.7083379,45.4838271],[-122.708319,45.4839037],[-122.7082901,45.4840034],[-122.7082184,45.4841191],[-122.7081773,45.4841808],[-122.7080842,45.4843046],[-122.7080436,45.4843816],[-122.7080136,45.4844508],[-122.7079504,45.4848026],[-122.7079484,45.4850466],[-122.7079826,45.4850916],[-122.7080378,45.4851211],[-122.7081145,45.4851424],[-122.7083206,45.4851461],[-122.7102075,45.4851629],[-122.710382,45.48519],[-122.7103874,45.4856396],[-122.7103891,45.4856853],[-122.7103873,45.4862341],[-122.710412,45.4872169],[-122.7104081,45.4874075],[-122.7104016,45.4878269],[-122.7103805,45.4887419],[-122.7103862,45.4891991],[-122.7103847,45.4894583],[-122.710394,45.4900145],[-122.7103933,45.4905938],[-122.7103806,45.4914401],[-122.7104064,45.491554],[-122.7104314,45.4916449],[-122.7104878,45.4917048],[-122.7106016,45.4918551],[-122.7107033,45.4919674],[-122.7107835,45.4920878],[-122.7108313,45.4922089],[-122.7108243,45.4923157],[-122.7108176,45.4924302],[-122.7107676,45.4925455],[-122.7106962,45.4926688],[-122.7106667,45.4927532],[-122.7106695,45.4928294],[-122.7106825,45.4928901],[-122.7107175,45.492958],[-122.7107739,45.4930179],[-122.7108405,45.4930624],[-122.7109177,45.493099],[-122.7110055,45.4931278],[-122.7111589,45.4931705],[-122.7112575,45.4931991],[-122.7113564,45.4932353],[-122.711423,45.4932797],[-122.7115117,45.4933314],[-122.7115783,45.4933758],[-122.7116455,45.4934355],[-122.7117019,45.4934954],[-122.7117586,45.4935629],[-122.7117936,45.4936308],[-122.7118399,45.4937137],[-122.7119951,45.4941071],[-122.712074,45.4944867],[-122.71218,45.4950182],[-122.7121858,45.4951781],[-122.7121682,45.4952928],[-122.7121299,45.4954307],[-122.7120481,45.4955695],[-122.7119962,45.4956315],[-122.7119545,45.495678],[-122.7118392,45.495787],[-122.7117655,45.4958494],[-122.7117027,45.4959116],[-122.7116616,45.4959733],[-122.7116321,45.4960578],[-122.7116357,45.4961568],[-122.711649,45.4962251],[-122.7116946,45.4962852],[-122.7119226,45.4965933],[-122.7122412,45.4970063],[-122.7129531,45.4978005],[-122.7130336,45.4979285],[-122.7130583,45.4980119],[-122.7130616,45.4981033],[-122.7130224,45.4982184],[-122.7129215,45.4984261],[-122.7125794,45.4991568],[-122.7124081,45.4995184],[-122.7122978,45.4997644],[-122.712258,45.4998643],[-122.7122613,45.4999557],[-122.7122685,45.5001537],[-122.712276,45.5003594],[-122.7122773,45.5003975],[-122.7122898,45.500443],[-122.7123143,45.5005187],[-122.7123487,45.5005714],[-122.712654,45.5009161],[-122.7127234,45.5010367],[-122.7128303,45.5012938],[-122.7129136,45.501498],[-122.7129489,45.5015735],[-122.7130159,45.5016256],[-122.7131259,45.5016692],[-122.7134551,45.5017771],[-122.7135435,45.5018212],[-122.7136215,45.5018806],[-122.7133156,45.5021152],[-122.7132316,45.5021931],[-122.7124365,45.5017969],[-122.7121165,45.501643],[-122.7119628,45.5015926],[-122.7118211,45.5015725],[-122.7115822,45.5015619],[-122.711289,45.5015523],[-122.7112118,45.5015157],[-122.7111565,45.5014863],[-122.7110896,45.5014342],[-122.7110221,45.5013669],[-122.710976,45.5012916],[-122.7109296,45.5012086],[-122.7108827,45.5011105],[-122.7109452,45.5010406],[-122.7109752,45.5009715],[-122.7109665,45.5001332],[-122.7109749,45.5000644],[-122.7110269,45.4997052],[-122.7110311,45.4995222],[-122.7110184,45.4994691],[-122.7110053,45.4994084],[-122.7106574,45.4984852],[-122.7102428,45.4978149],[-122.7102195,45.4977696],[-122.7101737,45.4977019],[-122.7101053,45.4976117],[-122.7100026,45.4974689],[-122.7098581,45.4973726],[-122.7095587,45.4971878],[-122.7093476,45.4970471],[-122.7092476,45.4969804],[-122.709102,45.4968537],[-122.7086429,45.496451],[-122.7083554,45.4962965],[-122.7081579,45.4962317],[-122.7079828,45.4961893],[-122.7074155,45.4960936],[-122.7071105,45.4960537],[-122.7063937,45.4960219],[-122.706264,45.496032],[-122.7061765,45.4960108],[-122.7060879,45.4959592],[-122.706042,45.4958915],[-122.7060293,45.4958384],[-122.7060963,45.4955932],[-122.7062452,45.4955141],[-122.7065882,45.4951035],[-122.7066819,45.4949949],[-122.7067333,45.4949177],[-122.7067636,45.4948562],[-122.7067392,45.4947804],[-122.7067159,45.4947351],[-122.7066817,45.4946901],[-122.7065714,45.4946388],[-122.7064617,45.4946029],[-122.7061353,45.4945711],[-122.706005,45.4945659],[-122.7058858,45.4945683],[-122.7058099,45.4945697],[-122.7056152,45.4945811],[-122.7055504,45.49459],[-122.7054101,45.4946079],[-122.7053348,45.4946246],[-122.7051951,45.4946578],[-122.7051201,45.4946821],[-122.7049053,45.4947396],[-122.7048083,45.4947567],[-122.7047217,45.4947584],[-122.7046564,45.4947521],[-122.7045908,45.4947381],[-122.7044919,45.4947019],[-122.7044033,45.4946502],[-122.7043575,45.4945825],[-122.7043342,45.4945372],[-122.7043209,45.4944689],[-122.7043292,45.4944001],[-122.7043592,45.494331],[-122.7043982,45.4942083],[-122.7044168,45.4941241],[-122.7044241,45.4940248],[-122.7043883,45.4939341],[-122.704343,45.4938816],[-122.7042652,45.4938297],[-122.7040797,45.4937952],[-122.7037435,45.4937941],[-122.7036455,45.4937807],[-122.7035682,45.4937441],[-122.7035124,45.4936994],[-122.7034783,45.4936544],[-122.7034641,45.4935632],[-122.7034711,45.4934563],[-122.7035184,45.4932649],[-122.7035541,45.4930508],[-122.7035288,45.4929522],[-122.7035163,45.4929067],[-122.7034708,45.4928466],[-122.7033686,45.492719],[-122.7032778,45.4926064],[-122.7031428,45.4924718],[-122.7030648,45.4924123],[-122.7029873,45.4923681],[-122.7028551,45.4923097],[-122.7027342,45.4922663],[-122.7025806,45.4922159],[-122.7024284,45.4922036],[-122.7022545,45.4921917],[-122.7021031,45.4922022],[-122.7014382,45.4924056],[-122.7012982,45.4924312],[-122.7011359,45.4924419],[-122.701017,45.4924518],[-122.7008328,45.4924554],[-122.7008304,45.4923868],[-122.7007415,45.4923276],[-122.7006743,45.4922679],[-122.700606,45.4921777],[-122.7006038,45.4921168],[-122.7006016,45.4920559],[-122.70061,45.4919871],[-122.7007474,45.4915881],[-122.7007435,45.4914815],[-122.7007297,45.4913979],[-122.7006616,45.4913154],[-122.7005728,45.4912561],[-122.700408,45.4911983],[-122.7001897,45.4911568],[-122.700058,45.4911136],[-122.6999589,45.4910698],[-122.6998914,45.4910025],[-122.699722,45.4908152],[-122.6996421,45.4907024],[-122.6995724,45.4905742],[-122.6995699,45.4905056],[-122.6995666,45.4904142],[-122.6995503,45.4902621],[-122.6995131,45.4901333],[-122.6994337,45.4900357],[-122.6993329,45.4899462],[-122.699146,45.4898736],[-122.6989057,45.4898248],[-122.6985763,45.4897092],[-122.6984655,45.4896428],[-122.6984078,45.4895448],[-122.6983467,45.4893554],[-122.6966769,45.4893495],[-122.6959071,45.489349],[-122.6950504,45.4893426],[-122.6950553,45.4894797],[-122.6949259,45.4894975],[-122.6943972,45.4895686],[-122.6924565,45.4895678],[-122.6924546,45.4895145],[-122.6916412,45.4895072],[-122.6913757,45.4893599],[-122.6912644,45.4892782],[-122.6910312,45.4894275],[-122.6905418,45.4893835],[-122.6904424,45.489637],[-122.6903153,45.4900205],[-122.6901369,45.4904888],[-122.6865908,45.4904654],[-122.6865566,45.4904203],[-122.6863614,45.4904164],[-122.686315,45.4903334],[-122.6862581,45.4902583],[-122.6861874,45.4900996],[-122.6860865,45.4897052],[-122.6860621,45.4896295],[-122.6860147,45.4895161],[-122.6858984,45.4892973],[-122.6856676,45.4889053],[-122.6856204,45.4887995],[-122.6855955,45.4887086],[-122.685583,45.4886631],[-122.685557,45.4885416],[-122.6855415,45.4884123],[-122.6855282,45.488344],[-122.6855339,45.4881991],[-122.6855484,45.4880006],[-122.6857138,45.4874716],[-122.6857733,45.487318],[-122.6858115,45.4871725],[-122.6857958,45.4870356],[-122.68576,45.4869448],[-122.6857248,45.4868693],[-122.6857014,45.486824],[-122.6855887,45.4867042],[-122.6854663,45.4866151],[-122.6851144,45.486477],[-122.6840822,45.486108],[-122.6838725,45.4860054],[-122.6837715,45.4859082],[-122.6836926,45.4858259],[-122.6836352,45.4857355],[-122.6836119,45.4856902],[-122.6835878,45.4856221],[-122.6835626,45.4855235],[-122.6835704,45.4854395],[-122.6835782,45.4853555],[-122.6836069,45.4852483],[-122.6836892,45.4851247],[-122.6837832,45.4850239],[-122.683856,45.4849386],[-122.6839405,45.484876],[-122.6840884,45.4847665],[-122.6844068,45.4845775],[-122.6845338,45.4844912],[-122.684608,45.4844441],[-122.6847217,45.4842895],[-122.6847407,45.4842129],[-122.6847482,45.4841213],[-122.6847452,45.4840375],[-122.6847325,45.4839844],[-122.6832792,45.4839665],[-122.6809576,45.4839194],[-122.6808769,45.4837838],[-122.6808062,45.4836251],[-122.680755,45.483405],[-122.6807157,45.4832152],[-122.6806885,45.4830633],[-122.6804525,45.481917],[-122.6803079,45.4806012],[-122.6802767,45.480335],[-122.6801661,45.4796664],[-122.6800945,45.47918],[-122.6798126,45.4773562],[-122.6797435,45.4769384],[-122.6796134,45.4760262],[-122.6795868,45.4758896],[-122.6793827,45.4744225],[-122.6790361,45.4744291],[-122.6783212,45.4744428],[-122.678137,45.4744463],[-122.6777468,45.4744461],[-122.6772264,45.4744408],[-122.6770206,45.4744448],[-122.677005,45.4737058],[-122.6770353,45.4730345],[-122.6760055,45.4730313],[-122.6759909,45.4729249],[-122.6759668,45.4728567],[-122.6759316,45.4727812],[-122.6758297,45.4726612],[-122.6755167,45.4723928],[-122.6754379,45.4723105],[-122.6753694,45.4722127],[-122.6753103,45.4720766],[-122.6752835,45.4719323],[-122.6752667,45.471765],[-122.6752957,45.4716653],[-122.6753133,45.4715507],[-122.6753011,45.4715128],[-122.675245,45.4714605],[-122.6750113,45.4712897],[-122.6749219,45.4712152],[-122.6748878,45.4711701],[-122.6748754,45.4711246],[-122.6748737,45.4710789],[-122.674868,45.470919],[-122.6748095,45.4707981],[-122.6747077,45.4706781],[-122.6745634,45.4705818],[-122.6743941,45.4703945],[-122.6743246,45.4702663],[-122.6742152,45.4702379],[-122.6740321,45.4702719],[-122.673956,45.4702657],[-122.6738255,45.4702529],[-122.6733346,45.4701632],[-122.6732799,45.470149],[-122.6732247,45.4701196],[-122.673158,45.4700751],[-122.6731128,45.4700226],[-122.673066,45.4699245],[-122.6729541,45.4695226],[-122.6729195,45.4694623],[-122.6728745,45.4694175],[-122.6728187,45.4693728],[-122.6726227,45.4693461],[-122.6727164,45.4689327],[-122.6727727,45.4686877],[-122.6729094,45.4682659],[-122.6729744,45.4679598],[-122.674515,45.4683115],[-122.6753931,45.4683176],[-122.6753928,45.4680051],[-122.6781457,45.4680059],[-122.6781357,45.4683338],[-122.678537,45.4683413],[-122.6786686,45.4683846],[-122.6789721,45.4683864],[-122.6800776,45.4683881],[-122.6800746,45.4683043],[-122.680584,45.4683022],[-122.6805834,45.4679821],[-122.6808227,45.468008],[-122.6807829,45.4681078],[-122.6808821,45.4684565],[-122.6811494,45.4686572],[-122.6815138,45.4685435],[-122.6815461,45.4688401],[-122.6817849,45.4688508],[-122.6818571,45.4684455],[-122.6823721,45.4682984],[-122.6829296,45.4681277],[-122.6832887,45.4684714],[-122.6829908,45.4686295],[-122.6832032,45.4688084],[-122.6834369,45.4689792],[-122.6836905,45.468799],[-122.6841016,45.4690808],[-122.6847096,45.4694121],[-122.6844898,45.4696297],[-122.6844982,45.4698658],[-122.6845067,45.4701019],[-122.6845121,45.4702543],[-122.6849808,45.4703291],[-122.6859808,45.470409],[-122.6858988,45.4705402],[-122.6858179,45.4707018],[-122.6856149,45.4710868],[-122.6859943,45.4710871],[-122.6860812,45.4710931],[-122.6866236,45.4711055],[-122.6873582,45.4710381],[-122.6876928,45.4710011],[-122.6882303,45.4708765],[-122.6884669,45.4708262],[-122.6885205,45.4708099],[-122.6886172,45.4707852],[-122.6887889,45.4707362],[-122.6889597,45.4706643],[-122.6890775,45.4706239],[-122.6893122,45.4705203],[-122.6894722,45.4704487],[-122.689653,45.4703537],[-122.6899075,45.4701964],[-122.6902262,45.470015],[-122.6904812,45.4698729],[-122.6907679,45.4697073],[-122.6909487,45.4696124],[-122.6918832,45.4690761],[-122.6921807,45.4689103],[-122.6931464,45.4683353],[-122.6943786,45.4676409],[-122.6948883,45.467349],[-122.6953025,45.4671124],[-122.6956211,45.4669309],[-122.6968097,45.4662297],[-122.6973944,45.4659135],[-122.6975008,45.4658581],[-122.6980316,45.4655506],[-122.698966,45.4650143],[-122.6992001,45.4648954],[-122.6994132,45.4647922],[-122.7003464,45.4642254],[-122.7012699,45.4636892],[-122.7016096,45.4634921],[-122.7017693,45.4634128],[-122.7022257,45.4631448],[-122.7027145,45.4628762],[-122.7034783,45.4624194],[-122.7037118,45.4622853],[-122.7041043,45.462049],[-122.705048,45.4614743]]]}},{"type":"Feature","properties":{"boundary_id":"b-elementary-27","school_name":null,"review_status":"unverified"},"geometry":{"type":"Polygon","coordinates":[[[-122.7026234,45.5736165],[-122.7026197,45.5732126],[-122.7033177,45.5736032],[-122.7036278,45.5737726],[-122.7040907,45.5739619],[-122.7043432,45.5740409],[-122.7046506,45.5741341],[-122.7056714,45.5744423],[-122.7066688,45.5747052],[-122.7077639,45.5749662],[-122.7077669,45.577146],[-122.7077674,45.5783579],[-122.7077572,45.5789754],[-122.707748,45.5808201],[-122.7077386,45.5823599],[-122.7077302,45.5836253],[-122.7077242,45.5840598],[-122.7089729,45.5840588],[-122.7100482,45.5840687],[-122.7111229,45.5840633],[-122.7121763,45.5840659],[-122.712415,45.5840614],[-122.713273,45.5840678],[-122.7143481,45.58407],[-122.7151961,45.5840994],[-122.7153163,45.58412],[-122.7154685,45.5841247],[-122.7161957,45.5841183],[-122.717216,45.5841063],[-122.7182254,45.5840945],[-122.7192459,45.5840901],[-122.7202444,45.5840785],[-122.7203421,45.5840766],[-122.7206348,45.5840634],[-122.7206887,45.5840547],[-122.7207536,45.5840459],[-122.7210685,45.5840474],[-122.7211331,45.5840309],[-122.7212201,45.5840369],[-122.7212966,45.5840506],[-122.7217365,45.5842022],[-122.7224298,45.5844556],[-122.7231231,45.584709],[-122.7239926,45.5850276],[-122.7248512,45.5853464],[-122.7257206,45.585665],[-122.7251202,45.5864693],[-122.7251124,45.5865533],[-122.7260893,45.5865421],[-122.7262718,45.5864852],[-122.7264229,45.5864594],[-122.7271285,45.5864534],[-122.727693,45.5864501],[-122.7280836,45.5864426],[-122.7282286,45.5862492],[-122.728477,45.5859167],[-122.7287252,45.5855765],[-122.7289845,45.5852437],[-122.7292329,45.5849112],[-122.7294193,45.5846637],[-122.7294803,45.5845482],[-122.7309112,45.5850769],[-122.7318911,45.5854467],[-122.7321101,45.5854958],[-122.7326029,45.5856082],[-122.733107,45.5857356],[-122.733622,45.5858629],[-122.7341473,45.5859746],[-122.7346735,45.5861093],[-122.7347943,45.586145],[-122.735627,45.5863499],[-122.7348681,45.5869744],[-122.7331187,45.588426],[-122.7301882,45.590838],[-122.7288807,45.5919075],[-122.7288384,45.5919388],[-122.7281542,45.5925313],[-122.7278592,45.5927809],[-122.7272994,45.5932109],[-122.7268255,45.5936164],[-122.7256963,45.5945147],[-122.7256228,45.5945847],[-122.724505,45.5954981],[-122.7241563,45.5957639],[-122.7238505,45.5960137],[-122.7235015,45.596272],[-122.7216058,45.5978939],[-122.719025,45.6000929],[-122.7187617,45.600319],[-122.718285,45.6000537],[-122.7172849,45.5994327],[-122.7165954,45.5989886],[-122.7160472,45.5985495],[-122.7155895,45.5982076],[-122.7151218,45.5978889],[-122.7145536,45.5974958],[-122.7134798,45.5969371],[-122.712871,45.5966211],[-122.7120574,45.596347],[-122.7112708,45.5962173],[-122.7099913,45.595975],[-122.7093341,45.5958199],[-122.709257,45.5957909],[-122.7087837,45.5956171],[-122.7081346,45.5953856],[-122.7070578,45.5950403],[-122.7070027,45.5950185],[-122.7065964,45.5948967],[-122.7058524,45.5947433],[-122.7057653,45.5947373],[-122.7047755,45.5946952],[-122.704515,45.5947002],[-122.7037556,45.5947223],[-122.7035386,45.5947265],[-122.7034515,45.5947205],[-122.7028524,45.594671],[-122.7024164,45.594626],[-122.7022636,45.594606],[-122.7021106,45.5945784],[-122.701881,45.5945371],[-122.7016189,45.5944964],[-122.7008374,45.5942064],[-122.70007,45.5940076],[-122.6999712,45.593979],[-122.6994454,45.5938519],[-122.6985022,45.5935955],[-122.6976102,45.5932542],[-122.696543,45.5928706],[-122.6962681,45.5927767],[-122.6956519,45.5925522],[-122.6950454,45.592297],[-122.6949463,45.5922608],[-122.69422,45.5919926],[-122.6931778,45.5916999],[-122.6918146,45.591238],[-122.6904278,45.5907232],[-122.6891525,45.5902902],[-122.6885602,45.5901261],[-122.6866773,45.5897045],[-122.6853853,45.5894089],[-122.6848023,45.5891989],[-122.6840947,45.5888465],[-122.6831931,45.5885358],[-122.6823939,45.5883528],[-122.6809039,45.5882895],[-122.6808168,45.5882836],[-122.6807335,45.5880794],[-122.6805688,45.5877243],[-122.6789525,45.584127],[-122.6786933,45.5835603],[-122.6784922,45.5824895],[-122.6783914,45.5811882],[-122.6784345,45.5772319],[-122.6785541,45.5772372],[-122.6796279,45.5772093],[-122.6799862,45.5772101],[-122.6818947,45.5771435],[-122.683013,45.5771452],[-122.6840226,45.5771413],[-122.6845219,45.5771395],[-122.685043,45.5771372],[-122.6855968,45.5771419],[-122.6860531,45.5771485],[-122.6866718,45.5771444],[-122.6872259,45.5771568],[-122.6876056,45.5771495],[-122.6877684,45.5771465],[-122.6881158,45.5771475],[-122.6883006,45.5771516],[-122.6886369,45.5771452],[-122.6888433,45.5771489],[-122.6891471,45.5771431],[-122.6893752,45.5771464],[-122.6896681,45.5771408],[-122.6899071,45.5771439],[-122.6901786,45.5771464],[-122.6906997,45.5771441],[-122.6912099,45.577142],[-122.6917309,45.5771397],[-122.6922303,45.5771379],[-122.693251,45.5771413],[-122.6942716,45.5771447],[-122.6946516,45.5771451],[-122.695292,45.5771405],[-122.6963019,45.5771441],[-122.697051,45.5771451],[-122.6973117,45.5771477],[-122.6977025,45.5771479],[-122.6979849,45.5771501],[-122.6987124,45.5771515],[-122.6991141,45.5771515],[-122.6997114,45.5771553],[-122.700265,45.5771524],[-122.7008297,45.5771568],[-122.7012748,45.5771559],[-122.7019697,45.5771579],[-122.7025667,45.5771541],[-122.7026171,45.5770464],[-122.7026184,45.5758803],[-122.7026172,45.5746456],[-122.7026234,45.5736165]]]}},{"type":"Feature","properties":{"boundary_id":"b-elementary-28","school_name":null,"review_status":"unverified"},"geometry":{"type":"Polygon","coordinates":[[[-122.6046798,45.5277905],[-122.6048183,45.5280318],[-122.6049106,45.5281901],[-122.6050372,45.5284011],[-122.6050285,45.5300321],[-122.6050321,45.5301387],[-122.6050252,45.5302531],[-122.6050059,45.530322],[-122.6049871,45.5304062],[-122.6049784,45.5304673],[-122.6049759,45.5310237],[-122.6049533,45.5319385],[-122.604944,45.5319844],[-122.6048863,45.5321989],[-122.604889,45.532275],[-122.6048823,45.5323971],[-122.6048695,45.5332813],[-122.6048633,45.533731],[-122.6052105,45.5337322],[-122.6057423,45.5337377],[-122.6067512,45.5337344],[-122.6074781,45.5337363],[-122.6077711,45.5337385],[-122.608726,45.5337438],[-122.6098978,45.5337451],[-122.6108091,45.5337436],[-122.6109939,45.5337554],[-122.6111782,45.5337521],[-122.6118293,45.5337553],[-122.6125782,45.5337644],[-122.6128387,45.5337672],[-122.6138586,45.5337713],[-122.614868,45.5337831],[-122.6148722,45.533905],[-122.6148719,45.5351471],[-122.6148547,45.5365268],[-122.6148552,45.5377918],[-122.6148571,45.5378451],[-122.6148425,45.5383635],[-122.6148473,45.5385006],[-122.6148446,45.5390493],[-122.6148393,45.5404592],[-122.6148438,45.5405887],[-122.6148425,45.5408631],[-122.6148438,45.5412136],[-122.6148324,45.541511],[-122.6148356,45.5416024],[-122.6139133,45.5416041],[-122.6138155,45.5415983],[-122.6135677,45.5416486],[-122.6134923,45.5416652],[-122.6133537,45.5417363],[-122.6132564,45.5417458],[-122.6131479,45.5417478],[-122.6129202,45.541752],[-122.6127459,45.5417323],[-122.6125386,45.541698],[-122.612419,45.5416926],[-122.6122556,45.5416727],[-122.6119488,45.5415869],[-122.6118287,45.5415663],[-122.611536,45.5415717],[-122.6113744,45.5416051],[-122.6112352,45.541661],[-122.6111284,45.5417087],[-122.6110435,45.5417636],[-122.6108213,45.5419277],[-122.6108036,45.5417299],[-122.6107788,45.5416389],[-122.6107666,45.5416011],[-122.6107322,45.5415484],[-122.6107092,45.5415107],[-122.6106307,45.5414359],[-122.610509,45.5413696],[-122.6103778,45.5413415],[-122.6102689,45.5413283],[-122.6097045,45.5413234],[-122.6091076,45.5413191],[-122.6075014,45.5413105],[-122.6075133,45.5410284],[-122.6054368,45.5418514],[-122.6044201,45.5422587],[-122.6044338,45.5423422],[-122.6044581,45.542418],[-122.604438,45.5437214],[-122.6033854,45.5437179],[-122.6023653,45.5437137],[-122.6013343,45.5437097],[-122.600694,45.5437062],[-122.6003189,45.5438426],[-122.5992484,45.544266],[-122.5982419,45.5446578],[-122.597214,45.5450576],[-122.5964537,45.5453535],[-122.5961966,45.5454496],[-122.5951795,45.5458492],[-122.5941624,45.5462487],[-122.593145,45.5466407],[-122.5924916,45.5468888],[-122.5920101,45.5470881],[-122.5910998,45.5474399],[-122.5899969,45.5478715],[-122.5890543,45.5482316],[-122.5887332,45.5483593],[-122.5887287,45.5482299],[-122.588775,45.5464154],[-122.5887948,45.5454092],[-122.5888027,45.5453253],[-122.5888216,45.5452411],[-122.5888335,45.5446389],[-122.5888414,45.5445549],[-122.5888646,45.5436477],[-122.5888875,45.5427329],[-122.588906,45.5420086],[-122.5901107,45.5420172],[-122.5919169,45.5418471],[-122.5903944,45.5417453],[-122.5902085,45.541703],[-122.5901535,45.5416811],[-122.5900651,45.541637],[-122.5899985,45.5415925],[-122.5899202,45.5415253],[-122.5898035,45.5412836],[-122.5894579,45.5403831],[-122.5894201,45.5402314],[-122.5894139,45.5400486],[-122.5894301,45.5398883],[-122.5895744,45.5393523],[-122.589602,45.539207],[-122.5895981,45.5390928],[-122.58955,45.5389565],[-122.589294,45.5384506],[-122.5892319,45.5382231],[-122.5892032,45.5380179],[-122.5891691,45.5373403],[-122.5891874,45.5372409],[-122.5892126,45.5363947],[-122.5892492,45.5361959],[-122.5893353,45.535859],[-122.5890007,45.5359108],[-122.5885805,45.5359947],[-122.5879116,45.5361059],[-122.5875115,45.5361437],[-122.5870349,45.5361676],[-122.5870313,45.536061],[-122.5870353,45.5358628],[-122.5870412,45.5357179],[-122.5874958,45.5356868],[-122.5879497,45.5356328],[-122.5884352,45.5355554],[-122.5888769,45.5354635],[-122.5893498,45.535333],[-122.5898539,45.5351637],[-122.5901433,45.5350594],[-122.5904321,45.5349398],[-122.5917874,45.5342827],[-122.5929917,45.5336511],[-122.5943027,45.5329718],[-122.5962853,45.5319449],[-122.5968928,45.531629],[-122.5973726,45.531384],[-122.5990464,45.5305304],[-122.5992062,45.5304436],[-122.5994942,45.5303012],[-122.5999414,45.5300568],[-122.6004743,45.5297803],[-122.6005491,45.5297485],[-122.6013264,45.5293227],[-122.6021039,45.5289046],[-122.6030525,45.5284147],[-122.6037041,45.5281208],[-122.6041967,45.5279365],[-122.6046798,45.5277905]]]}},{"type":"Feature","properties":{"boundary_id":"b-elementary-29","school_name":null,"review_status":"unverified"},"geometry":{"type":"Polygon","coordinates":[[[-122.600694,45.5437062],[-122.6013343,45.5437097],[-122.6023653,45.5437137],[-122.6033854,45.5437179],[-122.604438,45.5437214],[-122.6044197,45.5453906],[-122.6044078,45.5469301],[-122.6043967,45.5481801],[-122.6043885,45.5482564],[-122.605409,45.5482682],[-122.6064292,45.5482724],[-122.6074385,45.5482767],[-122.6084587,45.5482808],[-122.6094681,45.5482852],[-122.6095363,45.5483754],[-122.6095188,45.5484976],[-122.6095505,45.5494115],[-122.609505,45.551546],[-122.6095121,45.5517516],[-122.6095161,45.5518659],[-122.609679,45.5518705],[-122.6120886,45.5518796],[-122.6131197,45.5518835],[-122.6147806,45.5518987],[-122.6147875,45.5524091],[-122.6147835,45.5526073],[-122.61477,45.5528438],[-122.6147581,45.5537508],[-122.6147459,45.5546503],[-122.6147308,45.5554659],[-122.614712,45.5555501],[-122.614693,45.5556267],[-122.6146755,45.5566862],[-122.6146755,45.5569987],[-122.6146755,45.5573111],[-122.614654,45.5582564],[-122.61465,45.5584546],[-122.6146397,45.559095],[-122.6146643,45.5591783],[-122.6147003,45.5592767],[-122.6146828,45.5600239],[-122.6146862,45.5604353],[-122.6140457,45.5604318],[-122.6139972,45.5627874],[-122.6148875,45.5627939],[-122.616744,45.5628055],[-122.6202394,45.5628173],[-122.6212379,45.5628142],[-122.622247,45.5628032],[-122.6232669,45.562792],[-122.6242762,45.5627886],[-122.6253287,45.5627768],[-122.6257411,45.5627768],[-122.6264137,45.5627644],[-122.627423,45.5627609],[-122.6274195,45.5639041],[-122.6264099,45.5638999],[-122.6253463,45.5639043],[-122.6242827,45.5639087],[-122.6242817,45.5645031],[-122.6243635,45.5646693],[-122.6243466,45.5651192],[-122.624458,45.565201],[-122.6244569,45.5664127],[-122.6241965,45.5664175],[-122.6241933,45.5681931],[-122.6243156,45.5682747],[-122.6243232,45.5700501],[-122.6245836,45.5700453],[-122.6245861,45.5713637],[-122.6242784,45.5715675],[-122.6241406,45.5716615],[-122.6241357,45.5724541],[-122.6241494,45.5725377],[-122.6241645,45.5726593],[-122.6241839,45.5750823],[-122.6232776,45.5752438],[-122.6220474,45.575457],[-122.6220522,45.5762189],[-122.6220579,45.5776286],[-122.6219936,45.5776527],[-122.6202262,45.578653],[-122.6202168,45.5808784],[-122.6202172,45.583073],[-122.6202249,45.5867231],[-122.6202261,45.5892531],[-122.6193646,45.589147],[-122.6187921,45.5886088],[-122.6182847,45.5883819],[-122.6173681,45.588254],[-122.6166198,45.5882829],[-122.6151668,45.5886525],[-122.6150474,45.5886547],[-122.6150739,45.5862919],[-122.6150625,45.5853395],[-122.6150488,45.585256],[-122.6150472,45.5852103],[-122.6150639,45.5813159],[-122.6150674,45.5798528],[-122.6146985,45.5798595],[-122.6139927,45.5798572],[-122.6135052,45.5802015],[-122.6127208,45.5807493],[-122.6119081,45.5801698],[-122.6114521,45.5798581],[-122.605752,45.5798557],[-122.604775,45.5798583],[-122.6028914,45.5790773],[-122.6023188,45.5788439],[-122.5994252,45.5780508],[-122.5988936,45.5780605],[-122.5980473,45.5780759],[-122.5962227,45.5786883],[-122.5965269,45.5790104],[-122.5974283,45.5799617],[-122.5970048,45.5799618],[-122.5959513,45.5799505],[-122.5957017,45.5799551],[-122.5957068,45.5791548],[-122.5957127,45.5771202],[-122.5942366,45.5771318],[-122.5926952,45.5771369],[-122.5913167,45.5771467],[-122.5894063,45.5771585],[-122.5887985,45.5771619],[-122.5884404,45.5771684],[-122.5864864,45.5771733],[-122.5863996,45.5771749],[-122.583381,45.5771609],[-122.5779627,45.5771368],[-122.5777354,45.5771562],[-122.5776483,45.5771501],[-122.5772792,45.5771492],[-122.5750857,45.5771354],[-122.5750908,45.5753751],[-122.5751001,45.5734166],[-122.5744052,45.5734139],[-122.573678,45.5734194],[-122.5653907,45.573294],[-122.5654072,45.569941],[-122.5654005,45.569743],[-122.5667473,45.5697646],[-122.5667648,45.5696424],[-122.5670381,45.5687383],[-122.5670665,45.5686159],[-122.5670753,45.5685548],[-122.5671057,45.5684933],[-122.5672042,45.5685144],[-122.5673235,45.5685122],[-122.567714,45.5685052],[-122.5679315,45.5685166],[-122.5679258,45.567709],[-122.5679343,45.5670002],[-122.5679547,45.5666417],[-122.5679345,45.5663677],[-122.5679469,45.5654531],[-122.5679749,45.5630829],[-122.567971,45.5629687],[-122.5679754,45.5627781],[-122.5679739,45.5627324],[-122.5701224,45.5627166],[-122.5710452,45.5627229],[-122.5725318,45.5627114],[-122.5731179,45.5627084],[-122.5762763,45.5627048],[-122.5767213,45.5627044],[-122.5769165,45.5627009],[-122.5774589,45.5626911],[-122.5782074,45.5626775],[-122.5782836,45.5626838],[-122.5782892,45.5625313],[-122.578308,45.5611746],[-122.5783187,45.5602143],[-122.5783403,45.5598939],[-122.5783489,45.5591927],[-122.5783614,45.5586057],[-122.5783781,45.5581406],[-122.578383,45.5579653],[-122.5783947,45.5573555],[-122.5784047,45.5566924],[-122.5784271,45.5554423],[-122.5784583,45.5538111],[-122.5784875,45.552759],[-122.5784846,45.5526752],[-122.5784877,45.5524466],[-122.5785734,45.5524145],[-122.5795045,45.5520319],[-122.57974,45.5519362],[-122.5804787,45.5516409],[-122.5805321,45.5516171],[-122.5815597,45.5512022],[-122.5819558,45.5510427],[-122.5825765,45.5507876],[-122.583593,45.5503653],[-122.5846314,45.5499502],[-122.5856603,45.5495734],[-122.5866879,45.5491585],[-122.5877051,45.548759],[-122.5887332,45.5483593],[-122.5890543,45.5482316],[-122.5899969,45.5478715],[-122.5910998,45.5474399],[-122.5920101,45.5470881],[-122.5924916,45.5468888],[-122.593145,45.5466407],[-122.5941624,45.5462487],[-122.5951795,45.5458492],[-122.5961966,45.5454496],[-122.5964537,45.5453535],[-122.597214,45.5450576],[-122.5982419,45.5446578],[-122.5992484,45.544266],[-122.6003189,45.5438426],[-122.600694,45.5437062]]]}},{"type":"Feature","properties":{"boundary_id":"b-elementary-30","school_name":null,"review_status":"unverified"},"geometry":{"type":"Polygon","coordinates":[[[-122.7469018,45.5770144],[-122.7478285,45.5774155],[-122.7559289,45.5809617],[-122.7558575,45.5810851],[-122.7568264,45.5814473],[-122.7570031,45.5815276],[-122.7641262,45.5853365],[-122.7674257,45.5879243],[-122.7672341,45.5880272],[-122.7716324,45.5918283],[-122.7769452,45.5979971],[-122.7782402,45.599519],[-122.7823043,45.6056667],[-122.7823857,45.6058099],[-122.7799169,45.6065981],[-122.7753289,45.6064903],[-122.7715708,45.6064956],[-122.770691,45.6064977],[-122.7678772,45.6064844],[-122.7664951,45.6069993],[-122.7662952,45.6068813],[-122.7657444,45.6069683],[-122.7653545,45.6069988],[-122.7650072,45.6070056],[-122.7647032,45.6070116],[-122.7643985,45.6069947],[-122.7641263,45.6069772],[-122.7637769,45.6069306],[-122.7634493,45.6068837],[-122.7631537,45.6068209],[-122.7627264,45.6067225],[-122.7621766,45.6065427],[-122.7605447,45.6058887],[-122.7602697,45.6057949],[-122.7600504,45.6057382],[-122.7598416,45.6056737],[-122.7595026,45.6056118],[-122.7590773,45.6055667],[-122.7585214,45.6055166],[-122.7578599,45.6055448],[-122.757254,45.60561],[-122.756132,45.6058148],[-122.7555509,45.6059634],[-122.7551618,45.6060167],[-122.7548916,45.6060525],[-122.7547667,45.6061997],[-122.7545158,45.6064638],[-122.754713,45.606803],[-122.7552119,45.6076622],[-122.7558826,45.608762],[-122.7556386,45.6089192],[-122.7537418,45.6102063],[-122.753498,45.6103711],[-122.7533661,45.6103279],[-122.7524396,45.6099496],[-122.7516145,45.6096684],[-122.7515051,45.6096477],[-122.7507627,45.6095478],[-122.7496282,45.6094175],[-122.7492989,45.6093248],[-122.7489262,45.6092329],[-122.7485172,45.6090427],[-122.7484618,45.6090133],[-122.7476481,45.6084498],[-122.7472023,45.608146],[-122.7471469,45.6081166],[-122.7466709,45.6078743],[-122.7466155,45.6078449],[-122.7461432,45.6077016],[-122.7459249,45.6076754],[-122.7454559,45.6076235],[-122.7450103,45.6076169],[-122.7441578,45.6074734],[-122.7438622,45.6074105],[-122.7433798,45.6072903],[-122.7425409,45.6072228],[-122.7416815,45.6071861],[-122.7412567,45.6071562],[-122.7409951,45.6071308],[-122.7407112,45.6070906],[-122.7404262,45.6070199],[-122.7400746,45.6069124],[-122.7397417,45.6067206],[-122.7395633,45.6065945],[-122.7390608,45.6062231],[-122.7386207,45.6057743],[-122.7385645,45.6057221],[-122.7382271,45.6054085],[-122.7378335,45.6050426],[-122.7377661,45.6049829],[-122.7370299,45.604456],[-122.7368966,45.6043747],[-122.7362119,45.6040679],[-122.735587,45.6039123],[-122.7350505,45.6037931],[-122.7341,45.6036438],[-122.7327491,45.6035327],[-122.7323578,45.603525],[-122.7307903,45.6034333],[-122.7301024,45.6033323],[-122.7295187,45.6031149],[-122.7291422,45.6029164],[-122.7289543,45.6028285],[-122.7278325,45.6021489],[-122.7272683,45.6018702],[-122.7265289,45.6015491],[-122.7260374,45.6014747],[-122.725534,45.6013701],[-122.7245204,45.6012753],[-122.7232586,45.6012234],[-122.7230953,45.6012113],[-122.7222467,45.6011742],[-122.7216801,45.6011242],[-122.7211344,45.6010508],[-122.7204662,45.600896],[-122.7197969,45.6007107],[-122.7191585,45.600479],[-122.7187617,45.600319],[-122.719025,45.6000929],[-122.7216058,45.5978939],[-122.7235015,45.596272],[-122.7238505,45.5960137],[-122.7241563,45.5957639],[-122.724505,45.5954981],[-122.7256228,45.5945847],[-122.7256963,45.5945147],[-122.7268255,45.5936164],[-122.7272994,45.5932109],[-122.7278592,45.5927809],[-122.7281542,45.5925313],[-122.7288384,45.5919388],[-122.7288807,45.5919075],[-122.7301882,45.590838],[-122.7331187,45.588426],[-122.7348681,45.5869744],[-122.735627,45.5863499],[-122.7385254,45.5839613],[-122.7398006,45.5829075],[-122.7406328,45.5822129],[-122.7408125,45.5820799],[-122.7410662,45.581892],[-122.7412142,45.5817824],[-122.7414467,45.5816102],[-122.7414887,45.5815713],[-122.7415307,45.5815323],[-122.7416996,45.5813995],[-122.7436791,45.5797221],[-122.7452164,45.5784193],[-122.7453743,45.5782866],[-122.7464064,45.5774204],[-122.746607,45.577264],[-122.7468386,45.577069],[-122.7469018,45.5770144]]]}},{"type":"Feature","properties":{"boundary_id":"b-elementary-31","school_name":null,"review_status":"unverified"},"geometry":{"type":"Polygon","coordinates":[[[-122.7026042,45.4321767],[-122.702811,45.4322032],[-122.7039758,45.4323635],[-122.7040968,45.4324145],[-122.7042069,45.4324657],[-122.704296,45.4325326],[-122.7044314,45.4326824],[-122.7045094,45.4327418],[-122.704587,45.4327937],[-122.7047191,45.4328521],[-122.7050374,45.4329679],[-122.7051698,45.4330339],[-122.7052458,45.43304],[-122.7056516,45.433177],[-122.7058597,45.4332415],[-122.7065277,45.433442],[-122.7070644,45.4336068],[-122.7072173,45.433642],[-122.7074133,45.4336687],[-122.7075323,45.4336663],[-122.7076298,45.4336644],[-122.7077375,45.4336471],[-122.7078774,45.4336215],[-122.7080167,45.4335807],[-122.7081552,45.433517],[-122.7082718,45.4334462],[-122.7083667,45.4333757],[-122.7084725,45.433305],[-122.7087056,45.4334606],[-122.7089484,45.4335854],[-122.7090697,45.433644],[-122.7093333,45.4337456],[-122.7095961,45.4338244],[-122.7102722,45.4339484],[-122.7106303,45.4339643],[-122.710955,45.433958],[-122.711527,45.4339011],[-122.7118598,45.4338184],[-122.7120525,45.4337536],[-122.7122987,45.4336726],[-122.7124494,45.4336468],[-122.7126215,45.433613],[-122.7128815,45.4336155],[-122.7131424,45.4336409],[-122.7133059,45.4336682],[-122.7133933,45.4336894],[-122.7135798,45.4337543],[-122.7137785,45.4338572],[-122.7138559,45.4339014],[-122.714134,45.4341018],[-122.7142006,45.4341462],[-122.7143444,45.4342273],[-122.7144765,45.4342857],[-122.7145644,45.434322],[-122.7147074,45.4343802],[-122.7148173,45.4344238],[-122.7149161,45.43446],[-122.7151023,45.4345174],[-122.715278,45.4345825],[-122.7153551,45.4346191],[-122.7154548,45.4346782],[-122.7156657,45.4348189],[-122.7162431,45.4343121],[-122.7163372,45.4342188],[-122.7164002,45.4341643],[-122.7164929,45.4340329],[-122.7165645,45.4339171],[-122.7166037,45.433802],[-122.7165906,45.4337413],[-122.7165782,45.4336958],[-122.7164311,45.4335234],[-122.7163182,45.433396],[-122.7162369,45.4332451],[-122.7161442,45.4330793],[-122.7170001,45.4330854],[-122.7181053,45.4330943],[-122.718387,45.4330964],[-122.7194925,45.4331129],[-122.7194647,45.433243],[-122.7194569,45.433327],[-122.7194852,45.4335094],[-122.719536,45.4337142],[-122.7195598,45.4337747],[-122.7198673,45.4344852],[-122.7199381,45.4346439],[-122.7200196,45.4348024],[-122.7201245,45.4350061],[-122.7201587,45.4350512],[-122.7202391,45.4351792],[-122.7203415,45.4353144],[-122.7204093,45.4353893],[-122.7205758,45.4355004],[-122.7207753,45.4356261],[-122.720885,45.435662],[-122.7210831,45.4357496],[-122.721291,45.4358065],[-122.7214545,45.4358338],[-122.7228034,45.4359904],[-122.7236194,45.4360887],[-122.7241959,45.4361536],[-122.7243155,45.4361665],[-122.7244571,45.4361866],[-122.7245442,45.4362002],[-122.7246969,45.4362277],[-122.7247516,45.4362418],[-122.7249375,45.4362916],[-122.7250799,45.4363345],[-122.7251676,45.4363633],[-122.7253103,45.4364138],[-122.7253983,45.4364502],[-122.7255082,45.4364938],[-122.7256184,45.436545],[-122.7258174,45.4366554],[-122.7260281,45.4367885],[-122.726206,45.4369146],[-122.7262615,45.4369516],[-122.7264175,45.4370705],[-122.7264958,45.4371376],[-122.7265968,45.4372347],[-122.7266753,45.4373094],[-122.7269709,45.4376923],[-122.7271106,45.4379564],[-122.7272227,45.4383582],[-122.7272441,45.4386474],[-122.7272505,45.4394172],[-122.7272449,45.4395621],[-122.7272793,45.439912],[-122.7272777,45.4401636],[-122.7272641,45.4403849],[-122.7259961,45.4403717],[-122.7253027,45.44037],[-122.7247068,45.4403665],[-122.7246199,45.4403605],[-122.723753,45.4403546],[-122.7232545,45.4403492],[-122.7215099,45.4403376],[-122.721239,45.4403352],[-122.7200468,45.4403204],[-122.7197759,45.4403181],[-122.7192668,45.4403204],[-122.7187466,45.4403154],[-122.7182914,45.440309],[-122.7174029,45.4403035],[-122.717273,45.440306],[-122.7153116,45.440291],[-122.7151814,45.4402859],[-122.7150282,45.4402431],[-122.7131426,45.4402265],[-122.7130127,45.4402291],[-122.7130049,45.4403131],[-122.7130034,45.4408695],[-122.712977,45.4410377],[-122.7129909,45.4411213],[-122.7129871,45.4419141],[-122.7129881,45.4425391],[-122.7129813,45.4432481],[-122.7129795,45.4437969],[-122.7129961,45.4439567],[-122.7130024,45.4444291],[-122.7130087,45.4446043],[-122.7130331,45.4446801],[-122.7130262,45.4447869],[-122.7130258,45.4453738],[-122.7129951,45.445725],[-122.7129973,45.445786],[-122.7129865,45.4460835],[-122.7129789,45.4464723],[-122.7129796,45.4467925],[-122.7129789,45.4473718],[-122.712977,45.4476157],[-122.712979,45.4482712],[-122.7129799,45.4491934],[-122.7129744,45.4505351],[-122.7129696,45.4518995],[-122.7129774,45.4533095],[-122.7129609,45.4534546],[-122.7129337,45.4536],[-122.7129245,45.4536459],[-122.7128745,45.4537612],[-122.7128148,45.4539072],[-122.7127334,45.4540536],[-122.7126304,45.4542004],[-122.7125682,45.4542779],[-122.7125162,45.4543398],[-122.7124643,45.4544018],[-122.7124124,45.4544638],[-122.7123393,45.4545415],[-122.7121713,45.4546895],[-122.7120358,45.454837],[-122.7119842,45.4549066],[-122.7119325,45.4549762],[-122.7119017,45.4550225],[-122.7118306,45.4551535],[-122.7118006,45.4552227],[-122.7117028,45.4555142],[-122.7115925,45.4557603],[-122.7115519,45.4558373],[-122.7114997,45.4558917],[-122.7114475,45.455946],[-122.7113845,45.4560006],[-122.7112251,45.4560876],[-122.7110229,45.4561906],[-122.7104045,45.4564694],[-122.7103301,45.4565089],[-122.7102776,45.4565557],[-122.7102359,45.4566022],[-122.7101954,45.4566792],[-122.7101784,45.4568091],[-122.7101334,45.4570616],[-122.7098335,45.4571588],[-122.7095217,45.4572259],[-122.7088655,45.4573606],[-122.7078654,45.4575705],[-122.7065847,45.4578164],[-122.7058311,45.457953],[-122.7052394,45.4580712],[-122.7049154,45.4581003],[-122.7047424,45.4581113],[-122.7045364,45.4581077],[-122.7037884,45.4580993],[-122.703561,45.4581037],[-122.70329,45.4581013],[-122.7029537,45.4580926],[-122.7026275,45.4580608],[-122.7026324,45.4575958],[-122.7026352,45.4561704],[-122.702632,45.4557817],[-122.7026281,45.4556751],[-122.7025299,45.4556541],[-122.7024058,45.4555193],[-122.7022515,45.4554461],[-122.7019783,45.4553828],[-122.7014003,45.4552796],[-122.7007787,45.4551697],[-122.700691,45.4551409],[-122.7005805,45.4550821],[-122.7004031,45.4549712],[-122.7003251,45.4549117],[-122.7002566,45.454814],[-122.6999317,45.4548203],[-122.6998568,45.4548446],[-122.6982462,45.4552568],[-122.6980167,45.4552003],[-122.697558,45.4551024],[-122.6966525,45.4549294],[-122.6961849,45.454885],[-122.6960217,45.4548653],[-122.695924,45.4548596],[-122.6948714,45.4548189],[-122.693732,45.4547723],[-122.6925803,45.454383],[-122.6925142,45.4543537],[-122.6919508,45.4540521],[-122.6915143,45.4536642],[-122.6914954,45.4537408],[-122.6914551,45.4538254],[-122.6913276,45.4538964],[-122.6911879,45.4539296],[-122.6910469,45.4539247],[-122.6903471,45.4537476],[-122.6902049,45.4537123],[-122.6900289,45.4536394],[-122.6899512,45.4535876],[-122.6898713,45.4534748],[-122.6897895,45.4533087],[-122.6897205,45.4531957],[-122.6895198,45.4530395],[-122.6894568,45.4530941],[-122.6841895,45.4530582],[-122.6839524,45.4530932],[-122.6838024,45.4531418],[-122.6836961,45.4531972],[-122.6833467,45.453425],[-122.6826061,45.453927],[-122.6821987,45.4537442],[-122.6818218,45.4535076],[-122.6814219,45.4532333],[-122.6811128,45.4530715],[-122.6808821,45.4529845],[-122.6806195,45.4529133],[-122.6803478,45.452888],[-122.6800443,45.4528862],[-122.6796883,45.4529311],[-122.679128,45.4530181],[-122.6783408,45.4531246],[-122.6781248,45.453144],[-122.6779083,45.4531482],[-122.6777886,45.4531352],[-122.677441,45.4531114],[-122.6771904,45.4530705],[-122.6763,45.4530189],[-122.6756254,45.4529404],[-122.6753428,45.4529153],[-122.6751263,45.4529194],[-122.6749747,45.4529223],[-122.674597,45.4526628],[-122.6744297,45.4525288],[-122.6729474,45.4513682],[-122.6728242,45.4512562],[-122.6727554,45.4511508],[-122.6726859,45.4510226],[-122.6726842,45.4509769],[-122.6727053,45.4503515],[-122.6727437,45.4496039],[-122.6728024,45.4485129],[-122.6728481,45.4470563],[-122.6728611,45.4468121],[-122.6728914,45.4467506],[-122.673009,45.4439664],[-122.6730723,45.4427],[-122.6730777,45.4425475],[-122.6731185,45.4418684],[-122.6731518,45.4412809],[-122.6731945,45.4403502],[-122.6732037,45.4403043],[-122.6733632,45.4371764],[-122.6733859,45.4369016],[-122.6735803,45.432927],[-122.6735868,45.4328049],[-122.6741935,45.4328085],[-122.6757427,45.4328169],[-122.6772917,45.4328177],[-122.6793938,45.4328383],[-122.6809972,45.4328456],[-122.6820804,45.4328477],[-122.6821995,45.4328454],[-122.682373,45.4328497],[-122.6824271,45.4328486],[-122.6826977,45.4328434],[-122.6855794,45.4328565],[-122.686273,45.432866],[-122.6868039,45.432871],[-122.6908344,45.4329],[-122.6960134,45.4329371],[-122.6975193,45.432946],[-122.6975843,45.4329448],[-122.6976709,45.4329431],[-122.6983533,45.4329451],[-122.6987869,45.432952],[-122.7002065,45.4329702],[-122.7014632,45.4329763],[-122.7022323,45.4329766],[-122.7023878,45.432783],[-122.7024775,45.4325679],[-122.7026042,45.4321767]]]}},{"type":"Feature","properties":{"boundary_id":"b-elementary-32","school_name":null,"review_status":"unverified"},"geometry":{"type":"Polygon","coordinates":[[[-122.6201191,45.5128895],[-122.6201153,45.512158],[-122.6201336,45.5120586],[-122.6211532,45.5120625],[-122.6214894,45.5120639],[-122.6227691,45.512063],[-122.6238971,45.512065],[-122.6244287,45.5120703],[-122.6257518,45.5120686],[-122.6266956,45.512074],[-122.6275848,45.5120727],[-122.6281598,45.5120772],[-122.6286044,45.5120766],[-122.6295262,45.5120746],[-122.6305242,45.5120789],[-122.6308279,45.5120809],[-122.6316088,45.5120816],[-122.6326718,45.5120846],[-122.6337239,45.5120879],[-122.6338217,45.5120937],[-122.6347215,45.5120845],[-122.6360663,45.5120823],[-122.6370859,45.5120861],[-122.6380947,45.5120901],[-122.639114,45.5120863],[-122.6402639,45.5120953],[-122.6412182,45.5120927],[-122.6414569,45.5120958],[-122.6421509,45.5120904],[-122.6424763,45.512092],[-122.6431271,45.512095],[-122.6434959,45.5120957],[-122.6434703,45.5129117],[-122.643405,45.5129053],[-122.6433977,45.5136218],[-122.6424648,45.5136164],[-122.6424574,45.5143329],[-122.6424498,45.5150418],[-122.6424424,45.5157583],[-122.6424348,45.5164672],[-122.6424384,45.5168787],[-122.6424421,45.5169853],[-122.6400773,45.5169762],[-122.6390687,45.5169798],[-122.6390646,45.5171704],[-122.6390495,45.5185958],[-122.6390321,45.5193353],[-122.6392272,45.5193317],[-122.6414292,45.5193363],[-122.641421,45.5200299],[-122.6414165,45.5205177],[-122.641389,45.520663],[-122.6413812,45.520747],[-122.6413738,45.5214635],[-122.643413,45.5214635],[-122.6434057,45.52218],[-122.6433962,45.5228356],[-122.6433872,45.5228891],[-122.6454268,45.5228966],[-122.6463379,45.5228948],[-122.6474447,45.5229045],[-122.6484644,45.5229083],[-122.6494842,45.522912],[-122.6504932,45.5229159],[-122.651513,45.5229197],[-122.6525002,45.522924],[-122.653162,45.5229268],[-122.6535417,45.5229273],[-122.6545504,45.5229235],[-122.6555701,45.5229272],[-122.6565791,45.5229311],[-122.6575989,45.5229347],[-122.6586187,45.5229384],[-122.6591178,45.5229442],[-122.6596276,45.5229422],[-122.6606474,45.5229459],[-122.6616997,45.5229489],[-122.6626766,45.5229685],[-122.663675,45.5229802],[-122.6637837,45.5229857],[-122.6643157,45.5229986],[-122.6645219,45.5230023],[-122.6647065,45.5230064],[-122.6650322,45.5230155],[-122.6653468,45.5230172],[-122.6654664,45.5230225],[-122.6656075,45.5230275],[-122.665781,45.5230242],[-122.666226,45.523031],[-122.6670292,45.5230463],[-122.6676585,45.5230497],[-122.6678867,45.5230606],[-122.6688806,45.5275231],[-122.6689283,45.5276442],[-122.6690069,45.5277189],[-122.669085,45.5277784],[-122.6741222,45.5318366],[-122.6740583,45.5318683],[-122.6738669,45.5319786],[-122.67275,45.5326019],[-122.6726755,45.5326414],[-122.6724518,45.53276],[-122.6721223,45.5329491],[-122.6718989,45.5330753],[-122.6713663,45.5333521],[-122.6711113,45.5335018],[-122.6703136,45.5339513],[-122.6697181,45.5342903],[-122.66872,45.5349036],[-122.6684961,45.5350146],[-122.6683148,45.5351018],[-122.6676426,45.5351145],[-122.6669265,45.5351128],[-122.6666551,45.5351103],[-122.6656137,45.5351148],[-122.6645937,45.5351111],[-122.6635738,45.5351075],[-122.6625646,45.5351037],[-122.6615446,45.5351001],[-122.660535,45.535081],[-122.6595258,45.5350771],[-122.6585061,45.5350811],[-122.6574861,45.5350774],[-122.656477,45.5350735],[-122.655457,45.5350698],[-122.6544479,45.5350659],[-122.6534279,45.5350622],[-122.6524079,45.5350585],[-122.6513987,45.5350546],[-122.6503788,45.5350508],[-122.6493805,45.5350467],[-122.6483499,45.5350508],[-122.6465596,45.5350462],[-122.6447148,45.535035],[-122.6447224,45.5343261],[-122.6447344,45.5340515],[-122.6447406,45.5336094],[-122.6447482,45.5329005],[-122.6447467,45.5325499],[-122.6447447,45.5321842],[-122.6447523,45.5314753],[-122.6447525,45.5308656],[-122.6447504,45.5308046],[-122.6447541,45.530294],[-122.6447506,45.530195],[-122.6447599,45.5301491],[-122.6447572,45.5300729],[-122.6444539,45.5300862],[-122.6443457,45.5300958],[-122.6434142,45.5301361],[-122.6423636,45.5301863],[-122.6409339,45.5302511],[-122.6404899,45.5302746],[-122.6370027,45.5304464],[-122.6364178,45.5304725],[-122.6361473,45.5304928],[-122.6360825,45.5305016],[-122.6357697,45.5305532],[-122.6355865,45.5305871],[-122.6354143,45.5306284],[-122.6352528,45.5306619],[-122.6350272,45.530727],[-122.6348448,45.5307838],[-122.6347914,45.5308076],[-122.6347006,45.530695],[-122.6346549,45.5306273],[-122.6344274,45.5303267],[-122.6343906,45.5302054],[-122.634385,45.5300455],[-122.6343927,45.5293366],[-122.6344002,45.5286201],[-122.6343971,45.5279114],[-122.6344042,45.5271873],[-122.634412,45.5264785],[-122.6344089,45.5257698],[-122.6344163,45.5250533],[-122.634424,45.5243444],[-122.6330137,45.5243402],[-122.6317226,45.5243337],[-122.6316036,45.5243436],[-122.6316111,45.5236271],[-122.6316089,45.5232537],[-122.6316067,45.5228803],[-122.6316131,45.5221334],[-122.6314725,45.5221436],[-122.6298018,45.5221366],[-122.6294983,45.5221422],[-122.6294224,45.5221436],[-122.6293253,45.5221607],[-122.6290242,45.5222349],[-122.6289166,45.5222597],[-122.6288193,45.5222691],[-122.628657,45.5222798],[-122.6284285,45.5222612],[-122.6282538,45.5222263],[-122.6281115,45.5221909],[-122.6280023,45.52217],[-122.6278609,45.5221574],[-122.6277305,45.5221522],[-122.6274056,45.5221659],[-122.6264437,45.5222676],[-122.6263033,45.5222854],[-122.6261738,45.522303],[-122.6260984,45.5223197],[-122.6258719,45.5223544],[-122.6253764,45.522455],[-122.6249671,45.5225388],[-122.6244182,45.5226633],[-122.624235,45.5226972],[-122.6239868,45.5227323],[-122.6238464,45.5227501],[-122.6236735,45.5227686],[-122.6234789,45.5227874],[-122.6231214,45.5228017],[-122.6229371,45.5228051],[-122.6229537,45.5217226],[-122.6229523,45.5213721],[-122.6229501,45.5209987],[-122.6229585,45.5203051],[-122.6229553,45.5202137],[-122.6229717,45.5197486],[-122.6229346,45.5193072],[-122.6229533,45.5185982],[-122.6229392,45.5178821],[-122.6229146,45.5171738],[-122.6229068,45.5166405],[-122.6228925,45.5165417],[-122.6227749,45.5165896],[-122.6216688,45.5165949],[-122.6211046,45.5165901],[-122.6193907,45.5165838],[-122.6193444,45.5165008],[-122.6193547,45.5158605],[-122.6193584,45.5150297],[-122.6200959,45.5150313],[-122.6201036,45.5143148],[-122.6201115,45.513606],[-122.6201191,45.5128895]]]}},{"type":"Feature","properties":{"boundary_id":"b-elementary-33","school_name":null,"review_status":"unverified"},"geometry":{"type":"Polygon","coordinates":[[[-122.5702984,45.5315028],[-122.5709386,45.5315064],[-122.5710579,45.5315043],[-122.5715788,45.5315101],[-122.5720899,45.5315466],[-122.5726566,45.5316202],[-122.5731367,45.5317029],[-122.5735077,45.5317648],[-122.5736827,45.5318073],[-122.5738139,45.5318355],[-122.5741425,45.5319286],[-122.5741975,45.5319504],[-122.5747347,45.532116],[-122.5756894,45.532434],[-122.5772696,45.5329616],[-122.5781693,45.5332577],[-122.5788937,45.5335037],[-122.5801348,45.533946],[-122.580947,45.5342208],[-122.5816833,45.534497],[-122.5822898,45.5347832],[-122.5828717,45.534986],[-122.5835198,45.535218],[-122.5839254,45.5353402],[-122.5842104,45.5354265],[-122.5843744,45.5354616],[-122.5849862,45.5355876],[-122.5853353,45.5356422],[-122.5857489,45.5356804],[-122.5860316,45.5356982],[-122.5864227,45.5357139],[-122.5870412,45.5357179],[-122.5870353,45.5358628],[-122.5870313,45.536061],[-122.5870349,45.5361676],[-122.5875115,45.5361437],[-122.5879116,45.5361059],[-122.5885805,45.5359947],[-122.5890007,45.5359108],[-122.5893353,45.535859],[-122.5892492,45.5361959],[-122.5892126,45.5363947],[-122.5891874,45.5372409],[-122.5891691,45.5373403],[-122.5892032,45.5380179],[-122.5892319,45.5382231],[-122.589294,45.5384506],[-122.58955,45.5389565],[-122.5895981,45.5390928],[-122.589602,45.539207],[-122.5895744,45.5393523],[-122.5894301,45.5398883],[-122.5894139,45.5400486],[-122.5894201,45.5402314],[-122.5894579,45.5403831],[-122.5898035,45.5412836],[-122.5899202,45.5415253],[-122.5899985,45.5415925],[-122.5900651,45.541637],[-122.5901535,45.5416811],[-122.5902085,45.541703],[-122.5903944,45.5417453],[-122.5919169,45.5418471],[-122.5901107,45.5420172],[-122.588906,45.5420086],[-122.5888875,45.5427329],[-122.5888646,45.5436477],[-122.5888414,45.5445549],[-122.5888335,45.5446389],[-122.5888216,45.5452411],[-122.5888027,45.5453253],[-122.5887948,45.5454092],[-122.588775,45.5464154],[-122.5887287,45.5482299],[-122.5887332,45.5483593],[-122.5877051,45.548759],[-122.5866879,45.5491585],[-122.5856603,45.5495734],[-122.5846314,45.5499502],[-122.583593,45.5503653],[-122.5825765,45.5507876],[-122.5819558,45.5510427],[-122.5815597,45.5512022],[-122.5805321,45.5516171],[-122.5804787,45.5516409],[-122.57974,45.5519362],[-122.5795045,45.5520319],[-122.5785734,45.5524145],[-122.5784877,45.5524466],[-122.5775886,45.5528133],[-122.575801,45.5535391],[-122.5757968,45.5534172],[-122.5758099,45.5528455],[-122.5758483,45.5511075],[-122.5767384,45.5511142],[-122.5771183,45.551115],[-122.5778129,45.5511177],[-122.5783771,45.5511151],[-122.5784964,45.5511129],[-122.5785258,45.551021],[-122.5785286,45.5507847],[-122.5785306,45.5502055],[-122.5785339,45.5499845],[-122.5699168,45.5499648],[-122.5697973,45.5499594],[-122.5696238,45.5499625],[-122.5694066,45.5499588],[-122.5693797,45.5523595],[-122.5693732,45.5528092],[-122.5691672,45.5528129],[-122.5680637,45.5525965],[-122.5680911,45.5521236],[-122.5678055,45.5520221],[-122.5657466,45.5511524],[-122.5656916,45.5511305],[-122.5655922,45.551079],[-122.5655369,45.5510495],[-122.5654706,45.5510126],[-122.5653154,45.5509163],[-122.5651816,45.550812],[-122.5650812,45.55073],[-122.5635644,45.5495229],[-122.5630312,45.5491591],[-122.5629297,45.5490466],[-122.5628716,45.5489334],[-122.5628342,45.5487893],[-122.5628414,45.5486825],[-122.5628913,45.548552],[-122.5629532,45.5484595],[-122.5630689,45.5483507],[-122.5631965,45.5482722],[-122.5633465,45.5482162],[-122.5634864,45.5481832],[-122.5636052,45.5481658],[-122.5637137,45.5481639],[-122.5638441,45.5481692],[-122.5639861,45.5481971],[-122.564117,45.5482176],[-122.5642257,45.5482233],[-122.5643344,45.5482289],[-122.5645072,45.548203],[-122.5646254,45.5481704],[-122.5647,45.5481309],[-122.5670983,45.5481335],[-122.5672393,45.548131],[-122.5672814,45.5480921],[-122.5673126,45.5480535],[-122.5673439,45.5480148],[-122.5674474,45.5478682],[-122.5675179,45.5477069],[-122.5675566,45.547569],[-122.5675946,45.5474083],[-122.5676325,45.5472476],[-122.56787,45.5468928],[-122.567994,45.5467077],[-122.5681486,45.5464687],[-122.568154,45.5463086],[-122.5682183,45.5462846],[-122.5682713,45.5462455],[-122.5683242,45.5462065],[-122.5683552,45.5461602],[-122.568375,45.5461065],[-122.568383,45.5460226],[-122.568296,45.5456965],[-122.568304,45.5456125],[-122.5682692,45.5455446],[-122.5682537,45.5454077],[-122.5683045,45.5449877],[-122.5683019,45.5449115],[-122.5682996,45.544843],[-122.5682748,45.544752],[-122.5682397,45.5446764],[-122.5681472,45.5445105],[-122.5680388,45.5445124],[-122.5668885,45.5445103],[-122.5659988,45.5445111],[-122.5630688,45.5445028],[-122.5629492,45.5444973],[-122.5629754,45.5423862],[-122.5631055,45.5423838],[-122.564668,45.5423862],[-122.564676,45.5423023],[-122.564697,45.5409989],[-122.5647037,45.5408769],[-122.5630002,45.540877],[-122.5629702,45.5422339],[-122.5629754,45.5423862],[-122.5622591,45.5423838],[-122.562042,45.5423801],[-122.5615104,45.542382],[-122.5598931,45.5423653],[-122.5598172,45.5423667],[-122.5595133,45.5423645],[-122.5595686,45.542074],[-122.5596123,45.5417608],[-122.5596523,45.541341],[-122.5596619,45.5413027],[-122.5596802,45.5408833],[-122.5597118,45.5405323],[-122.5597211,45.5404864],[-122.5598133,45.5393646],[-122.5598216,45.5392883],[-122.5598456,45.5390364],[-122.5598699,45.5387921],[-122.5599547,45.5380896],[-122.5600104,45.5378143],[-122.5600577,45.5376077],[-122.5601835,45.5371559],[-122.5603544,45.5367566],[-122.5605282,45.5364411],[-122.5607652,45.5360711],[-122.5611073,45.5356001],[-122.5615358,45.53512],[-122.5618926,45.5347631],[-122.5623364,45.5344122],[-122.5626225,45.534209],[-122.5629508,45.5339745],[-122.5633006,45.533732],[-122.563502,45.5335912],[-122.5635973,45.5335209],[-122.5637168,45.5335264],[-122.5640529,45.5335203],[-122.5642697,45.5335164],[-122.5645411,45.5335191],[-122.5649314,45.5335121],[-122.5670787,45.5334887],[-122.5675885,45.5334871],[-122.5680222,45.5334793],[-122.5684128,45.5334798],[-122.5684172,45.5332893],[-122.5684146,45.5332131],[-122.5684326,45.532146],[-122.5684403,45.5320544],[-122.5684468,45.5319248],[-122.5684509,45.5317266],[-122.5684494,45.5316809],[-122.5687945,45.5316213],[-122.5696056,45.5315457],[-122.5702984,45.5315028]]]}},{"type":"Feature","properties":{"boundary_id":"b-elementary-34","school_name":null,"review_status":"unverified"},"geometry":{"type":"Polygon","coordinates":[[[-122.6160712,45.5537495],[-122.6201201,45.553774],[-122.6202603,45.5537485],[-122.6203894,45.5537157],[-122.6206933,45.5537177],[-122.6212467,45.5537151],[-122.6222559,45.5537117],[-122.6232759,45.5537081],[-122.6242851,45.5537047],[-122.6253591,45.5536924],[-122.6264555,45.5537026],[-122.6274647,45.5536992],[-122.6284847,45.5536956],[-122.6294939,45.5536921],[-122.6305142,45.5536961],[-122.6305143,45.554321],[-122.6305021,45.5552128],[-122.6305088,45.5554032],[-122.6310297,45.5554012],[-122.6315616,45.5554065],[-122.6320825,45.5554045],[-122.6326145,45.5554099],[-122.6331462,45.5554076],[-122.6336673,45.5554132],[-122.6341991,45.5554109],[-122.6347094,45.5554167],[-122.6352085,45.5554151],[-122.6357188,45.5554208],[-122.6362288,45.555419],[-122.6367391,45.5554247],[-122.6372492,45.5554229],[-122.6377595,45.5554286],[-122.6382586,45.5554269],[-122.6387689,45.5554327],[-122.639279,45.5554308],[-122.6397892,45.5554366],[-122.6402993,45.5554347],[-122.6407987,45.5554406],[-122.6417754,45.5554377],[-122.6427523,45.5554423],[-122.6427411,45.5563571],[-122.642734,45.5576985],[-122.6437109,45.5577031],[-122.6446879,45.5577078],[-122.645654,45.5577126],[-122.6466307,45.5577096],[-122.6476077,45.5577142],[-122.6485847,45.5577188],[-122.6495617,45.5577234],[-122.6505386,45.557728],[-122.6505225,45.5591153],[-122.6505108,45.5600148],[-122.6510211,45.5600205],[-122.6515095,45.560019],[-122.6524757,45.5600238],[-122.6524644,45.5606261],[-122.6524642,45.5612358],[-122.6524632,45.5618226],[-122.6529191,45.5618217],[-122.6539395,45.5618254],[-122.6549491,45.5618294],[-122.6549459,45.5626602],[-122.6549491,45.5627515],[-122.6559584,45.5627479],[-122.6559586,45.5633652],[-122.6559508,45.5640665],[-122.6559369,45.5645926],[-122.6559352,45.5648517],[-122.6559266,45.5655302],[-122.6559287,45.5658959],[-122.6559224,45.5663305],[-122.6549124,45.5663189],[-122.6539136,45.5663147],[-122.652904,45.5663108],[-122.6518943,45.5663068],[-122.6509932,45.5663008],[-122.6508736,45.5662954],[-122.6507431,45.5662902],[-122.6498523,45.5662687],[-122.6498333,45.5663453],[-122.6498137,45.5664066],[-122.6498028,45.5682511],[-122.6498423,45.5684485],[-122.6488112,45.5684525],[-122.648149,45.5684496],[-122.6478124,45.5684483],[-122.6468247,45.5684515],[-122.6464447,45.568451],[-122.6464363,45.569137],[-122.6452965,45.5691354],[-122.6432993,45.5691421],[-122.6432997,45.5682276],[-122.6427679,45.5682299],[-122.6422252,45.5682324],[-122.6416934,45.5682346],[-122.6411613,45.5682293],[-122.6411641,45.566766],[-122.6411619,45.5663927],[-122.6411597,45.5663317],[-122.6411684,45.5662706],[-122.6400939,45.5662753],[-122.6390195,45.5662801],[-122.6379559,45.5662846],[-122.6379539,45.5659188],[-122.6379568,45.5644556],[-122.6379607,45.5627104],[-122.6376787,45.5627156],[-122.6374289,45.5627126],[-122.6371686,45.5627175],[-122.6368863,45.5627151],[-122.6366693,45.5627191],[-122.6363545,45.5627173],[-122.636159,45.5627133],[-122.6357465,45.5627134],[-122.6352581,45.5627148],[-122.6347264,45.5627171],[-122.6341946,45.5627193],[-122.6336628,45.5627216],[-122.633131,45.5627238],[-122.6325992,45.5627261],[-122.6320675,45.5627283],[-122.6315357,45.5627305],[-122.6310039,45.5627328],[-122.6304721,45.562735],[-122.6294628,45.5627384],[-122.6284429,45.5627497],[-122.627423,45.5627609],[-122.6264137,45.5627644],[-122.6257411,45.5627768],[-122.6253287,45.5627768],[-122.6242762,45.5627886],[-122.6232669,45.562792],[-122.622247,45.5628032],[-122.6212379,45.5628142],[-122.6202394,45.5628173],[-122.616744,45.5628055],[-122.6148875,45.5627939],[-122.6139972,45.5627874],[-122.6140457,45.5604318],[-122.6146862,45.5604353],[-122.6146828,45.5600239],[-122.6147003,45.5592767],[-122.6146643,45.5591783],[-122.6146397,45.559095],[-122.61465,45.5584546],[-122.614654,45.5582564],[-122.6146755,45.5573111],[-122.6146755,45.5569987],[-122.6146755,45.5566862],[-122.614693,45.5556267],[-122.614712,45.5555501],[-122.6147308,45.5554659],[-122.6147459,45.5546503],[-122.6147581,45.5537508],[-122.6160712,45.5537495]]]}},{"type":"Feature","properties":{"boundary_id":"b-elementary-35","school_name":null,"review_status":"unverified"},"geometry":{"type":"Polygon","coordinates":[[[-122.5686427,45.5191657],[-122.5686402,45.5190895],[-122.5689981,45.5190907],[-122.5700612,45.5190943],[-122.5712438,45.5191034],[-122.5719164,45.5191065],[-122.5728819,45.5191118],[-122.5738366,45.5191174],[-122.5749107,45.5191284],[-122.5759304,45.5191328],[-122.5769393,45.5191374],[-122.5771239,45.5191416],[-122.5779593,45.5191493],[-122.5789465,45.5191543],[-122.5801941,45.5191621],[-122.5804112,45.5191658],[-122.5813767,45.5191711],[-122.5823422,45.5191764],[-122.5831449,45.519177],[-122.5834275,45.5191947],[-122.584664,45.5191951],[-122.5851523,45.5192014],[-122.5857707,45.5192054],[-122.5865519,45.519214],[-122.5870836,45.5192196],[-122.5876584,45.5192167],[-122.5885589,45.5192232],[-122.5884742,45.5192857],[-122.5884634,45.5199183],[-122.588476,45.5199715],[-122.5884996,45.5200244],[-122.5885342,45.5200847],[-122.5885577,45.5201376],[-122.5885489,45.5201987],[-122.5884968,45.5202606],[-122.5883678,45.5202935],[-122.5881073,45.5202906],[-122.5879799,45.5203691],[-122.588047,45.5204289],[-122.5881572,45.5204802],[-122.588444,45.5206197],[-122.5888522,45.520818],[-122.5897895,45.5212658],[-122.5907924,45.5217275],[-122.5912867,45.521909],[-122.5918038,45.5221206],[-122.5918638,45.5222871],[-122.5918277,45.5231336],[-122.5920773,45.5231367],[-122.5926423,45.5231645],[-122.5931304,45.5231632],[-122.5936288,45.5231464],[-122.5950063,45.5231441],[-122.5960148,45.5231333],[-122.5964703,45.5231326],[-122.5970343,45.5231298],[-122.5974547,45.5230536],[-122.5982847,45.5229012],[-122.598447,45.5228906],[-122.5994991,45.5228866],[-122.6008874,45.522884],[-122.6022218,45.52289],[-122.6021924,45.5242393],[-122.6021878,45.5250471],[-122.6021699,45.5257867],[-122.6021621,45.5265031],[-122.6021442,45.5272426],[-122.6021477,45.5279741],[-122.6021384,45.5283324],[-122.6021256,45.5285917],[-122.6021206,45.5287595],[-122.6021039,45.5289046],[-122.6013264,45.5293227],[-122.6005491,45.5297485],[-122.6004743,45.5297803],[-122.5999414,45.5300568],[-122.5994942,45.5303012],[-122.5992062,45.5304436],[-122.5990464,45.5305304],[-122.5973726,45.531384],[-122.5968928,45.531629],[-122.5962853,45.5319449],[-122.5943027,45.5329718],[-122.5929917,45.5336511],[-122.5917874,45.5342827],[-122.5904321,45.5349398],[-122.5901433,45.5350594],[-122.5898539,45.5351637],[-122.5893498,45.535333],[-122.5888769,45.5354635],[-122.5884352,45.5355554],[-122.5879497,45.5356328],[-122.5874958,45.5356868],[-122.5870412,45.5357179],[-122.5864227,45.5357139],[-122.5860316,45.5356982],[-122.5857489,45.5356804],[-122.5853353,45.5356422],[-122.5849862,45.5355876],[-122.5843744,45.5354616],[-122.5842104,45.5354265],[-122.5839254,45.5353402],[-122.5835198,45.535218],[-122.5828717,45.534986],[-122.5822898,45.5347832],[-122.5816833,45.534497],[-122.580947,45.5342208],[-122.5801348,45.533946],[-122.5788937,45.5335037],[-122.5781693,45.5332577],[-122.5772696,45.5329616],[-122.5756894,45.532434],[-122.5747347,45.532116],[-122.5741975,45.5319504],[-122.5741425,45.5319286],[-122.5738139,45.5318355],[-122.5736827,45.5318073],[-122.5735077,45.5317648],[-122.5731367,45.5317029],[-122.5726566,45.5316202],[-122.5720899,45.5315466],[-122.5715788,45.5315101],[-122.5710579,45.5315043],[-122.5709386,45.5315064],[-122.5702984,45.5315028],[-122.5696056,45.5315457],[-122.5687945,45.5316213],[-122.5684494,45.5316809],[-122.5684336,45.5315364],[-122.5684424,45.5314753],[-122.5684444,45.5312162],[-122.5684673,45.5299737],[-122.5684859,45.529882],[-122.568492,45.5287846],[-122.5684936,45.5285103],[-122.5685126,45.5277937],[-122.568516,45.5275726],[-122.5685211,45.5270849],[-122.5685268,45.5266123],[-122.5685293,45.5263684],[-122.5685257,45.5262618],[-122.5685437,45.5248747],[-122.5685795,45.5227329],[-122.5685988,45.522664],[-122.5685854,45.522588],[-122.5682491,45.5225865],[-122.5673596,45.5225873],[-122.5673754,45.5220917],[-122.5673774,45.5218326],[-122.5673792,45.5215659],[-122.5673862,45.5214514],[-122.5673942,45.5207274],[-122.5674019,45.5206358],[-122.5674006,45.5202777],[-122.5677913,45.5202859],[-122.5678006,45.52024],[-122.5679738,45.5202293],[-122.5679919,45.5201223],[-122.5681762,45.5201189],[-122.5686211,45.5201261],[-122.5686258,45.5199432],[-122.5686226,45.5198518],[-122.5686203,45.5197833],[-122.5686149,45.5196233],[-122.5686304,45.5194402],[-122.5686489,45.5193484],[-122.5686427,45.5191657]]]}},{"type":"Feature","properties":{"boundary_id":"b-elementary-36","school_name":null,"review_status":"unverified"},"geometry":{"type":"Polygon","coordinates":[[[-122.579096,45.4615438],[-122.5792046,45.4615494],[-122.5796489,45.4615489],[-122.5800604,45.4615414],[-122.5821299,45.461534],[-122.5821949,45.4615329],[-122.5823143,45.4615383],[-122.584015,45.4615224],[-122.5844916,45.4615137],[-122.5848709,45.4615143],[-122.5850766,45.4615106],[-122.5855426,45.4615096],[-122.5861828,45.461536],[-122.5868983,45.4615457],[-122.5870502,45.4615506],[-122.5875486,45.461549],[-122.5879821,45.4615487],[-122.5881337,45.4615459],[-122.5883397,45.4615498],[-122.5885022,45.4615468],[-122.5894341,45.4615449],[-122.5920017,45.4615282],[-122.5928578,45.4615277],[-122.5933562,45.4615262],[-122.5934648,45.4615318],[-122.5946027,45.4615337],[-122.5949926,45.4615265],[-122.5951878,45.4615305],[-122.595361,45.4615273],[-122.5955126,45.4615246],[-122.595632,45.46153],[-122.5958703,45.4615256],[-122.5961413,45.4615282],[-122.5963037,45.4615252],[-122.5966614,45.4615263],[-122.5966471,45.4623724],[-122.5966418,45.4625325],[-122.5966225,45.4632339],[-122.5966008,45.4641793],[-122.5965797,45.4651398],[-122.5969373,45.4651409],[-122.5968959,45.4674049],[-122.596871,45.4676263],[-122.5968739,45.468655],[-122.5962129,45.4686596],[-122.5962098,45.4710905],[-122.5961942,45.473476],[-122.5961897,45.4758689],[-122.5964714,45.4758637],[-122.5971432,45.475859],[-122.5977501,45.4758554],[-122.5981403,45.4758558],[-122.5984003,45.4758511],[-122.5990396,45.4758469],[-122.5996898,45.4758425],[-122.6003294,45.475846],[-122.6009691,45.4758495],[-122.6014134,45.4758489],[-122.6016193,45.4758451],[-122.6022589,45.4758485],[-122.6028982,45.4758443],[-122.6035487,45.4758476],[-122.6041883,45.475851],[-122.6048493,45.4758464],[-122.6059442,45.4758491],[-122.6087624,45.4758503],[-122.6087544,45.4759343],[-122.6087454,45.4763002],[-122.6087509,45.4764601],[-122.6087541,45.4765515],[-122.6087485,45.4770165],[-122.6087545,45.4775041],[-122.6087513,45.4777251],[-122.6087518,45.4780528],[-122.6087544,45.4784414],[-122.6087474,45.4791807],[-122.6077503,45.4791839],[-122.6073601,45.4791835],[-122.6067748,45.4791867],[-122.6057994,45.4791895],[-122.6053766,45.4791897],[-122.6047803,45.4791855],[-122.6022114,45.4791872],[-122.5996313,45.4791814],[-122.5975932,45.4791732],[-122.5970621,45.4791753],[-122.5944716,45.4791772],[-122.5928348,45.4791768],[-122.5920868,45.4791753],[-122.5918962,45.4793083],[-122.5914927,45.479552],[-122.589422,45.4795442],[-122.5893026,45.4795388],[-122.5883726,45.4796016],[-122.5880156,45.4796233],[-122.5869751,45.4796272],[-122.586726,45.4796317],[-122.5841568,45.4796254],[-122.5816961,45.4796246],[-122.5815989,45.479634],[-122.5815014,45.4796358],[-122.5809257,45.4796006],[-122.5790144,45.4794983],[-122.5789945,45.4801845],[-122.5789783,45.4806648],[-122.5789684,45.4810079],[-122.5789703,45.4817013],[-122.5789501,45.4823799],[-122.5789378,45.4826544],[-122.5789438,45.4828296],[-122.578417,45.482641],[-122.5779227,45.4824519],[-122.5774393,45.4822626],[-122.5768816,45.4821204],[-122.5763789,45.482],[-122.5758653,45.4818798],[-122.5753512,45.4817444],[-122.5751655,45.481702],[-122.5748485,45.481624],[-122.5748682,45.4806102],[-122.5753779,45.4806161],[-122.5758876,45.4806221],[-122.5759216,45.4793946],[-122.5754009,45.4793813],[-122.5754114,45.4790534],[-122.5754692,45.4775664],[-122.5754804,45.4769414],[-122.575528,45.4757899],[-122.5758859,45.4757986],[-122.5764608,45.475811],[-122.5765588,45.4758245],[-122.5770471,45.4758384],[-122.5770514,45.4740552],[-122.5770456,45.4722951],[-122.5770113,45.4722424],[-122.5780418,45.4722693],[-122.5790832,45.472296],[-122.5790865,45.472075],[-122.5790851,45.4713968],[-122.5790907,45.4712443],[-122.5790946,45.4710385],[-122.5790899,45.4709014],[-122.579087,45.4704976],[-122.5790753,45.4701549],[-122.5790719,45.4700559],[-122.5790749,45.4695072],[-122.5790685,45.4686844],[-122.5790784,45.4680212],[-122.579075,45.4676022],[-122.5791007,45.4674036],[-122.5790984,45.4673351],[-122.5790939,45.4672056],[-122.5790838,45.4669086],[-122.5790832,45.4665733],[-122.5790881,45.4651254],[-122.5790882,45.4644929],[-122.5790853,45.4644092],[-122.579092,45.4642871],[-122.5790867,45.4634947],[-122.5790851,45.463449],[-122.5790944,45.4634031],[-122.579092,45.4633346],[-122.5790909,45.4626641],[-122.5790942,45.462443],[-122.5790976,45.4615895],[-122.579096,45.4615438]]]}},{"type":"Feature","properties":{"boundary_id":"b-elementary-37","school_name":null,"review_status":"unverified"},"geometry":{"type":"Polygon","coordinates":[[[-122.6498137,45.5664066],[-122.6498333,45.5663453],[-122.6498523,45.5662687],[-122.6507431,45.5662902],[-122.6508736,45.5662954],[-122.6509932,45.5663008],[-122.6518943,45.5663068],[-122.652904,45.5663108],[-122.6539136,45.5663147],[-122.6549124,45.5663189],[-122.6559224,45.5663305],[-122.6571715,45.5663528],[-122.6576924,45.5663506],[-122.6581809,45.5663491],[-122.6594509,45.5663481],[-122.6602118,45.5663796],[-122.6610696,45.5663863],[-122.6612231,45.5664292],[-122.6618745,45.5664322],[-122.6624174,45.5664372],[-122.6629495,45.5664425],[-122.6634922,45.5664399],[-122.6640242,45.5664451],[-122.6645669,45.5664425],[-122.6645475,45.5677309],[-122.6645382,45.5689962],[-122.6645297,45.5699795],[-122.6641392,45.5699868],[-122.6641387,45.5718083],[-122.6642472,45.5718062],[-122.6649963,45.5718074],[-122.6650614,45.5718062],[-122.6656044,45.5718112],[-122.6661254,45.571809],[-122.6666247,45.5718073],[-122.6675691,45.5718047],[-122.6686005,45.5718082],[-122.6685867,45.5720294],[-122.6695967,45.5720409],[-122.6705739,45.5720453],[-122.6715622,45.5720572],[-122.6715725,45.5717369],[-122.6726042,45.5717479],[-122.6736034,45.5717596],[-122.6746676,45.57177],[-122.6756774,45.5717737],[-122.6765786,45.5717796],[-122.6775119,45.5717695],[-122.6781633,45.5717725],[-122.6783806,45.571776],[-122.678511,45.5717811],[-122.6784906,45.5730314],[-122.6784345,45.5772319],[-122.6783914,45.5811882],[-122.6784922,45.5824895],[-122.6786933,45.5835603],[-122.6789525,45.584127],[-122.6805688,45.5877243],[-122.6807335,45.5880794],[-122.6808168,45.5882836],[-122.6807409,45.588285],[-122.6794653,45.5881414],[-122.6783486,45.5878882],[-122.6777113,45.5876792],[-122.6771492,45.5874459],[-122.6765632,45.5871521],[-122.6756983,45.5866502],[-122.6752935,45.5865664],[-122.6749449,45.5865348],[-122.6743714,45.5865914],[-122.6736951,45.5868099],[-122.6730934,45.5869889],[-122.6724991,45.5870687],[-122.6720409,45.5870087],[-122.6715252,45.5868584],[-122.6708866,45.5866113],[-122.6700882,45.5861462],[-122.6693234,45.5857109],[-122.6685042,45.5852691],[-122.667966,45.5850963],[-122.667236,45.5850262],[-122.6666072,45.5850532],[-122.6661455,45.5851991],[-122.6657705,45.5853433],[-122.6654643,45.5855853],[-122.6648886,45.5861906],[-122.6645364,45.5863648],[-122.6639447,45.5865207],[-122.6637711,45.586524],[-122.6633886,45.586455],[-122.6628808,45.5862206],[-122.6622409,45.5859354],[-122.6613503,45.5856244],[-122.6597933,45.5851963],[-122.6593221,45.5850756],[-122.6579397,45.5846747],[-122.6548846,45.583642],[-122.6535008,45.5831954],[-122.6523387,45.5828817],[-122.6514206,45.5827083],[-122.6506591,45.5826692],[-122.6499666,45.5827355],[-122.6492455,45.5829166],[-122.6487106,45.5828351],[-122.6479028,45.582713],[-122.6479057,45.5821795],[-122.647482,45.5821721],[-122.6463525,45.5821627],[-122.6463566,45.5819721],[-122.6463622,45.5815147],[-122.646383,45.5796396],[-122.6436903,45.5796364],[-122.6437316,45.5780352],[-122.6437572,45.576602],[-122.6437307,45.5764653],[-122.643734,45.5756346],[-122.6437292,45.5754975],[-122.6436271,45.575065],[-122.6436299,45.5748363],[-122.6436373,45.5741198],[-122.6432681,45.5741191],[-122.6432818,45.5732729],[-122.6432897,45.5725717],[-122.6464377,45.5725664],[-122.6464353,45.5718805],[-122.6464328,45.5711947],[-122.6464412,45.5705087],[-122.6464388,45.5698228],[-122.6464363,45.569137],[-122.6464447,45.568451],[-122.6468247,45.5684515],[-122.6478124,45.5684483],[-122.648149,45.5684496],[-122.6488112,45.5684525],[-122.6498423,45.5684485],[-122.6498028,45.5682511],[-122.6498137,45.5664066]]]}},{"type":"Feature","properties":{"boundary_id":"b-elementary-38","school_name":null,"review_status":"unverified"},"geometry":{"type":"Polygon","coordinates":[[[-122.5970456,45.4796405],[-122.5970621,45.4791753],[-122.5975932,45.4791732],[-122.5996313,45.4791814],[-122.6022114,45.4791872],[-122.6047803,45.4791855],[-122.6053766,45.4791897],[-122.6057994,45.4791895],[-122.6067748,45.4791867],[-122.6073601,45.4791835],[-122.6077503,45.4791839],[-122.6087474,45.4791807],[-122.6100592,45.479187],[-122.6114144,45.4791923],[-122.6124223,45.4791889],[-122.6134414,45.4791929],[-122.6144605,45.4791968],[-122.6154687,45.479201],[-122.6164875,45.4791973],[-122.6174957,45.4792015],[-122.6185148,45.4792054],[-122.6194469,45.4792033],[-122.6195555,45.4792089],[-122.6206179,45.479212],[-122.6216695,45.4792153],[-122.6226883,45.4792116],[-122.6236424,45.4792167],[-122.6236345,45.4799256],[-122.6237035,45.4800386],[-122.6236901,45.4805875],[-122.6236386,45.4806647],[-122.623631,45.4813812],[-122.623625,45.4818309],[-122.6236234,45.4820977],[-122.6236264,45.4828064],[-122.6226614,45.4828015],[-122.6226536,45.4835103],[-122.6226532,45.4847449],[-122.6226564,45.4854612],[-122.6226563,45.4867034],[-122.6216479,45.4866993],[-122.6205963,45.486696],[-122.6205675,45.4874281],[-122.6205614,45.4875654],[-122.6205252,45.4877718],[-122.620405,45.488056],[-122.6203746,45.4881175],[-122.6177945,45.4881197],[-122.6177969,45.4885007],[-122.617798,45.4888436],[-122.6177906,45.4895677],[-122.6178057,45.4903143],[-122.6168189,45.4903097],[-122.6158433,45.4903126],[-122.6148674,45.4903078],[-122.613892,45.4903183],[-122.6129163,45.4903211],[-122.6119404,45.4903163],[-122.6109648,45.4903191],[-122.6101519,45.4903265],[-122.6099892,45.4903219],[-122.6089916,45.4903175],[-122.6078529,45.490308],[-122.6067686,45.4903052],[-122.6056735,45.4903025],[-122.6047087,45.4903051],[-122.6039278,45.4902966],[-122.6036461,45.4903018],[-122.6025619,45.4902989],[-122.6012935,45.4902994],[-122.6013053,45.4893848],[-122.6013144,45.4887064],[-122.6013416,45.4866636],[-122.6013546,45.485467],[-122.6013528,45.4854136],[-122.6014291,45.4854275],[-122.6021122,45.4854301],[-122.6021207,45.485049],[-122.602129,45.4846602],[-122.6021264,45.4842716],[-122.6021347,45.4838828],[-122.6021425,45.4834787],[-122.6021502,45.4830747],[-122.6014997,45.4830715],[-122.60086,45.483068],[-122.600665,45.4830716],[-122.6004156,45.4830686],[-122.6002097,45.4830724],[-122.5995809,45.4830687],[-122.5995928,45.4818416],[-122.5995993,45.4813995],[-122.599606,45.480965],[-122.5996125,45.4805229],[-122.5996192,45.4800884],[-122.5970391,45.4800826],[-122.5970456,45.4796405]]]}},{"type":"Feature","properties":{"boundary_id":"b-elementary-39","school_name":null,"review_status":"unverified"},"geometry":{"type":"Polygon","coordinates":[[[-122.5641753,45.4861801],[-122.5641753,45.4861801],[-122.5641753,45.4861801],[-122.5641753,45.4861801],[-122.5641753,45.4861801],[-122.5641753,45.4861801],[-122.5641753,45.4861801],[-122.5641753,45.4861801],[-122.5641753,45.4861801],[-122.5641753,45.4861801],[-122.5641753,45.4861801],[-122.5641753,45.4861801],[-122.5641753,45.4861801],[-122.5641753,45.4861801],[-122.5641753,45.4861801],[-122.5641753,45.4861801],[-122.5641753,45.4861801],[-122.5640534,45.4861765],[-122.5639349,45.4861645],[-122.5638205,45.4861445],[-122.5637107,45.4861169],[-122.5636062,45.4860823],[-122.5635075,45.4860409],[-122.5634153,45.4859932],[-122.5633302,45.4859396],[-122.5632527,45.4858805],[-122.5631835,45.4858164],[-122.5631232,45.4857477],[-122.5630723,45.4856747],[-122.5630315,45.485598],[-122.5630014,45.4855178],[-122.5629826,45.4854347],[-122.5629757,45.4853491],[-122.5629761,45.4853216],[-122.5629778,45.4852941],[-122.5629807,45.4852667],[-122.5629849,45.4852394],[-122.5629904,45.4852123],[-122.5629972,45.4851854],[-122.5630051,45.4851586],[-122.5630143,45.485132],[-122.5630248,45.4851056],[-122.5630365,45.4850795],[-122.5630493,45.4850537],[-122.5630634,45.4850281],[-122.5630787,45.4850029],[-122.5630951,45.484978],[-122.5631128,45.4849534],[-122.5631316,45.4849292],[-122.5631732,45.4848815],[-122.5632188,45.4848363],[-122.5632682,45.4847935],[-122.5633213,45.4847533],[-122.5633777,45.4847157],[-122.5634373,45.4846809],[-122.5634999,45.484649],[-122.5635652,45.48462],[-122.563633,45.484594],[-122.5637031,45.4845711],[-122.5637753,45.4845514],[-122.5638494,45.4845351],[-122.5639252,45.4845221],[-122.5640023,45.4845125],[-122.5640807,45.4845066],[-122.5641602,45.4845043],[-122.5642396,45.4845056],[-122.5643181,45.4845107],[-122.5643955,45.4845193],[-122.5644714,45.4845314],[-122.5645458,45.484547],[-122.5646184,45.4845658],[-122.5646889,45.4845878],[-122.5647572,45.484613],[-122.564823,45.4846413],[-122.5648861,45.4846725],[-122.5649464,45.4847066],[-122.5650035,45.4847435],[-122.5650572,45.4847831],[-122.5651074,45.4848253],[-122.5651538,45.48487],[-122.5651963,45.4849172],[-122.5652155,45.4849412],[-122.5652336,45.4849655],[-122.5652505,45.4849902],[-122.5652663,45.4850153],[-122.5652808,45.4850407],[-122.5652941,45.4850664],[-122.5653063,45.4850924],[-122.5653172,45.4851186],[-122.5653269,45.4851451],[-122.5653353,45.4851717],[-122.5653426,45.4851986],[-122.5653485,45.4852257],[-122.5653533,45.4852529],[-122.5653567,45.4852802],[-122.5653589,45.4853077],[-122.5653598,45.4853352],[-122.5653544,45.4854209],[-122.5653371,45.4855042],[-122.5653084,45.4855847],[-122.565269,45.4856619],[-122.5652195,45.4857355],[-122.5651604,45.4858049],[-122.5650924,45.4858698],[-122.565016,45.4859298],[-122.5649318,45.4859843],[-122.5648405,45.4860331],[-122.5647426,45.4860756],[-122.5646387,45.4861115],[-122.5645294,45.4861404],[-122.5644154,45.4861617],[-122.5642971,45.4861751],[-122.5641753,45.4861801]]]}},{"type":"Feature","properties":{"boundary_id":"b-elementary-40","school_name":null,"review_status":"unverified"},"geometry":{"type":"Polygon","coordinates":[[[-122.6287975,45.515526],[-122.6286755,45.5155225],[-122.628557,45.5155105],[-122.6284425,45.5154906],[-122.6283326,45.5154631],[-122.628228,45.5154285],[-122.6281293,45.5153871],[-122.628037,45.5153395],[-122.6279517,45.5152859],[-122.6278742,45.5152269],[-122.6278049,45.5151628],[-122.6277444,45.5150941],[-122.6276935,45.5150212],[-122.6276526,45.5149444],[-122.6276224,45.5148643],[-122.6276035,45.5147812],[-122.6275965,45.5146956],[-122.6276018,45.5146098],[-122.627619,45.5145265],[-122.6276476,45.514446],[-122.6276869,45.5143688],[-122.6277364,45.5142952],[-122.6277954,45.5142257],[-122.6278634,45.5141608],[-122.6279398,45.5141008],[-122.628024,45.5140462],[-122.6281153,45.5139974],[-122.6282132,45.5139548],[-122.6283171,45.5139188],[-122.6284264,45.5138899],[-122.6285405,45.5138686],[-122.6286587,45.5138551],[-122.6287806,45.51385],[-122.6289026,45.5138536],[-122.6290212,45.5138655],[-122.6291357,45.5138854],[-122.6292455,45.5139129],[-122.6293501,45.5139476],[-122.6294489,45.5139889],[-122.6295412,45.5140366],[-122.6296264,45.5140901],[-122.629704,45.5141491],[-122.6297733,45.5142132],[-122.6298337,45.5142819],[-122.6298847,45.5143549],[-122.6299255,45.5144316],[-122.6299557,45.5145117],[-122.6299747,45.5145948],[-122.6299817,45.5146805],[-122.6299764,45.5147662],[-122.6299591,45.5148495],[-122.6299306,45.51493],[-122.6298912,45.5150072],[-122.6298418,45.5150808],[-122.6297827,45.5151503],[-122.6297147,45.5152152],[-122.6296383,45.5152752],[-122.6295542,45.5153298],[-122.6294629,45.5153787],[-122.629365,45.5154213],[-122.6292611,45.5154572],[-122.6291518,45.5154861],[-122.6290377,45.5155075],[-122.6289194,45.5155209],[-122.6287975,45.515526]]]}},{"type":"Feature","properties":{"boundary_id":"b-elementary-41","school_name":null,"review_status":"unverified"},"geometry":{"type":"Polygon","coordinates":[[[-122.7243277,45.4924942],[-122.7242058,45.4924908],[-122.7240872,45.4924789],[-122.7239728,45.4924591],[-122.7238629,45.4924317],[-122.7237583,45.4923971],[-122.7236595,45.4923559],[-122.7235672,45.4923083],[-122.7234819,45.4922548],[-122.7234042,45.4921958],[-122.7233349,45.4921318],[-122.7232744,45.4920631],[-122.7232233,45.4919902],[-122.7231823,45.4919135],[-122.723152,45.4918334],[-122.723133,45.4917503],[-122.7231258,45.4916647],[-122.723131,45.4915789],[-122.7231481,45.4914956],[-122.7231765,45.491415],[-122.7232157,45.4913377],[-122.7232651,45.4912641],[-122.723324,45.4911946],[-122.7233919,45.4911296],[-122.7234681,45.4910695],[-122.7235522,45.4910148],[-122.7236434,45.4909659],[-122.7237412,45.4909232],[-122.723845,45.4908871],[-122.7239542,45.4908582],[-122.7240682,45.4908367],[-122.7241864,45.4908231],[-122.7243083,45.4908179],[-122.7244302,45.4908214],[-122.7245487,45.4908332],[-122.7246632,45.4908531],[-122.7247731,45.4908805],[-122.7248777,45.490915],[-122.7249764,45.4909563],[-122.7250688,45.4910039],[-122.7251541,45.4910573],[-122.7252317,45.4911163],[-122.7253011,45.4911803],[-122.7253616,45.491249],[-122.7254126,45.4913219],[-122.7254536,45.4913986],[-122.7254839,45.4914787],[-122.725503,45.4915618],[-122.7255101,45.4916475],[-122.725505,45.4917332],[-122.7254879,45.4918166],[-122.7254594,45.4918971],[-122.7254202,45.4919744],[-122.7253709,45.492048],[-122.725312,45.4921176],[-122.7252441,45.4921826],[-122.7251678,45.4922426],[-122.7250838,45.4922974],[-122.7249926,45.4923463],[-122.7248948,45.492389],[-122.724791,45.492425],[-122.7246818,45.492454],[-122.7245678,45.4924754],[-122.7244495,45.492489],[-122.7243277,45.4924942]]]}},{"type":"Feature","properties":{"boundary_id":"b-elementary-42","school_name":null,"review_status":"unverified"},"geometry":{"type":"Polygon","coordinates":[[[-122.758138,45.6007873],[-122.7580158,45.6007839],[-122.7578971,45.600772],[-122.7577824,45.6007522],[-122.7576723,45.6007248],[-122.7575675,45.6006903],[-122.7574685,45.600649],[-122.757376,45.6006015],[-122.7572906,45.600548],[-122.7572128,45.600489],[-122.7571432,45.600425],[-122.7570826,45.6003563],[-122.7570314,45.6002834],[-122.7569903,45.6002067],[-122.7569599,45.6001266],[-122.7569408,45.6000435],[-122.7569336,45.5999579],[-122.7569387,45.5998721],[-122.7569558,45.5997888],[-122.7569842,45.5997082],[-122.7570235,45.5996309],[-122.7570729,45.5995573],[-122.7571318,45.5994878],[-122.7571998,45.5994227],[-122.7572761,45.5993627],[-122.7573603,45.5993079],[-122.7574516,45.599259],[-122.7575496,45.5992163],[-122.7576536,45.5991803],[-122.7577629,45.5991513],[-122.7578771,45.5991298],[-122.7579955,45.5991162],[-122.7581176,45.599111],[-122.7582397,45.5991144],[-122.7583585,45.5991263],[-122.7584732,45.5991461],[-122.7585832,45.5991735],[-122.7586881,45.599208],[-122.758787,45.5992493],[-122.7588796,45.5992968],[-122.758965,45.5993503],[-122.7590428,45.5994093],[-122.7591124,45.5994733],[-122.759173,45.599542],[-122.7592242,45.5996149],[-122.7592653,45.5996916],[-122.7592957,45.5997717],[-122.7593148,45.5998548],[-122.759322,45.5999404],[-122.7593169,45.6000262],[-122.7592998,45.6001095],[-122.7592714,45.6001901],[-122.7592321,45.6002674],[-122.7591827,45.600341],[-122.7591238,45.6004105],[-122.7590558,45.6004756],[-122.7589795,45.6005356],[-122.7588953,45.6005904],[-122.758804,45.6006393],[-122.758706,45.600682],[-122.758602,45.600718],[-122.7584927,45.600747],[-122.7583785,45.6007685],[-122.75826,45.6007821],[-122.758138,45.6007873]]]}},{"type":"Feature","properties":{"boundary_id":"b-elementary-43","school_name":null,"review_status":"unverified"},"geometry":{"type":"Polygon","coordinates":[[[-122.5794957,45.5253859],[-122.5793737,45.5253823],[-122.5792551,45.5253703],[-122.5791406,45.5253503],[-122.5790308,45.5253228],[-122.5789262,45.5252881],[-122.5788275,45.5252467],[-122.5787352,45.525199],[-122.57865,45.5251454],[-122.5785724,45.5250864],[-122.5785032,45.5250223],[-122.5784428,45.5249536],[-122.5783919,45.5248806],[-122.5783511,45.5248039],[-122.5783209,45.5247237],[-122.5783021,45.5246406],[-122.5782951,45.524555],[-122.5783005,45.5244693],[-122.5783178,45.524386],[-122.5783464,45.5243055],[-122.5783858,45.5242283],[-122.5784354,45.5241547],[-122.5784945,45.5240853],[-122.5785626,45.5240204],[-122.578639,45.5239604],[-122.5787232,45.5239059],[-122.5788146,45.5238571],[-122.5789125,45.5238145],[-122.5790165,45.5237786],[-122.5791258,45.5237498],[-122.5792399,45.5237285],[-122.5793582,45.5237151],[-122.5794801,45.52371],[-122.5796021,45.5237137],[-122.5797207,45.5237257],[-122.5798352,45.5237456],[-122.579945,45.5237732],[-122.5800496,45.5238078],[-122.5801484,45.5238492],[-122.5802406,45.5238969],[-122.5803258,45.5239505],[-122.5804034,45.5240095],[-122.5804727,45.5240737],[-122.580533,45.5241424],[-122.5805839,45.5242153],[-122.5806248,45.5242921],[-122.5806549,45.5243722],[-122.5806738,45.5244553],[-122.5806807,45.5245409],[-122.5806754,45.5246267],[-122.5806581,45.52471],[-122.5806294,45.5247904],[-122.58059,45.5248677],[-122.5805405,45.5249412],[-122.5804814,45.5250106],[-122.5804133,45.5250756],[-122.5803369,45.5251355],[-122.5802527,45.5251901],[-122.5801613,45.5252389],[-122.5800633,45.5252814],[-122.5799594,45.5253173],[-122.57985,45.5253461],[-122.5797359,45.5253675],[-122.5796176,45.5253809],[-122.5794957,45.5253859]]]}},{"type":"Feature","properties":{"boundary_id":"b-elementary-44","school_name":null,"review_status":"unverified"},"geometry":{"type":"Polygon","coordinates":[[[-122.7129284,45.5886057],[-122.7128063,45.5886022],[-122.7126876,45.5885903],[-122.7125729,45.5885704],[-122.7124629,45.588543],[-122.7123581,45.5885084],[-122.7122592,45.5884671],[-122.7121667,45.5884195],[-122.7120813,45.588366],[-122.7120036,45.588307],[-122.7119341,45.588243],[-122.7118735,45.5881743],[-122.7118224,45.5881014],[-122.7117813,45.5880247],[-122.711751,45.5879446],[-122.711732,45.5878615],[-122.7117248,45.5877758],[-122.71173,45.5876901],[-122.7117471,45.5876068],[-122.7117757,45.5875262],[-122.7118149,45.587449],[-122.7118644,45.5873753],[-122.7119234,45.5873058],[-122.7119914,45.5872408],[-122.7120678,45.5871808],[-122.7121519,45.5871261],[-122.7122433,45.5870772],[-122.7123413,45.5870346],[-122.7124452,45.5869985],[-122.7125546,45.5869696],[-122.7126688,45.5869482],[-122.7127872,45.5869346],[-122.7129092,45.5869295],[-122.7130314,45.5869329],[-122.71315,45.5869448],[-122.7132647,45.5869647],[-122.7133747,45.5869921],[-122.7134795,45.5870267],[-122.7135784,45.587068],[-122.7136709,45.5871156],[-122.7137563,45.5871691],[-122.713834,45.5872281],[-122.7139035,45.5872921],[-122.7139641,45.5873608],[-122.7140152,45.5874337],[-122.7140563,45.5875104],[-122.7140866,45.5875905],[-122.7141057,45.5876736],[-122.7141128,45.5877593],[-122.7141076,45.587845],[-122.7140905,45.5879283],[-122.714062,45.5880089],[-122.7140227,45.5880861],[-122.7139733,45.5881598],[-122.7139143,45.5882293],[-122.7138463,45.5882943],[-122.7137699,45.5883543],[-122.7136857,45.588409],[-122.7135943,45.5884579],[-122.7134964,45.5885006],[-122.7133924,45.5885366],[-122.713283,45.5885655],[-122.7131688,45.588587],[-122.7130504,45.5886005],[-122.7129284,45.5886057]]]}},{"type":"Feature","properties":{"boundary_id":"b-elementary-45","school_name":null,"review_status":"unverified"},"geometry":{"type":"Polygon","coordinates":[[[-122.634526,45.5716756],[-122.6344039,45.571672],[-122.6342852,45.57166],[-122.6341706,45.5716401],[-122.6340607,45.5716126],[-122.633956,45.571578],[-122.6338571,45.5715366],[-122.6337647,45.571489],[-122.6336794,45.5714354],[-122.6336018,45.5713764],[-122.6335324,45.5713123],[-122.6334719,45.5712436],[-122.6334209,45.5711706],[-122.63338,45.5710939],[-122.6333497,45.5710138],[-122.6333308,45.5709307],[-122.6333238,45.5708451],[-122.6333291,45.5707593],[-122.6333463,45.570676],[-122.6333749,45.5705955],[-122.6334143,45.5705183],[-122.6334638,45.5704447],[-122.6335229,45.5703752],[-122.6335909,45.5703103],[-122.6336674,45.5702503],[-122.6337516,45.5701957],[-122.633843,45.5701469],[-122.633941,45.5701043],[-122.634045,45.5700683],[-122.6341544,45.5700395],[-122.6342685,45.5700181],[-122.6343869,45.5700047],[-122.6345089,45.5699996],[-122.634631,45.5700031],[-122.6347497,45.5700151],[-122.6348643,45.570035],[-122.6349742,45.5700625],[-122.6350789,45.5700971],[-122.6351778,45.5701385],[-122.6352702,45.5701861],[-122.6353555,45.5702397],[-122.6354331,45.5702987],[-122.6355025,45.5703628],[-122.635563,45.5704315],[-122.635614,45.5705045],[-122.6356549,45.5705812],[-122.6356852,45.5706613],[-122.6357041,45.5707444],[-122.6357111,45.5708301],[-122.6357059,45.5709158],[-122.6356886,45.5709991],[-122.63566,45.5710796],[-122.6356207,45.5711568],[-122.6355711,45.5712304],[-122.6355121,45.5712999],[-122.635444,45.5713648],[-122.6353676,45.5714248],[-122.6352833,45.5714794],[-122.6351919,45.5715282],[-122.6350939,45.5715708],[-122.63499,45.5716068],[-122.6348806,45.5716356],[-122.6347664,45.571657],[-122.634648,45.5716705],[-122.634526,45.5716756]]]}},{"type":"Feature","properties":{"boundary_id":"b-elementary-46","school_name":null,"review_status":"unverified"},"geometry":{"type":"Polygon","coordinates":[[[-122.6949834,45.4773548],[-122.6948615,45.4773514],[-122.694743,45.4773395],[-122.6946286,45.4773196],[-122.6945188,45.4772922],[-122.6944142,45.4772577],[-122.6943155,45.4772164],[-122.6942232,45.4771688],[-122.6941379,45.4771153],[-122.6940603,45.4770563],[-122.693991,45.4769922],[-122.6939305,45.4769235],[-122.6938795,45.4768506],[-122.6938386,45.4767739],[-122.6938084,45.4766938],[-122.6937894,45.4766107],[-122.6937823,45.4765251],[-122.6937875,45.4764393],[-122.6938046,45.476356],[-122.6938331,45.4762755],[-122.6938723,45.4761982],[-122.6939217,45.4761246],[-122.6939806,45.4760551],[-122.6940485,45.4759901],[-122.6941248,45.47593],[-122.6942088,45.4758753],[-122.6943,45.4758264],[-122.6943978,45.4757838],[-122.6945016,45.4757478],[-122.6946108,45.4757188],[-122.6947248,45.4756974],[-122.694843,45.4756838],[-122.6949648,45.4756787],[-122.6950867,45.4756821],[-122.6952052,45.475694],[-122.6953196,45.4757139],[-122.6954294,45.4757413],[-122.695534,45.4757758],[-122.6956328,45.4758171],[-122.695725,45.4758647],[-122.6958103,45.4759182],[-122.6958879,45.4759772],[-122.6959572,45.4760413],[-122.6960177,45.4761099],[-122.6960687,45.4761829],[-122.6961096,45.4762596],[-122.6961399,45.4763397],[-122.6961589,45.4764228],[-122.696166,45.4765084],[-122.6961608,45.4765942],[-122.6961436,45.4766775],[-122.6961152,45.476758],[-122.6960759,45.4768353],[-122.6960266,45.4769089],[-122.6959676,45.4769784],[-122.6958998,45.4770434],[-122.6958235,45.4771035],[-122.6957395,45.4771582],[-122.6956482,45.4772071],[-122.6955504,45.4772497],[-122.6954466,45.4772857],[-122.6953374,45.4773147],[-122.6952235,45.4773361],[-122.6951053,45.4773497],[-122.6949834,45.4773548]]]}},{"type":"Feature","properties":{"boundary_id":"b-elementary-47","school_name":null,"review_status":"unverified"},"geometry":{"type":"Polygon","coordinates":[[[-122.6589655,45.5590164],[-122.6588434,45.5590129],[-122.6587248,45.559001],[-122.6586102,45.5589811],[-122.6585002,45.5589536],[-122.6583955,45.558919],[-122.6582967,45.5588777],[-122.6582043,45.55883],[-122.658119,45.5587765],[-122.6580413,45.5587175],[-122.6579719,45.5586534],[-122.6579114,45.5585847],[-122.6578604,45.5585118],[-122.6578195,45.558435],[-122.6577892,45.5583549],[-122.6577702,45.5582718],[-122.6577632,45.5581862],[-122.6577684,45.5581004],[-122.6577856,45.5580171],[-122.6578142,45.5579366],[-122.6578535,45.5578594],[-122.657903,45.5577858],[-122.657962,45.5577163],[-122.6580301,45.5576513],[-122.6581065,45.5575913],[-122.6581906,45.5575367],[-122.658282,45.5574878],[-122.65838,45.5574452],[-122.6584839,45.5574093],[-122.6585933,45.5573804],[-122.6587074,45.557359],[-122.6588258,45.5573455],[-122.6589477,45.5573404],[-122.6590698,45.5573439],[-122.6591884,45.5573558],[-122.659303,45.5573757],[-122.659413,45.5574032],[-122.6595177,45.5574378],[-122.6596165,45.5574791],[-122.6597089,45.5575268],[-122.6597942,45.5575803],[-122.6598719,45.5576393],[-122.6599413,45.5577034],[-122.6600018,45.5577721],[-122.6600528,45.557845],[-122.6600937,45.5579218],[-122.660124,45.5580019],[-122.660143,45.558085],[-122.66015,45.5581706],[-122.6601448,45.5582563],[-122.6601276,45.5583397],[-122.660099,45.5584202],[-122.6600597,45.5584974],[-122.6600102,45.558571],[-122.6599512,45.5586405],[-122.6598831,45.5587055],[-122.6598068,45.5587655],[-122.6597226,45.5588201],[-122.6596312,45.558869],[-122.6595333,45.5589116],[-122.6594293,45.5589475],[-122.6593199,45.5589764],[-122.6592058,45.5589978],[-122.6590874,45.5590113],[-122.6589655,45.5590164]]]}},{"type":"Feature","properties":{"boundary_id":"b-elementary-48","school_name":null,"review_status":"unverified"},"geometry":{"type":"Polygon","coordinates":[[[-122.6522598,45.4779596],[-122.6521379,45.477956],[-122.6520195,45.4779441],[-122.651905,45.4779242],[-122.6517952,45.4778968],[-122.6516907,45.4778622],[-122.6515919,45.4778208],[-122.6514997,45.4777732],[-122.6514145,45.4777197],[-122.6513369,45.4776607],[-122.6512677,45.4775966],[-122.6512072,45.4775279],[-122.6511563,45.477455],[-122.6511154,45.4773782],[-122.6510852,45.4772981],[-122.6510663,45.477215],[-122.6510592,45.4771294],[-122.6510645,45.4770437],[-122.6510817,45.4769603],[-122.6511102,45.4768798],[-122.6511495,45.4768026],[-122.6511989,45.476729],[-122.6512579,45.4766595],[-122.6513258,45.4765945],[-122.6514021,45.4765345],[-122.6514862,45.4764798],[-122.6515775,45.476431],[-122.6516753,45.4763884],[-122.6517791,45.4763524],[-122.6518883,45.4763235],[-122.6520023,45.4763021],[-122.6521205,45.4762886],[-122.6522423,45.4762835],[-122.6523642,45.476287],[-122.6524827,45.4762989],[-122.6525972,45.4763188],[-122.652707,45.4763463],[-122.6528115,45.4763809],[-122.6529102,45.4764222],[-122.6530025,45.4764698],[-122.6530877,45.4765234],[-122.6531652,45.4765824],[-122.6532345,45.4766464],[-122.6532949,45.4767151],[-122.6533459,45.476788],[-122.6533868,45.4768648],[-122.653417,45.4769449],[-122.6534359,45.477028],[-122.653443,45.4771136],[-122.6534377,45.4771994],[-122.6534205,45.4772827],[-122.653392,45.4773632],[-122.6533527,45.4774405],[-122.6533033,45.477514],[-122.6532443,45.4775835],[-122.6531764,45.4776485],[-122.6531001,45.4777085],[-122.653016,45.4777632],[-122.6529247,45.477812],[-122.6528269,45.4778547],[-122.6527231,45.4778906],[-122.6526139,45.4779195],[-122.6524999,45.4779409],[-122.6523817,45.4779544],[-122.6522598,45.4779596]]]}},{"type":"Feature","properties":{"boundary_id":"b-elementary-49","school_name":null,"review_status":"unverified"},"geometry":{"type":"Polygon","coordinates":[[[-122.5697524,45.5145221],[-122.5696304,45.5145185],[-122.5695119,45.5145064],[-122.5693974,45.5144865],[-122.5692876,45.5144589],[-122.569183,45.5144242],[-122.5690843,45.5143828],[-122.5689921,45.5143351],[-122.5689069,45.5142816],[-122.5688294,45.5142225],[-122.5687601,45.5141584],[-122.5686998,45.5140897],[-122.5686489,45.5140167],[-122.5686081,45.5139399],[-122.568578,45.5138598],[-122.5685591,45.5137767],[-122.5685522,45.5136911],[-122.5685576,45.5136054],[-122.5685749,45.5135221],[-122.5686035,45.5134416],[-122.5686429,45.5133644],[-122.5686925,45.5132908],[-122.5687516,45.5132214],[-122.5688197,45.5131565],[-122.5688961,45.5130966],[-122.5689803,45.513042],[-122.5690717,45.5129932],[-122.5691696,45.5129507],[-122.5692735,45.5129148],[-122.5693828,45.512886],[-122.5694969,45.5128646],[-122.5696152,45.5128513],[-122.5697371,45.5128462],[-122.5698591,45.5128498],[-122.5699776,45.5128618],[-122.5700921,45.5128818],[-122.5702019,45.5129094],[-122.5703065,45.512944],[-122.5704052,45.5129854],[-122.5704975,45.5130331],[-122.5705827,45.5130867],[-122.5706602,45.5131458],[-122.5707294,45.5132099],[-122.5707898,45.5132786],[-122.5708407,45.5133516],[-122.5708815,45.5134283],[-122.5709116,45.5135085],[-122.5709304,45.5135916],[-122.5709374,45.5136772],[-122.570932,45.5137629],[-122.5709147,45.5138462],[-122.570886,45.5139267],[-122.5708466,45.5140039],[-122.5707971,45.5140774],[-122.570738,45.5141469],[-122.5706699,45.5142118],[-122.5705935,45.5142717],[-122.5705093,45.5143263],[-122.5704179,45.5143751],[-122.57032,45.5144176],[-122.570216,45.5144535],[-122.5701067,45.5144823],[-122.5699926,45.5145036],[-122.5698743,45.514517],[-122.5697524,45.5145221]]]}},{"type":"Feature","properties":{"boundary_id":"b-elementary-50","school_name":null,"review_status":"unverified"},"geometry":{"type":"Polygon","coordinates":[[[-122.7776227,45.5434165],[-122.7775007,45.5434131],[-122.777382,45.5434013],[-122.7772674,45.5433815],[-122.7771575,45.5433541],[-122.7770527,45.5433196],[-122.7769538,45.5432784],[-122.7768614,45.5432308],[-122.776776,45.5431774],[-122.7766982,45.5431184],[-122.7766287,45.5430544],[-122.7765681,45.5429858],[-122.776517,45.5429129],[-122.7764759,45.5428362],[-122.7764455,45.5427561],[-122.7764264,45.542673],[-122.7764191,45.5425873],[-122.7764242,45.5425016],[-122.7764413,45.5424182],[-122.7764697,45.5423377],[-122.7765088,45.5422604],[-122.7765582,45.5421867],[-122.7766171,45.5421172],[-122.7766849,45.5420521],[-122.7767612,45.541992],[-122.7768453,45.5419373],[-122.7769365,45.5418883],[-122.7770344,45.5418456],[-122.7771382,45.5418095],[-122.7772475,45.5417805],[-122.7773616,45.541759],[-122.7774799,45.5417454],[-122.7776018,45.5417401],[-122.7777238,45.5417435],[-122.7778425,45.5417553],[-122.7779571,45.5417751],[-122.778067,45.5418025],[-122.7781718,45.541837],[-122.7782706,45.5418782],[-122.7783631,45.5419258],[-122.7784485,45.5419792],[-122.7785263,45.5420382],[-122.7785957,45.5421022],[-122.7786564,45.5421708],[-122.7787075,45.5422437],[-122.7787486,45.5423204],[-122.778779,45.5424005],[-122.7787981,45.5424836],[-122.7788054,45.5425693],[-122.7788003,45.542655],[-122.7787832,45.5427384],[-122.7787548,45.5428189],[-122.7787157,45.5428962],[-122.7786663,45.5429699],[-122.7786074,45.5430394],[-122.7785396,45.5431045],[-122.7784633,45.5431646],[-122.7783792,45.5432193],[-122.778288,45.5432683],[-122.7781902,45.543311],[-122.7780863,45.5433471],[-122.777977,45.5433761],[-122.7778629,45.5433976],[-122.7777446,45.5434112],[-122.7776227,45.5434165]]]}},{"type":"Feature","properties":{"boundary_id":"b-elementary-51","school_name":null,"review_status":"unverified"},"geometry":{"type":"Polygon","coordinates":[[[-122.6045759,45.5058636],[-122.6044539,45.50586],[-122.6043354,45.5058481],[-122.6042209,45.5058281],[-122.6041111,45.5058006],[-122.6040065,45.505766],[-122.6039078,45.5057246],[-122.6038156,45.5056769],[-122.6037304,45.5056233],[-122.6036528,45.5055643],[-122.6035836,45.5055002],[-122.6035232,45.5054315],[-122.6034722,45.5053585],[-122.6034314,45.5052818],[-122.6034012,45.5052017],[-122.6033824,45.5051186],[-122.6033754,45.5050329],[-122.6033807,45.5049472],[-122.603398,45.5048639],[-122.6034266,45.5047834],[-122.6034659,45.5047062],[-122.6035154,45.5046326],[-122.6035745,45.5045632],[-122.6036425,45.5044983],[-122.6037189,45.5044383],[-122.6038031,45.5043837],[-122.6038944,45.5043349],[-122.6039923,45.5042923],[-122.6040962,45.5042564],[-122.6042055,45.5042275],[-122.6043195,45.5042062],[-122.6044378,45.5041927],[-122.6045597,45.5041877],[-122.6046816,45.5041912],[-122.6048002,45.5042032],[-122.6049146,45.5042232],[-122.6050245,45.5042507],[-122.605129,45.5042853],[-122.6052278,45.5043267],[-122.60532,45.5043744],[-122.6054052,45.5044279],[-122.6054828,45.5044869],[-122.605552,45.504551],[-122.6056124,45.5046198],[-122.6056633,45.5046927],[-122.6057042,45.5047694],[-122.6057344,45.5048496],[-122.6057532,45.5049327],[-122.6057602,45.5050183],[-122.6057549,45.505104],[-122.6057376,45.5051873],[-122.605709,45.5052678],[-122.6056697,45.5053451],[-122.6056202,45.5054186],[-122.6055611,45.5054881],[-122.6054931,45.505553],[-122.6054167,45.505613],[-122.6053325,45.5056676],[-122.6052412,45.5057164],[-122.6051433,45.505759],[-122.6050394,45.5057949],[-122.6049301,45.5058237],[-122.6048161,45.5058451],[-122.6046978,45.5058585],[-122.6045759,45.5058636]]]}},{"type":"Feature","properties":{"boundary_id":"b-elementary-52","school_name":null,"review_status":"unverified"},"geometry":{"type":"Polygon","coordinates":[[[-122.6512839,45.506726],[-122.6511619,45.5067225],[-122.6510434,45.5067106],[-122.6509289,45.5066907],[-122.650819,45.5066632],[-122.6507144,45.5066286],[-122.6506157,45.5065873],[-122.6505234,45.5065396],[-122.6504381,45.5064861],[-122.6503606,45.5064271],[-122.6502912,45.506363],[-122.6502308,45.5062943],[-122.6501798,45.5062214],[-122.6501389,45.5061447],[-122.6501087,45.5060645],[-122.6500898,45.5059814],[-122.6500827,45.5058958],[-122.650088,45.5058101],[-122.6501052,45.5057267],[-122.6501337,45.5056462],[-122.650173,45.505569],[-122.6502225,45.5054954],[-122.6502815,45.5054259],[-122.6503495,45.505361],[-122.6504258,45.5053009],[-122.6505099,45.5052463],[-122.6506012,45.5051975],[-122.6506991,45.5051548],[-122.650803,45.5051189],[-122.6509122,45.50509],[-122.6510263,45.5050686],[-122.6511445,45.5050551],[-122.6512664,45.50505],[-122.6513884,45.5050535],[-122.6515069,45.5050654],[-122.6516214,45.5050853],[-122.6517312,45.5051128],[-122.6518358,45.5051474],[-122.6519346,45.5051887],[-122.6520269,45.5052364],[-122.6521121,45.5052899],[-122.6521897,45.5053489],[-122.652259,45.505413],[-122.6523195,45.5054817],[-122.6523705,45.5055546],[-122.6524114,45.5056313],[-122.6524416,45.5057115],[-122.6524605,45.5057945],[-122.6524676,45.5058802],[-122.6524623,45.5059659],[-122.6524451,45.5060492],[-122.6524166,45.5061297],[-122.6523773,45.506207],[-122.6523278,45.5062806],[-122.6522688,45.5063501],[-122.6522008,45.506415],[-122.6521245,45.5064751],[-122.6520404,45.5065297],[-122.6519491,45.5065785],[-122.6518512,45.5066212],[-122.6517473,45.5066571],[-122.6516381,45.506686],[-122.651524,45.5067074],[-122.6514058,45.5067209],[-122.6512839,45.506726]]]}},{"type":"Feature","properties":{"boundary_id":"b-elementary-53","school_name":null,"review_status":"unverified"},"geometry":{"type":"Polygon","coordinates":[[[-122.6172871,45.4743846],[-122.6171652,45.474381],[-122.6170467,45.4743691],[-122.6169323,45.4743491],[-122.6168225,45.4743217],[-122.616718,45.474287],[-122.6166193,45.4742457],[-122.6165271,45.474198],[-122.6164419,45.4741445],[-122.6163644,45.4740854],[-122.6162951,45.4740213],[-122.6162348,45.4739526],[-122.6161839,45.4738797],[-122.616143,45.473803],[-122.6161129,45.4737228],[-122.616094,45.4736397],[-122.616087,45.4735541],[-122.6160923,45.4734684],[-122.6161095,45.4733851],[-122.6161381,45.4733046],[-122.6161774,45.4732273],[-122.6162269,45.4731538],[-122.6162859,45.4730843],[-122.6163539,45.4730193],[-122.6164302,45.4729594],[-122.6165143,45.4729047],[-122.6166056,45.4728559],[-122.6167034,45.4728133],[-122.6168073,45.4727774],[-122.6169165,45.4727485],[-122.6170305,45.4727271],[-122.6171487,45.4727137],[-122.6172705,45.4727086],[-122.6173924,45.4727121],[-122.6175109,45.4727241],[-122.6176253,45.472744],[-122.6177351,45.4727715],[-122.6178396,45.4728061],[-122.6179383,45.4728475],[-122.6180305,45.4728952],[-122.6181157,45.4729487],[-122.6181932,45.4730077],[-122.6182624,45.4730718],[-122.6183228,45.4731405],[-122.6183737,45.4732135],[-122.6184146,45.4732902],[-122.6184447,45.4733703],[-122.6184636,45.4734534],[-122.6184706,45.4735391],[-122.6184653,45.4736248],[-122.6184481,45.4737081],[-122.6184195,45.4737886],[-122.6183802,45.4738658],[-122.6183307,45.4739394],[-122.6182717,45.4740089],[-122.6182037,45.4740738],[-122.6181274,45.4741338],[-122.6180433,45.4741884],[-122.617952,45.4742373],[-122.6178542,45.4742799],[-122.6177503,45.4743158],[-122.6176411,45.4743447],[-122.6175271,45.474366],[-122.6174089,45.4743795],[-122.6172871,45.4743846]]]}},{"type":"Feature","properties":{"boundary_id":"b-elementary-54","school_name":null,"review_status":"unverified"},"geometry":{"type":"Polygon","coordinates":[[[-122.5940169,45.5559575],[-122.5938948,45.5559539],[-122.5937762,45.5559419],[-122.5936617,45.5559219],[-122.5935517,45.5558944],[-122.5934471,45.5558597],[-122.5933483,45.5558183],[-122.593256,45.5557706],[-122.5931707,45.5557171],[-122.5930931,45.555658],[-122.5930238,45.5555939],[-122.5929634,45.5555252],[-122.5929124,45.5554522],[-122.5928716,45.5553755],[-122.5928414,45.5552954],[-122.5928225,45.5552123],[-122.5928155,45.5551266],[-122.5928209,45.5550409],[-122.5928382,45.5549576],[-122.5928668,45.5548771],[-122.5929062,45.5547999],[-122.5929558,45.5547264],[-122.5930149,45.5546569],[-122.593083,45.554592],[-122.5931594,45.554532],[-122.5932437,45.5544775],[-122.5933351,45.5544287],[-122.5934331,45.5543861],[-122.5935371,45.5543502],[-122.5936464,45.5543214],[-122.5937606,45.5543],[-122.593879,45.5542866],[-122.594001,45.5542816],[-122.594123,45.5542852],[-122.5942416,45.5542972],[-122.5943562,45.5543171],[-122.5944661,45.5543447],[-122.5945707,45.5543793],[-122.5946695,45.5544207],[-122.5947619,45.5544684],[-122.5948471,45.554522],[-122.5949247,45.554581],[-122.594994,45.5546451],[-122.5950545,45.5547139],[-122.5951054,45.5547868],[-122.5951463,45.5548636],[-122.5951765,45.5549437],[-122.5951953,45.5550268],[-122.5952023,45.5551124],[-122.595197,45.5551981],[-122.5951797,45.5552814],[-122.595151,45.5553619],[-122.5951116,45.5554391],[-122.5950621,45.5555127],[-122.595003,45.5555821],[-122.5949349,45.555647],[-122.5948584,45.555707],[-122.5947742,45.5557616],[-122.5946828,45.5558104],[-122.5945848,45.5558529],[-122.5944808,45.5558889],[-122.5943714,45.5559177],[-122.5942572,45.555939],[-122.5941389,45.5559524],[-122.5940169,45.5559575]]]}},{"type":"Feature","properties":{"boundary_id":"b-elementary-55","school_name":null,"review_status":"unverified"},"geometry":{"type":"Polygon","coordinates":[[[-122.6108272,45.5180166],[-122.6107052,45.518013],[-122.6105867,45.518001],[-122.6104722,45.5179811],[-122.6103623,45.5179536],[-122.6102577,45.5179189],[-122.610159,45.5178776],[-122.6100667,45.5178299],[-122.6099815,45.5177763],[-122.6099039,45.5177173],[-122.6098346,45.5176532],[-122.6097742,45.5175845],[-122.6097233,45.5175116],[-122.6096824,45.5174348],[-122.6096522,45.5173547],[-122.6096333,45.5172716],[-122.6096264,45.517186],[-122.6096317,45.5171002],[-122.6096489,45.5170169],[-122.6096775,45.5169364],[-122.6097169,45.5168592],[-122.6097664,45.5167856],[-122.6098255,45.5167162],[-122.6098935,45.5166513],[-122.6099699,45.5165913],[-122.6100541,45.5165367],[-122.6101454,45.5164879],[-122.6102433,45.5164453],[-122.6103472,45.5164093],[-122.6104565,45.5163805],[-122.6105706,45.5163591],[-122.6106889,45.5163457],[-122.6108108,45.5163406],[-122.6109328,45.5163442],[-122.6110513,45.5163562],[-122.6111658,45.5163761],[-122.6112757,45.5164036],[-122.6113803,45.5164383],[-122.611479,45.5164796],[-122.6115713,45.5165273],[-122.6116565,45.5165809],[-122.6117341,45.5166399],[-122.6118034,45.516704],[-122.6118638,45.5167727],[-122.6119147,45.5168456],[-122.6119556,45.5169224],[-122.6119858,45.5170025],[-122.6120047,45.5170856],[-122.6120117,45.5171712],[-122.6120063,45.517257],[-122.6119891,45.5173403],[-122.6119605,45.5174208],[-122.6119211,45.517498],[-122.6118716,45.5175716],[-122.6118126,45.517641],[-122.6117445,45.5177059],[-122.6116681,45.5177659],[-122.611584,45.5178205],[-122.6114926,45.5178693],[-122.6113947,45.5179119],[-122.6112908,45.5179479],[-122.6111815,45.5179767],[-122.6110674,45.5179981],[-122.6109491,45.5180115],[-122.6108272,45.5180166]]]}},{"type":"Feature","properties":{"boundary_id":"b-elementary-56","school_name":null,"review_status":"unverified"},"geometry":{"type":"Polygon","coordinates":[[[-122.6368814,45.5484896],[-122.6367593,45.5484861],[-122.6366407,45.5484741],[-122.6365261,45.5484542],[-122.6364162,45.5484267],[-122.6363116,45.5483921],[-122.6362128,45.5483508],[-122.6361204,45.5483031],[-122.6360351,45.5482496],[-122.6359575,45.5481905],[-122.6358881,45.5481265],[-122.6358277,45.5480577],[-122.6357767,45.5479848],[-122.6357358,45.5479081],[-122.6357055,45.5478279],[-122.6356866,45.5477449],[-122.6356796,45.5476592],[-122.6356849,45.5475735],[-122.6357021,45.5474902],[-122.6357307,45.5474097],[-122.63577,45.5473324],[-122.6358195,45.5472589],[-122.6358786,45.5471894],[-122.6359466,45.5471244],[-122.636023,45.5470644],[-122.6361072,45.5470098],[-122.6361986,45.546961],[-122.6362965,45.5469184],[-122.6364005,45.5468824],[-122.6365098,45.5468536],[-122.636624,45.5468322],[-122.6367423,45.5468187],[-122.6368643,45.5468136],[-122.6369863,45.5468172],[-122.6371049,45.5468291],[-122.6372195,45.5468491],[-122.6373294,45.5468765],[-122.6374341,45.5469112],[-122.6375329,45.5469525],[-122.6376252,45.5470002],[-122.6377105,45.5470537],[-122.6377881,45.5471127],[-122.6378575,45.5471768],[-122.6379179,45.5472455],[-122.6379689,45.5473185],[-122.6380099,45.5473952],[-122.6380401,45.5474753],[-122.638059,45.5475584],[-122.638066,45.5476441],[-122.6380608,45.5477298],[-122.6380435,45.5478131],[-122.6380149,45.5478936],[-122.6379756,45.5479709],[-122.6379261,45.5480444],[-122.6378671,45.5481139],[-122.637799,45.5481788],[-122.6377226,45.5482388],[-122.6376384,45.5482935],[-122.6375471,45.5483423],[-122.6374491,45.5483849],[-122.6373452,45.5484208],[-122.6372358,45.5484497],[-122.6371217,45.5484711],[-122.6370033,45.5484845],[-122.6368814,45.5484896]]]}},{"type":"Feature","properties":{"boundary_id":"b-elementary-57","school_name":null,"review_status":"unverified"},"geometry":{"type":"Polygon","coordinates":[[[-122.7054481,45.5340378],[-122.7053261,45.5340344],[-122.7052075,45.5340225],[-122.705093,45.5340026],[-122.704983,45.5339752],[-122.7048784,45.5339407],[-122.7047795,45.5338994],[-122.7046871,45.5338518],[-122.7046018,45.5337982],[-122.7045241,45.5337393],[-122.7044547,45.5336752],[-122.7043942,45.5336065],[-122.7043431,45.5335336],[-122.7043022,45.5334569],[-122.7042719,45.5333768],[-122.7042528,45.5332937],[-122.7042457,45.5332081],[-122.7042509,45.5331223],[-122.704268,45.533039],[-122.7042965,45.5329585],[-122.7043358,45.5328812],[-122.7043852,45.5328076],[-122.7044442,45.532738],[-122.7045121,45.5326731],[-122.7045884,45.532613],[-122.7046725,45.5325583],[-122.7047638,45.5325094],[-122.7048617,45.5324668],[-122.7049656,45.5324307],[-122.7050749,45.5324018],[-122.705189,45.5323804],[-122.7053073,45.5323668],[-122.7054292,45.5323617],[-122.7055512,45.5323651],[-122.7056698,45.532377],[-122.7057843,45.5323969],[-122.7058943,45.5324243],[-122.7059989,45.5324588],[-122.7060978,45.5325001],[-122.7061902,45.5325477],[-122.7062755,45.5326012],[-122.7063532,45.5326602],[-122.7064226,45.5327243],[-122.7064831,45.5327929],[-122.7065342,45.5328659],[-122.7065751,45.5329426],[-122.7066055,45.5330227],[-122.7066245,45.5331058],[-122.7066316,45.5331914],[-122.7066264,45.5332772],[-122.7066093,45.5333605],[-122.7065808,45.533441],[-122.7065415,45.5335183],[-122.7064921,45.5335919],[-122.7064332,45.5336614],[-122.7063652,45.5337264],[-122.7062889,45.5337865],[-122.7062048,45.5338412],[-122.7061135,45.5338901],[-122.7060156,45.5339327],[-122.7059117,45.5339688],[-122.7058025,45.5339977],[-122.7056884,45.5340191],[-122.7055701,45.5340327],[-122.7054481,45.5340378]]]}},{"type":"Feature","properties":{"boundary_id":"b-elementary-58","school_name":null,"review_status":"unverified"},"geometry":{"type":"Polygon","coordinates":[[[-122.6287803,45.4694055],[-122.6286584,45.4694019],[-122.6285399,45.46939],[-122.6284255,45.4693701],[-122.6283158,45.4693426],[-122.6282112,45.469308],[-122.6281125,45.4692666],[-122.6280203,45.469219],[-122.6279351,45.4691654],[-122.6278576,45.4691064],[-122.6277884,45.4690423],[-122.627728,45.4689736],[-122.6276771,45.4689007],[-122.6276362,45.468824],[-122.6276061,45.4687438],[-122.6275872,45.4686607],[-122.6275801,45.4685751],[-122.6275854,45.4684894],[-122.6276027,45.4684061],[-122.6276312,45.4683256],[-122.6276705,45.4682483],[-122.62772,45.4681747],[-122.627779,45.4681053],[-122.6278469,45.4680403],[-122.6279232,45.4679803],[-122.6280073,45.4679257],[-122.6280986,45.4678768],[-122.6281964,45.4678342],[-122.6283002,45.4677983],[-122.6284094,45.4677694],[-122.6285234,45.467748],[-122.6286416,45.4677346],[-122.6287634,45.4677294],[-122.6288853,45.467733],[-122.6290038,45.4677449],[-122.6291182,45.4677648],[-122.629228,45.4677923],[-122.6293325,45.4678269],[-122.6294312,45.4678683],[-122.6295234,45.4679159],[-122.6296086,45.4679695],[-122.6296861,45.4680285],[-122.6297553,45.4680926],[-122.6298157,45.4681613],[-122.6298666,45.4682342],[-122.6299075,45.4683109],[-122.6299377,45.4683911],[-122.6299566,45.4684742],[-122.6299636,45.4685598],[-122.6299583,45.4686455],[-122.6299411,45.4687288],[-122.6299125,45.4688093],[-122.6298732,45.4688866],[-122.6298238,45.4689602],[-122.6297648,45.4690297],[-122.6296968,45.4690946],[-122.6296205,45.4691546],[-122.6295364,45.4692092],[-122.6294452,45.4692581],[-122.6293473,45.4693007],[-122.6292435,45.4693366],[-122.6291343,45.4693655],[-122.6290203,45.4693869],[-122.6289021,45.4694004],[-122.6287803,45.4694055]]]}},{"type":"Feature","properties":{"boundary_id":"b-elementary-59","school_name":null,"review_status":"unverified"},"geometry":{"type":"Polygon","coordinates":[[[-122.7293447,45.4811481],[-122.7292227,45.4811447],[-122.7291042,45.4811329],[-122.7289898,45.481113],[-122.7288799,45.4810856],[-122.7287753,45.4810511],[-122.7286766,45.4810098],[-122.7285842,45.4809623],[-122.728499,45.4809088],[-122.7284213,45.4808498],[-122.728352,45.4807858],[-122.7282915,45.4807171],[-122.7282404,45.4806442],[-122.7281994,45.4805675],[-122.7281691,45.4804874],[-122.7281501,45.4804043],[-122.728143,45.4803187],[-122.7281481,45.4802329],[-122.7281652,45.4801496],[-122.7281936,45.480069],[-122.7282328,45.4799917],[-122.7282822,45.4799181],[-122.728341,45.4798486],[-122.7284089,45.4797835],[-122.7284851,45.4797235],[-122.7285692,45.4796688],[-122.7286604,45.4796198],[-122.7287581,45.4795771],[-122.7288619,45.4795411],[-122.7289711,45.4795121],[-122.7290851,45.4794906],[-122.7292033,45.4794771],[-122.7293251,45.4794719],[-122.729447,45.4794753],[-122.7295655,45.4794871],[-122.72968,45.479507],[-122.7297898,45.4795343],[-122.7298944,45.4795689],[-122.7299932,45.4796101],[-122.7300855,45.4796577],[-122.7301708,45.4797112],[-122.7302484,45.4797702],[-122.7303178,45.4798342],[-122.7303783,45.4799029],[-122.7304293,45.4799758],[-122.7304703,45.4800525],[-122.7305006,45.4801326],[-122.7305196,45.4802157],[-122.7305268,45.4803013],[-122.7305216,45.4803871],[-122.7305046,45.4804704],[-122.7304761,45.480551],[-122.7304369,45.4806282],[-122.7303876,45.4807019],[-122.7303287,45.4807714],[-122.7302609,45.4808364],[-122.7301846,45.4808965],[-122.7301006,45.4809512],[-122.7300094,45.4810002],[-122.7299116,45.4810428],[-122.7298079,45.4810789],[-122.7296987,45.4811079],[-122.7295847,45.4811294],[-122.7294665,45.4811429],[-122.7293447,45.4811481]]]}},{"type":"Feature","properties":{"boundary_id":"b-elementary-60","school_name":null,"review_status":"unverified"},"geometry":{"type":"Polygon","coordinates":[[[-122.5962874,45.4868906],[-122.5961655,45.486887],[-122.596047,45.486875],[-122.5959325,45.4868551],[-122.5958227,45.4868276],[-122.5957182,45.4867929],[-122.5956195,45.4867515],[-122.5955273,45.4867038],[-122.5954421,45.4866503],[-122.5953646,45.4865912],[-122.5952954,45.4865272],[-122.595235,45.4864584],[-122.5951841,45.4863855],[-122.5951433,45.4863087],[-122.5951132,45.4862286],[-122.5950943,45.4861455],[-122.5950873,45.4860599],[-122.5950927,45.4859742],[-122.5951099,45.4858909],[-122.5951385,45.4858104],[-122.5951779,45.4857331],[-122.5952274,45.4856596],[-122.5952864,45.4855901],[-122.5953545,45.4855252],[-122.5954308,45.4854652],[-122.595515,45.4854106],[-122.5956063,45.4853618],[-122.5957042,45.4853193],[-122.595808,45.4852833],[-122.5959173,45.4852545],[-122.5960313,45.4852331],[-122.5961496,45.4852197],[-122.5962714,45.4852146],[-122.5963933,45.4852182],[-122.5965118,45.4852302],[-122.5966262,45.4852502],[-122.596736,45.4852777],[-122.5968405,45.4853123],[-122.5969392,45.4853537],[-122.5970315,45.4854014],[-122.5971166,45.4854549],[-122.5971941,45.485514],[-122.5972634,45.4855781],[-122.5973237,45.4856468],[-122.5973746,45.4857197],[-122.5974155,45.4857965],[-122.5974456,45.4858766],[-122.5974645,45.4859597],[-122.5974714,45.4860453],[-122.5974661,45.486131],[-122.5974488,45.4862144],[-122.5974202,45.4862948],[-122.5973809,45.4863721],[-122.5973314,45.4864456],[-122.5972723,45.4865151],[-122.5972043,45.48658],[-122.597128,45.48664],[-122.5970438,45.4866946],[-122.5969525,45.4867434],[-122.5968546,45.486786],[-122.5967508,45.4868219],[-122.5966415,45.4868507],[-122.5965275,45.4868721],[-122.5964092,45.4868855],[-122.5962874,45.4868906]]]}},{"type":"Feature","properties":{"boundary_id":"b-elementary-61","school_name":null,"review_status":"unverified"},"geometry":{"type":"Polygon","coordinates":[[[-122.5674041,45.5389272],[-122.5672821,45.5389236],[-122.5671635,45.5389116],[-122.567049,45.5388916],[-122.5669391,45.538864],[-122.5668345,45.5388293],[-122.5667358,45.5387879],[-122.5666435,45.5387402],[-122.5665583,45.5386866],[-122.5664807,45.5386276],[-122.5664115,45.5385635],[-122.5663511,45.5384947],[-122.5663002,45.5384218],[-122.5662594,45.538345],[-122.5662292,45.5382649],[-122.5662104,45.5381818],[-122.5662035,45.5380962],[-122.5662088,45.5380105],[-122.5662262,45.5379272],[-122.5662548,45.5378467],[-122.5662943,45.5377695],[-122.5663438,45.5376959],[-122.566403,45.5376265],[-122.5664711,45.5375616],[-122.5665475,45.5375017],[-122.5666318,45.5374471],[-122.5667232,45.5373983],[-122.5668211,45.5373558],[-122.5669251,45.5373199],[-122.5670345,45.5372911],[-122.5671486,45.5372698],[-122.567267,45.5372564],[-122.5673889,45.5372514],[-122.5675109,45.537255],[-122.5676295,45.537267],[-122.567744,45.537287],[-122.5678539,45.5373146],[-122.5679585,45.5373492],[-122.5680572,45.5373906],[-122.5681495,45.5374383],[-122.5682347,45.5374919],[-122.5683123,45.537551],[-122.5683816,45.5376151],[-122.5684419,45.5376839],[-122.5684928,45.5377568],[-122.5685337,45.5378336],[-122.5685638,45.5379137],[-122.5685826,45.5379968],[-122.5685896,45.5380824],[-122.5685842,45.5381681],[-122.5685669,45.5382514],[-122.5685382,45.5383319],[-122.5684988,45.5384091],[-122.5684492,45.5384826],[-122.5683901,45.5385521],[-122.568322,45.538617],[-122.5682455,45.5386769],[-122.5681613,45.5387315],[-122.5680699,45.5387803],[-122.5679719,45.5388228],[-122.5678679,45.5388587],[-122.5677586,45.5388875],[-122.5676444,45.5389088],[-122.5675261,45.5389222],[-122.5674041,45.5389272]]]}},{"type":"Feature","properties":{"boundary_id":"b-elementary-62","school_name":null,"review_status":"unverified"},"geometry":{"type":"Polygon","coordinates":[[[-122.6529406,45.5758901],[-122.6528185,45.5758865],[-122.6526998,45.5758746],[-122.6525852,45.5758547],[-122.6524752,45.5758272],[-122.6523705,45.5757926],[-122.6522716,45.5757512],[-122.6521792,45.5757036],[-122.6520939,45.57565],[-122.6520162,45.575591],[-122.6519468,45.575527],[-122.6518863,45.5754582],[-122.6518353,45.5753853],[-122.6517943,45.5753086],[-122.6517641,45.5752285],[-122.6517451,45.5751454],[-122.6517381,45.5750597],[-122.6517433,45.574974],[-122.6517605,45.5748907],[-122.6517891,45.5748102],[-122.6518285,45.5747329],[-122.651878,45.5746593],[-122.651937,45.5745899],[-122.6520051,45.5745249],[-122.6520815,45.5744649],[-122.6521657,45.5744103],[-122.6522571,45.5743614],[-122.6523551,45.5743188],[-122.6524591,45.5742829],[-122.6525685,45.574254],[-122.6526826,45.5742326],[-122.652801,45.5742191],[-122.652923,45.574214],[-122.6530451,45.5742176],[-122.6531638,45.5742295],[-122.6532784,45.5742494],[-122.6533884,45.5742769],[-122.6534931,45.5743115],[-122.653592,45.5743528],[-122.6536844,45.5744005],[-122.6537697,45.574454],[-122.6538474,45.5745131],[-122.6539168,45.5745771],[-122.6539773,45.5746458],[-122.6540283,45.5747188],[-122.6540693,45.5747955],[-122.6540996,45.5748756],[-122.6541185,45.5749587],[-122.6541256,45.5750444],[-122.6541203,45.5751301],[-122.6541031,45.5752134],[-122.6540745,45.5752939],[-122.6540352,45.5753712],[-122.6539857,45.5754447],[-122.6539266,45.5755142],[-122.6538586,45.5755792],[-122.6537821,45.5756392],[-122.6536979,45.5756938],[-122.6536065,45.5757426],[-122.6535086,45.5757853],[-122.6534046,45.5758212],[-122.6532952,45.5758501],[-122.653181,45.5758715],[-122.6530626,45.5758849],[-122.6529406,45.5758901]]]}},{"type":"Feature","properties":{"boundary_id":"b-elementary-63","school_name":null,"review_status":"unverified"},"geometry":{"type":"Polygon","coordinates":[[[-122.6331487,45.4918524],[-122.6330268,45.4918489],[-122.6329083,45.4918369],[-122.6327938,45.491817],[-122.632684,45.4917895],[-122.6325794,45.4917549],[-122.6324807,45.4917136],[-122.6323884,45.4916659],[-122.6323032,45.4916124],[-122.6322257,45.4915534],[-122.6321564,45.4914893],[-122.632096,45.4914206],[-122.632045,45.4913476],[-122.6320042,45.4912709],[-122.631974,45.4911908],[-122.6319551,45.4911077],[-122.6319481,45.4910221],[-122.6319533,45.4909363],[-122.6319706,45.490853],[-122.6319991,45.4907725],[-122.6320384,45.4906953],[-122.6320879,45.4906217],[-122.6321469,45.4905522],[-122.6322149,45.4904873],[-122.6322912,45.4904273],[-122.6323753,45.4903726],[-122.6324666,45.4903238],[-122.6325645,45.4902812],[-122.6326683,45.4902452],[-122.6327776,45.4902163],[-122.6328916,45.490195],[-122.6330099,45.4901815],[-122.6331317,45.4901764],[-122.6332536,45.4901799],[-122.6333721,45.4901919],[-122.6334866,45.4902118],[-122.6335964,45.4902393],[-122.633701,45.4902739],[-122.6337997,45.4903152],[-122.633892,45.4903629],[-122.6339772,45.4904164],[-122.6340547,45.4904755],[-122.634124,45.4905395],[-122.6341844,45.4906082],[-122.6342354,45.4906812],[-122.6342762,45.4907579],[-122.6343064,45.490838],[-122.6343253,45.4909211],[-122.6343323,45.4910068],[-122.6343271,45.4910925],[-122.6343098,45.4911758],[-122.6342813,45.4912563],[-122.634242,45.4913336],[-122.6341925,45.4914071],[-122.6341335,45.4914766],[-122.6340655,45.4915416],[-122.6339892,45.4916016],[-122.6339051,45.4916562],[-122.6338138,45.491705],[-122.6337159,45.4917476],[-122.6336121,45.4917836],[-122.6335028,45.4918125],[-122.6333888,45.4918339],[-122.6332705,45.4918473],[-122.6331487,45.4918524]]]}},{"type":"Feature","properties":{"boundary_id":"b-elementary-64","school_name":null,"review_status":"unverified"},"geometry":{"type":"Polygon","coordinates":[[[-122.6198622,45.5299642],[-122.6197402,45.5299606],[-122.6196216,45.5299486],[-122.6195071,45.5299287],[-122.6193972,45.5299012],[-122.6192926,45.5298666],[-122.6191938,45.5298252],[-122.6191015,45.5297775],[-122.6190163,45.529724],[-122.6189387,45.5296649],[-122.6188694,45.5296009],[-122.6188089,45.5295321],[-122.618758,45.5294592],[-122.6187171,45.5293825],[-122.6186869,45.5293023],[-122.618668,45.5292192],[-122.618661,45.5291336],[-122.6186663,45.5290479],[-122.6186836,45.5289646],[-122.6187122,45.5288841],[-122.6187515,45.5288068],[-122.618801,45.5287333],[-122.6188601,45.5286638],[-122.6189281,45.5285989],[-122.6190045,45.5285389],[-122.6190887,45.5284843],[-122.61918,45.5284355],[-122.619278,45.5283929],[-122.6193819,45.5283569],[-122.6194912,45.5283281],[-122.6196053,45.5283067],[-122.6197236,45.5282933],[-122.6198456,45.5282882],[-122.6199676,45.5282918],[-122.6200861,45.5283037],[-122.6202006,45.5283237],[-122.6203105,45.5283512],[-122.6204151,45.5283858],[-122.6205139,45.5284272],[-122.6206062,45.5284748],[-122.6206915,45.5285284],[-122.6207691,45.5285874],[-122.6208384,45.5286515],[-122.6208988,45.5287202],[-122.6209498,45.5287931],[-122.6209906,45.5288699],[-122.6210208,45.52895],[-122.6210397,45.5290331],[-122.6210467,45.5291187],[-122.6210414,45.5292045],[-122.6210242,45.5292878],[-122.6209956,45.5293683],[-122.6209562,45.5294455],[-122.6209067,45.5295191],[-122.6208477,45.5295885],[-122.6207797,45.5296535],[-122.6207033,45.5297135],[-122.6206191,45.5297681],[-122.6205277,45.5298169],[-122.6204298,45.5298595],[-122.6203259,45.5298954],[-122.6202165,45.5299243],[-122.6201024,45.5299456],[-122.6199841,45.5299591],[-122.6198622,45.5299642]]]}},{"type":"Feature","properties":{"boundary_id":"b-elementary-65","school_name":null,"review_status":"unverified"},"geometry":{"type":"Polygon","coordinates":[[[-122.643465,45.5632344],[-122.6433429,45.5632308],[-122.6432243,45.5632189],[-122.6431097,45.563199],[-122.6429998,45.5631715],[-122.6428951,45.5631369],[-122.6427962,45.5630955],[-122.6427038,45.5630479],[-122.6426185,45.5629943],[-122.6425409,45.5629353],[-122.6424715,45.5628712],[-122.642411,45.5628025],[-122.64236,45.5627296],[-122.6423191,45.5626528],[-122.6422888,45.5625727],[-122.6422699,45.5624896],[-122.6422629,45.562404],[-122.6422681,45.5623183],[-122.6422854,45.5622349],[-122.6423139,45.5621544],[-122.6423533,45.5620772],[-122.6424028,45.5620036],[-122.6424619,45.5619341],[-122.6425299,45.5618692],[-122.6426063,45.5618092],[-122.6426905,45.5617546],[-122.6427819,45.5617057],[-122.6428799,45.5616631],[-122.6429838,45.5616272],[-122.6430932,45.5615983],[-122.6432074,45.5615769],[-122.6433257,45.5615635],[-122.6434477,45.5615584],[-122.6435698,45.5615619],[-122.6436884,45.5615739],[-122.643803,45.5615938],[-122.643913,45.5616213],[-122.6440177,45.5616559],[-122.6441165,45.5616972],[-122.6442089,45.5617449],[-122.6442942,45.5617984],[-122.6443718,45.5618574],[-122.6444412,45.5619215],[-122.6445017,45.5619902],[-122.6445527,45.5620632],[-122.6445936,45.5621399],[-122.6446239,45.56222],[-122.6446428,45.5623031],[-122.6446499,45.5623888],[-122.6446446,45.5624745],[-122.6446274,45.5625578],[-122.6445988,45.5626383],[-122.6445595,45.5627155],[-122.64451,45.5627891],[-122.6444509,45.5628586],[-122.6443828,45.5629235],[-122.6443064,45.5629836],[-122.6442222,45.5630382],[-122.6441308,45.563087],[-122.6440329,45.5631296],[-122.6439289,45.5631656],[-122.6438195,45.5631944],[-122.6437054,45.5632158],[-122.643587,45.5632293],[-122.643465,45.5632344]]]}},{"type":"Feature","properties":{"boundary_id":"b-elementary-66","school_name":null,"review_status":"unverified"},"geometry":{"type":"Polygon","coordinates":[[[-122.6957312,45.4647289],[-122.6956093,45.4647254],[-122.6954909,45.4647135],[-122.6953764,45.4646937],[-122.6952667,45.4646663],[-122.6951621,45.4646317],[-122.6950634,45.4645904],[-122.6949711,45.4645428],[-122.6948859,45.4644893],[-122.6948083,45.4644303],[-122.694739,45.4643663],[-122.6946785,45.4642976],[-122.6946275,45.4642247],[-122.6945866,45.464148],[-122.6945564,45.4640679],[-122.6945374,45.4639848],[-122.6945303,45.4638991],[-122.6945355,45.4638134],[-122.6945526,45.4637301],[-122.6945811,45.4636495],[-122.6946203,45.4635723],[-122.6946697,45.4634986],[-122.6947286,45.4634291],[-122.6947965,45.4633641],[-122.6948727,45.4633041],[-122.6949567,45.4632494],[-122.6950479,45.4632005],[-122.6951457,45.4631578],[-122.6952495,45.4631218],[-122.6953586,45.4630928],[-122.6954726,45.4630714],[-122.6955908,45.4630579],[-122.6957126,45.4630527],[-122.6958344,45.4630562],[-122.6959529,45.463068],[-122.6960673,45.4630879],[-122.6961771,45.4631153],[-122.6962817,45.4631499],[-122.6963804,45.4631911],[-122.6964727,45.4632388],[-122.6965579,45.4632922],[-122.6966355,45.4633512],[-122.6967048,45.4634153],[-122.6967652,45.4634839],[-122.6968162,45.4635569],[-122.6968572,45.4636336],[-122.6968874,45.4637137],[-122.6969064,45.4637968],[-122.6969135,45.4638824],[-122.6969083,45.4639682],[-122.6968912,45.4640515],[-122.6968627,45.464132],[-122.6968235,45.4642093],[-122.6967741,45.4642829],[-122.6967152,45.4643524],[-122.6966473,45.4644175],[-122.6965711,45.4644775],[-122.6964871,45.4645322],[-122.6963959,45.4645811],[-122.6962981,45.4646238],[-122.6961943,45.4646598],[-122.6960852,45.4646887],[-122.6959712,45.4647102],[-122.695853,45.4647237],[-122.6957312,45.4647289]]]}},{"type":"Feature","properties":{"boundary_id":"b-elementary-67","school_name":null,"review_status":"unverified"},"geometry":{"type":"Polygon","coordinates":[[[-122.6310422,45.5376901],[-122.6309202,45.5376865],[-122.6308016,45.5376746],[-122.6306871,45.5376546],[-122.6305772,45.5376271],[-122.6304725,45.5375925],[-122.6303738,45.5375512],[-122.6302814,45.5375035],[-122.6301962,45.53745],[-122.6301186,45.5373909],[-122.6300492,45.5373268],[-122.6299888,45.5372581],[-122.6299378,45.5371852],[-122.6298969,45.5371085],[-122.6298667,45.5370283],[-122.6298478,45.5369452],[-122.6298407,45.5368596],[-122.629846,45.5367739],[-122.6298633,45.5366906],[-122.6298919,45.5366101],[-122.6299312,45.5365328],[-122.6299807,45.5364593],[-122.6300398,45.5363898],[-122.6301078,45.5363248],[-122.6301842,45.5362648],[-122.6302684,45.5362102],[-122.6303597,45.5361614],[-122.6304577,45.5361188],[-122.6305616,45.5360829],[-122.6306709,45.536054],[-122.630785,45.5360326],[-122.6309034,45.5360192],[-122.6310253,45.5360141],[-122.6311473,45.5360176],[-122.6312659,45.5360296],[-122.6313804,45.5360495],[-122.6314903,45.536077],[-122.631595,45.5361116],[-122.6316938,45.536153],[-122.6317861,45.5362006],[-122.6318714,45.5362542],[-122.631949,45.5363132],[-122.6320183,45.5363773],[-122.6320788,45.536446],[-122.6321297,45.5365189],[-122.6321706,45.5365957],[-122.6322009,45.5366758],[-122.6322198,45.5367589],[-122.6322268,45.5368445],[-122.6322215,45.5369303],[-122.6322043,45.5370136],[-122.6321757,45.5370941],[-122.6321363,45.5371713],[-122.6320869,45.5372449],[-122.6320278,45.5373144],[-122.6319598,45.5373793],[-122.6318834,45.5374393],[-122.6317992,45.5374939],[-122.6317078,45.5375427],[-122.6316099,45.5375853],[-122.631506,45.5376213],[-122.6313966,45.5376502],[-122.6312825,45.5376715],[-122.6311642,45.537685],[-122.6310422,45.5376901]]]}},{"type":"Feature","properties":{"boundary_id":"b-elementary-68","school_name":null,"review_status":"unverified"},"geometry":{"type":"Polygon","coordinates":[[[-122.6914704,45.5737406],[-122.6913483,45.5737371],[-122.6912297,45.5737252],[-122.691115,45.5737053],[-122.691005,45.5736778],[-122.6909003,45.5736433],[-122.6908014,45.5736019],[-122.690709,45.5735543],[-122.6906236,45.5735008],[-122.6905459,45.5734418],[-122.6904765,45.5733778],[-122.6904159,45.5733091],[-122.6903648,45.5732361],[-122.6903239,45.5731594],[-122.6902935,45.5730793],[-122.6902745,45.5729962],[-122.6902674,45.5729106],[-122.6902726,45.5728248],[-122.6902898,45.5727415],[-122.6903183,45.572661],[-122.6903576,45.5725837],[-122.6904071,45.5725101],[-122.6904661,45.5724406],[-122.6905341,45.5723756],[-122.6906105,45.5723156],[-122.6906947,45.5722609],[-122.690786,45.5722121],[-122.690884,45.5721694],[-122.6909879,45.5721334],[-122.6910973,45.5721045],[-122.6912115,45.5720831],[-122.6913298,45.5720696],[-122.6914518,45.5720644],[-122.6915739,45.5720679],[-122.6916926,45.5720798],[-122.6918072,45.5720997],[-122.6919172,45.5721271],[-122.692022,45.5721617],[-122.6921208,45.572203],[-122.6922133,45.5722506],[-122.6922986,45.5723042],[-122.6923763,45.5723631],[-122.6924458,45.5724272],[-122.6925063,45.5724959],[-122.6925574,45.5725688],[-122.6925984,45.5726455],[-122.6926287,45.5727257],[-122.6926477,45.5728087],[-122.6926548,45.5728944],[-122.6926496,45.5729801],[-122.6926325,45.5730635],[-122.6926039,45.573144],[-122.6925647,45.5732212],[-122.6925152,45.5732948],[-122.6924562,45.5733643],[-122.6923882,45.5734293],[-122.6923118,45.5734894],[-122.6922276,45.573544],[-122.6921363,45.5735929],[-122.6920383,45.5736355],[-122.6919344,45.5736715],[-122.691825,45.5737005],[-122.6917108,45.5737219],[-122.6915924,45.5737354],[-122.6914704,45.5737406]]]}},{"type":"Feature","properties":{"boundary_id":"b-elementary-69","school_name":null,"review_status":"unverified"},"geometry":{"type":"Polygon","coordinates":[[[-122.5880332,45.4692255],[-122.5879113,45.4692219],[-122.5877928,45.4692099],[-122.5876784,45.4691899],[-122.5875687,45.4691624],[-122.5874642,45.4691278],[-122.5873655,45.4690864],[-122.5872733,45.4690387],[-122.5871882,45.4689851],[-122.5871107,45.4689261],[-122.5870415,45.468862],[-122.5869812,45.4687933],[-122.5869303,45.4687203],[-122.5868895,45.4686436],[-122.5868594,45.4685635],[-122.5868405,45.4684804],[-122.5868336,45.4683947],[-122.5868389,45.468309],[-122.5868562,45.4682257],[-122.5868848,45.4681452],[-122.5869242,45.468068],[-122.5869737,45.4679944],[-122.5870327,45.467925],[-122.5871007,45.4678601],[-122.5871771,45.4678001],[-122.5872612,45.4677455],[-122.5873525,45.4676967],[-122.5874503,45.4676541],[-122.5875542,45.4676182],[-122.5876634,45.4675894],[-122.5877774,45.467568],[-122.5878956,45.4675546],[-122.5880174,45.4675496],[-122.5881393,45.4675531],[-122.5882577,45.4675651],[-122.5883721,45.4675851],[-122.5884819,45.4676126],[-122.5885864,45.4676472],[-122.588685,45.4676886],[-122.5887772,45.4677363],[-122.5888624,45.4677899],[-122.5889399,45.4678489],[-122.5890091,45.467913],[-122.5890694,45.4679817],[-122.5891203,45.4680547],[-122.5891611,45.4681314],[-122.5891912,45.4682116],[-122.58921,45.4682946],[-122.589217,45.4683803],[-122.5892117,45.468466],[-122.5891944,45.4685493],[-122.5891658,45.4686298],[-122.5891264,45.468707],[-122.5890769,45.4687806],[-122.5890179,45.46885],[-122.5889499,45.468915],[-122.5888735,45.4689749],[-122.5887894,45.4690295],[-122.5886981,45.4690783],[-122.5886003,45.4691209],[-122.5884964,45.4691568],[-122.5883872,45.4691857],[-122.5882732,45.469207],[-122.588155,45.4692204],[-122.5880332,45.4692255]]]}},{"type":"Feature","properties":{"boundary_id":"b-elementary-70","school_name":null,"review_status":"unverified"},"geometry":{"type":"Polygon","coordinates":[[[-122.7043402,45.4415043],[-122.7042183,45.4415008],[-122.7040999,45.441489],[-122.7039855,45.4414691],[-122.7038758,45.4414417],[-122.7037712,45.4414072],[-122.7036726,45.4413659],[-122.7035803,45.4413183],[-122.7034951,45.4412648],[-122.7034176,45.4412058],[-122.7033483,45.4411418],[-122.7032878,45.4410731],[-122.7032368,45.4410002],[-122.7031959,45.4409235],[-122.7031657,45.4408434],[-122.7031467,45.4407603],[-122.7031396,45.4406747],[-122.7031447,45.4405889],[-122.7031619,45.4405056],[-122.7031903,45.440425],[-122.7032295,45.4403478],[-122.7032788,45.4402741],[-122.7033377,45.4402046],[-122.7034056,45.4401396],[-122.7034818,45.4400795],[-122.7035658,45.4400248],[-122.7036569,45.4399759],[-122.7037546,45.4399333],[-122.7038584,45.4398972],[-122.7039675,45.4398683],[-122.7040814,45.4398468],[-122.7041995,45.4398332],[-122.7043213,45.4398281],[-122.7044431,45.4398315],[-122.7045615,45.4398434],[-122.7046759,45.4398632],[-122.7047857,45.4398906],[-122.7048902,45.4399252],[-122.7049889,45.4399664],[-122.7050811,45.440014],[-122.7051663,45.4400675],[-122.7052439,45.4401265],[-122.7053132,45.4401905],[-122.7053736,45.4402592],[-122.7054246,45.4403321],[-122.7054655,45.4404088],[-122.7054958,45.4404889],[-122.7055148,45.440572],[-122.7055219,45.4406577],[-122.7055167,45.4407434],[-122.7054996,45.4408268],[-122.7054712,45.4409073],[-122.705432,45.4409846],[-122.7053826,45.4410582],[-122.7053237,45.4411277],[-122.7052559,45.4411927],[-122.7051797,45.4412528],[-122.7050957,45.4413075],[-122.7050046,45.4413564],[-122.7049068,45.4413991],[-122.7048031,45.4414351],[-122.704694,45.4414641],[-122.70458,45.4414856],[-122.7044619,45.4414991],[-122.7043402,45.4415043]]]}},{"type":"Feature","properties":{"boundary_id":"b-elementary-71","school_name":null,"review_status":"unverified"},"geometry":{"type":"Polygon","coordinates":[[[-122.5820999,45.5114289],[-122.581978,45.5114253],[-122.5818594,45.5114133],[-122.581745,45.5113933],[-122.5816351,45.5113658],[-122.5815306,45.5113312],[-122.5814318,45.5112898],[-122.5813396,45.5112421],[-122.5812544,45.5111885],[-122.5811769,45.5111294],[-122.5811076,45.5110653],[-122.5810472,45.5109966],[-122.5809963,45.5109237],[-122.5809555,45.5108469],[-122.5809254,45.5107668],[-122.5809066,45.5106837],[-122.5808996,45.510598],[-122.580905,45.5105123],[-122.5809223,45.510429],[-122.5809509,45.5103486],[-122.5809903,45.5102713],[-122.5810398,45.5101978],[-122.5810989,45.5101283],[-122.581167,45.5100634],[-122.5812434,45.5100035],[-122.5813276,45.5099489],[-122.5814189,45.5099001],[-122.5815168,45.5098575],[-122.5816208,45.5098216],[-122.5817301,45.5097928],[-122.5818441,45.5097715],[-122.5819624,45.5097581],[-122.5820843,45.509753],[-122.5822063,45.5097566],[-122.5823248,45.5097686],[-122.5824393,45.5097886],[-122.5825491,45.5098161],[-122.5826537,45.5098508],[-122.5827524,45.5098922],[-122.5828447,45.5099399],[-122.5829298,45.5099935],[-122.5830074,45.5100525],[-122.5830766,45.5101166],[-122.583137,45.5101853],[-122.5831879,45.5102583],[-122.5832287,45.510335],[-122.5832589,45.5104152],[-122.5832777,45.5104983],[-122.5832847,45.5105839],[-122.5832793,45.5106696],[-122.583262,45.5107529],[-122.5832334,45.5108334],[-122.583194,45.5109106],[-122.5831445,45.5109842],[-122.5830854,45.5110536],[-122.5830173,45.5111185],[-122.5829409,45.5111785],[-122.5828567,45.5112331],[-122.5827654,45.5112818],[-122.5826674,45.5113244],[-122.5825635,45.5113603],[-122.5824542,45.5113891],[-122.5823401,45.5114105],[-122.5822218,45.5114239],[-122.5820999,45.5114289]]]}},{"type":"Feature","properties":{"boundary_id":"b-elementary-72","school_name":null,"review_status":"unverified"},"geometry":{"type":"Polygon","coordinates":[[[-122.7259309,45.4501287],[-122.725809,45.4501252],[-122.7256906,45.4501134],[-122.7255762,45.4500936],[-122.7254664,45.4500662],[-122.7253619,45.4500317],[-122.7252631,45.4499904],[-122.7251709,45.4499428],[-122.7250856,45.4498893],[-122.7250081,45.4498304],[-122.7249387,45.4497663],[-122.7248783,45.4496977],[-122.7248272,45.4496248],[-122.7247863,45.4495481],[-122.724756,45.449468],[-122.724737,45.4493849],[-122.7247298,45.4492992],[-122.724735,45.4492135],[-122.7247521,45.4491301],[-122.7247805,45.4490496],[-122.7248197,45.4489723],[-122.724869,45.4488987],[-122.7249279,45.4488291],[-122.7249957,45.4487641],[-122.7250719,45.448704],[-122.7251559,45.4486493],[-122.725247,45.4486004],[-122.7253448,45.4485577],[-122.7254485,45.4485216],[-122.7255576,45.4484926],[-122.7256715,45.4484712],[-122.7257897,45.4484576],[-122.7259114,45.4484524],[-122.7260333,45.4484558],[-122.7261517,45.4484677],[-122.7262661,45.4484875],[-122.7263759,45.4485149],[-122.7264805,45.4485494],[-122.7265792,45.4485907],[-122.7266714,45.4486382],[-122.7267567,45.4486917],[-122.7268343,45.4487507],[-122.7269036,45.4488147],[-122.7269641,45.4488834],[-122.7270151,45.4489563],[-122.727056,45.449033],[-122.7270863,45.4491131],[-122.7271053,45.4491962],[-122.7271125,45.4492818],[-122.7271073,45.4493676],[-122.7270903,45.4494509],[-122.7270618,45.4495315],[-122.7270227,45.4496088],[-122.7269734,45.4496824],[-122.7269145,45.4497519],[-122.7268467,45.449817],[-122.7267705,45.449877],[-122.7266865,45.4499317],[-122.7265953,45.4499807],[-122.7264976,45.4500234],[-122.7263939,45.4500594],[-122.7262847,45.4500884],[-122.7261708,45.4501099],[-122.7260527,45.4501235],[-122.7259309,45.4501287]]]}}],"metadata":{"source_pdf":"b-elementary.pdf","georef_source":"current-high.pdf (shared page alignment; requires geographic QA)","sha256":"dcf93234c81c68bc97e6bfba8e996ad2a1d41af0752d40bf0fe8b5d7124f0015","pdf_viewport":[39.131,432.0,2551.75,3420.0],"control_points":[45.6476,-122.823,45.4199,-122.82,45.4218,-122.548,45.6494,-122.55],"status":"provisional","notes":"Vector subpaths extracted from main viewport. Names, topology, inset coverage and positional accuracy require review. Not enabled for assignments."}}