{"type":"FeatureCollection","features":[{"type":"Feature","properties":{"boundary_id":"b-high-1","school_name":"Jefferson High School","review_status":"unverified","school_candidates":["Jefferson High School"],"name_status":"pdf-label-match","source_label":"Jefferson High School Mandarin Immersion"},"geometry":{"type":"Polygon","coordinates":[[[-122.6741222,45.5318366],[-122.680097,45.5359988],[-122.6819553,45.5372973],[-122.6828895,45.5379349],[-122.6829674,45.5379868],[-122.6844435,45.5389114],[-122.6863305,45.5400949],[-122.6872963,45.5407015],[-122.6884086,45.5417626],[-122.6896443,45.5429356],[-122.6912168,45.5444223],[-122.6947001,45.5477398],[-122.6950754,45.5479155],[-122.7028002,45.5514718],[-122.7087708,45.5542154],[-122.7101446,45.5549893],[-122.7233738,45.5624096],[-122.7293344,45.5657166],[-122.7307413,45.5664897],[-122.7307858,45.5665193],[-122.727239,45.5686765],[-122.7253064,45.5698572],[-122.7248285,45.5701484],[-122.7247219,45.5702039],[-122.7238513,45.570739],[-122.7232218,45.571338],[-122.7216169,45.5728782],[-122.7212461,45.5731292],[-122.7210447,45.5732627],[-122.721122,45.5732993],[-122.7212347,45.5734115],[-122.7202752,45.5738949],[-122.720083,45.5739825],[-122.718529,45.5745383],[-122.7183894,45.5745791],[-122.7156815,45.5750505],[-122.7140844,45.5753175],[-122.7133136,45.575317],[-122.7127163,45.5753133],[-122.7123032,45.5752983],[-122.7122056,45.5753002],[-122.7119883,45.5752968],[-122.7108895,45.575234],[-122.7098238,45.5751859],[-122.7088444,45.5751208],[-122.7079932,45.5749999],[-122.7077639,45.5749662],[-122.7066688,45.5747052],[-122.7056714,45.5744423],[-122.7046506,45.5741341],[-122.7043432,45.5740409],[-122.7040907,45.5739619],[-122.7036278,45.5737726],[-122.7033177,45.5736032],[-122.7026197,45.5732126],[-122.7026234,45.5736165],[-122.7026172,45.5746456],[-122.7026184,45.5758803],[-122.7026171,45.5770464],[-122.7025667,45.5771541],[-122.7019697,45.5771579],[-122.7012748,45.5771559],[-122.7008297,45.5771568],[-122.700265,45.5771524],[-122.6997114,45.5771553],[-122.6991141,45.5771515],[-122.6987124,45.5771515],[-122.6979849,45.5771501],[-122.6977025,45.5771479],[-122.6973117,45.5771477],[-122.697051,45.5771451],[-122.6963019,45.5771441],[-122.695292,45.5771405],[-122.6946516,45.5771451],[-122.6942716,45.5771447],[-122.693251,45.5771413],[-122.6922303,45.5771379],[-122.6917309,45.5771397],[-122.6912099,45.577142],[-122.6906997,45.5771441],[-122.6901786,45.5771464],[-122.6899071,45.5771439],[-122.6896681,45.5771408],[-122.6893752,45.5771464],[-122.6891471,45.5771431],[-122.6888433,45.5771489],[-122.6886369,45.5771452],[-122.6883006,45.5771516],[-122.6881158,45.5771475],[-122.6877684,45.5771465],[-122.6876056,45.5771495],[-122.6872259,45.5771568],[-122.6866718,45.5771444],[-122.6860531,45.5771485],[-122.6855968,45.5771419],[-122.685043,45.5771372],[-122.6845219,45.5771395],[-122.6840226,45.5771413],[-122.683013,45.5771452],[-122.6818947,45.5771435],[-122.6799862,45.5772101],[-122.6796279,45.5772093],[-122.6785541,45.5772372],[-122.6784345,45.5772319],[-122.6783914,45.5811882],[-122.6784922,45.5824895],[-122.6786933,45.5835603],[-122.6789525,45.584127],[-122.6805688,45.5877243],[-122.6807335,45.5880794],[-122.6808168,45.5882836],[-122.6809039,45.5882895],[-122.6823939,45.5883528],[-122.6831931,45.5885358],[-122.6840947,45.5888465],[-122.6848023,45.5891989],[-122.6853853,45.5894089],[-122.6866779,45.5897198],[-122.6885602,45.5901261],[-122.6891525,45.5902902],[-122.6904278,45.5907232],[-122.6918146,45.591238],[-122.6931778,45.5916999],[-122.69422,45.5919926],[-122.6949463,45.5922608],[-122.6950454,45.592297],[-122.6956519,45.5925522],[-122.6962681,45.5927767],[-122.696543,45.5928706],[-122.6976102,45.5932542],[-122.6985022,45.5935955],[-122.6994454,45.5938519],[-122.6999712,45.593979],[-122.70007,45.5940076],[-122.7008374,45.5942064],[-122.7016189,45.5944964],[-122.701881,45.5945371],[-122.7021106,45.5945784],[-122.7022636,45.594606],[-122.7024164,45.594626],[-122.7028524,45.594671],[-122.7034515,45.5947205],[-122.7035386,45.5947265],[-122.7037556,45.5947223],[-122.704515,45.5947002],[-122.7047755,45.5946952],[-122.7057653,45.5947373],[-122.7058524,45.5947433],[-122.7065964,45.5948967],[-122.7070027,45.5950185],[-122.7070578,45.5950403],[-122.7081346,45.5953856],[-122.7087837,45.5956171],[-122.709257,45.5957909],[-122.7093341,45.5958199],[-122.7099913,45.595975],[-122.7112708,45.5962173],[-122.7120574,45.596347],[-122.712871,45.5966211],[-122.7134798,45.5969371],[-122.7145536,45.5974958],[-122.7151218,45.5978889],[-122.7155895,45.5982076],[-122.7160472,45.5985495],[-122.7165954,45.5989886],[-122.7172849,45.5994327],[-122.718285,45.6000537],[-122.7187617,45.600319],[-122.7191585,45.600479],[-122.7189367,45.600651],[-122.7177032,45.6016731],[-122.7121342,45.6062387],[-122.7102139,45.6077998],[-122.7089589,45.6088375],[-122.7057628,45.6114671],[-122.7048557,45.612216],[-122.7047209,45.6123939],[-122.7045775,45.6126329],[-122.7043624,45.6129952],[-122.7039424,45.6136968],[-122.7029736,45.6133418],[-122.7027213,45.6135753],[-122.7030414,45.613714],[-122.7035067,45.6139643],[-122.7035523,45.6140244],[-122.703687,45.6141437],[-122.703721,45.6141812],[-122.7038882,45.6143],[-122.7041192,45.6143794],[-122.7042406,45.6144304],[-122.7049124,45.6146844],[-122.7050012,45.614736],[-122.7051679,45.6148396],[-122.70551,45.6149855],[-122.7057087,45.6150732],[-122.7059734,45.6151824],[-122.7061601,45.6152398],[-122.7062372,45.6152689],[-122.7063686,45.6152968],[-122.7065448,45.6153621],[-122.7069194,45.6155074],[-122.7074149,45.6156884],[-122.7077018,45.6158125],[-122.7079011,45.6159154],[-122.7081329,45.6160177],[-122.7083659,45.6161505],[-122.7086217,45.6163133],[-122.7086656,45.6163277],[-122.7087419,45.6163338],[-122.7088627,45.6163696],[-122.7092479,45.6165071],[-122.7092925,45.6165367],[-122.7094266,45.6166409],[-122.7096793,45.6167199],[-122.7097347,45.6167493],[-122.7098021,45.616809],[-122.7103025,45.6171272],[-122.7105352,45.6172523],[-122.7107448,45.6173398],[-122.7109541,45.6174196],[-122.7110529,45.6174482],[-122.7114905,45.6175313],[-122.7119726,45.617644],[-122.7121925,45.617716],[-122.7128207,45.6179632],[-122.7128867,45.6179848],[-122.7130189,45.6180356],[-122.7130849,45.6180572],[-122.7134821,45.6182249],[-122.7139447,45.618399],[-122.7142659,45.6185681],[-122.7146186,45.6187062],[-122.7148936,45.6188],[-122.7151472,45.6189019],[-122.7153891,45.6189811],[-122.7155102,45.6190245],[-122.7177437,45.6200945],[-122.7232464,45.623213],[-122.7259443,45.624495],[-122.7282748,45.6258297],[-122.7293634,45.6261823],[-122.7300659,45.6266718],[-122.7308764,45.6274412],[-122.7320288,45.6280517],[-122.7330889,45.6291059],[-122.7353502,45.6306172],[-122.7371192,45.6317417],[-122.7381644,45.6326819],[-122.7395699,45.6336684],[-122.7419432,45.6352613],[-122.743289,45.6363939],[-122.7433229,45.6364313],[-122.7432945,45.6371331],[-122.7432795,45.6384978],[-122.7432527,45.6404267],[-122.7432514,45.6406859],[-122.7432449,45.6413949],[-122.7432429,45.6422257],[-122.7432316,45.642508],[-122.7431866,45.6468916],[-122.7431922,45.647044],[-122.7376483,45.6443689],[-122.7370665,45.6442125],[-122.7296469,45.6422364],[-122.7134705,45.637935],[-122.7090325,45.6354283],[-122.7022725,45.6318071],[-122.6962352,45.6283167],[-122.6929579,45.626321],[-122.6906732,45.6250305],[-122.6891093,45.6241455],[-122.6870227,45.6232247],[-122.6824855,45.621222],[-122.6803823,45.6204386],[-122.6748881,45.6184004],[-122.6746568,45.6183133],[-122.6743268,45.6181975],[-122.6718609,45.6172912],[-122.6702815,45.6168712],[-122.6592523,45.6140444],[-122.6416954,45.6096688],[-122.641268,45.6095624],[-122.6351134,45.609379],[-122.6350721,45.608511],[-122.6350126,45.605883],[-122.6349269,45.6009617],[-122.6349839,45.6004195],[-122.6350553,45.5993589],[-122.6352103,45.5982054],[-122.6353815,45.5962742],[-122.6354047,45.5956946],[-122.6355033,45.5954108],[-122.6355096,45.5943514],[-122.6347494,45.5943502],[-122.6304162,45.5943464],[-122.630424,45.590536],[-122.6202261,45.5892531],[-122.6202249,45.5867231],[-122.6202172,45.583073],[-122.6202265,45.5786606],[-122.6219936,45.5776527],[-122.6220579,45.5776286],[-122.6220522,45.5762189],[-122.6220474,45.575457],[-122.6232776,45.5752438],[-122.6241839,45.5750823],[-122.6241645,45.5726593],[-122.6241494,45.5725377],[-122.6241357,45.5724541],[-122.6241406,45.5716615],[-122.6242784,45.5715675],[-122.6245861,45.5713636],[-122.6245836,45.5700453],[-122.6243232,45.5700501],[-122.6243156,45.5682747],[-122.6241933,45.5681931],[-122.6241965,45.5664175],[-122.6244569,45.5664127],[-122.624458,45.565201],[-122.6243466,45.5651192],[-122.6243635,45.5646693],[-122.6242817,45.5645031],[-122.6242827,45.5639087],[-122.6253463,45.5639043],[-122.6264099,45.5638999],[-122.6274195,45.5639041],[-122.627423,45.5627609],[-122.6264137,45.5627643],[-122.6257411,45.5627768],[-122.6253287,45.5627768],[-122.6242762,45.5627886],[-122.6232669,45.562792],[-122.622247,45.5628032],[-122.6212379,45.5628142],[-122.6202395,45.5628173],[-122.616744,45.5628055],[-122.6148875,45.5627939],[-122.6139972,45.5627874],[-122.6140457,45.5604318],[-122.6146862,45.5604353],[-122.6146828,45.5600239],[-122.6147003,45.5592767],[-122.6146643,45.5591783],[-122.6146397,45.559095],[-122.61465,45.5584546],[-122.614654,45.5582564],[-122.6146755,45.5573111],[-122.6146755,45.5569987],[-122.6146755,45.5566862],[-122.614693,45.5556267],[-122.614712,45.5555501],[-122.6147308,45.5554659],[-122.6147459,45.5546503],[-122.6147581,45.5537508],[-122.6160712,45.5537495],[-122.6201201,45.553774],[-122.6202603,45.5537485],[-122.6203894,45.5537157],[-122.6206933,45.5537177],[-122.6212467,45.5537151],[-122.6222559,45.5537117],[-122.6232759,45.5537081],[-122.6242851,45.5537047],[-122.6253591,45.5536924],[-122.6264555,45.5537026],[-122.6274647,45.5536992],[-122.6284847,45.5536956],[-122.6294939,45.5536921],[-122.6305142,45.5536961],[-122.6305144,45.554321],[-122.6305021,45.5552128],[-122.6305088,45.5554032],[-122.6310297,45.5554012],[-122.6315616,45.5554065],[-122.6320825,45.5554045],[-122.6326145,45.5554099],[-122.6331462,45.5554076],[-122.6336673,45.5554132],[-122.6336837,45.5543307],[-122.6336937,45.5530655],[-122.6347248,45.5530692],[-122.6357342,45.5530733],[-122.6367545,45.5530772],[-122.6377748,45.5530811],[-122.6387842,45.5530852],[-122.6387797,45.5529557],[-122.6392238,45.5523149],[-122.6396788,45.5516739],[-122.6400714,45.5511103],[-122.6402304,45.5510006],[-122.6402573,45.5508401],[-122.6404982,45.5505917],[-122.6409064,45.5507823],[-122.6409574,45.5494553],[-122.6409691,45.5482434],[-122.6409804,45.5467114],[-122.6409589,45.5451723],[-122.6420113,45.5451679],[-122.6430206,45.545172],[-122.6440841,45.545175],[-122.6451368,45.5451782],[-122.6461461,45.5451822],[-122.6471663,45.545186],[-122.648219,45.5451891],[-122.6492716,45.5451923],[-122.6502918,45.5451961],[-122.6513011,45.5452],[-122.6523212,45.5452038],[-122.6533305,45.5452077],[-122.6543507,45.5452114],[-122.6553708,45.5452152],[-122.6553663,45.5460078],[-122.6543462,45.5460041],[-122.65434,45.5467511],[-122.6543177,45.5482681],[-122.6545999,45.5482704],[-122.6555764,45.5482674],[-122.6565533,45.5482719],[-122.6575301,45.5482764],[-122.6584635,45.5482817],[-122.6584177,45.548214],[-122.6584286,45.5479089],[-122.6584353,45.5471772],[-122.6584398,45.5463845],[-122.6584439,45.5458891],[-122.6584421,45.5455309],[-122.658453,45.5452258],[-122.6584553,45.5446771],[-122.6613422,45.5446914],[-122.6614924,45.5446428],[-122.6614889,45.5442389],[-122.6614667,45.5439193],[-122.6614637,45.5438355],[-122.6614769,45.5429817],[-122.6614726,45.5428598],[-122.6614792,45.5421281],[-122.6614819,45.5418994],[-122.6614926,45.5412818],[-122.661491,45.5409313],[-122.6614948,45.5404282],[-122.6615003,45.5399709],[-122.661508,45.5395744],[-122.6615094,45.5390028],[-122.6615214,45.5387282],[-122.6615261,45.5379431],[-122.6615281,45.5370819],[-122.6640672,45.5370874],[-122.6640797,45.5365232],[-122.663559,45.5365254],[-122.6635661,45.5358088],[-122.6645861,45.5358124],[-122.6645938,45.5351111],[-122.6656137,45.5351148],[-122.6666551,45.5351103],[-122.6669265,45.5351128],[-122.6676426,45.5351145],[-122.6683148,45.5351018],[-122.6684962,45.5350146],[-122.66872,45.5349036],[-122.6697181,45.5342903],[-122.6703136,45.5339513],[-122.6711113,45.5335018],[-122.6713663,45.5333521],[-122.6718989,45.5330753],[-122.6721223,45.5329491],[-122.6724518,45.53276],[-122.6726755,45.5326414],[-122.67275,45.5326019],[-122.6738669,45.5319786],[-122.6740583,45.5318683],[-122.6741222,45.5318366]]]}},{"type":"Feature","properties":{"boundary_id":"b-high-2","school_name":"Lincoln High School","review_status":"unverified","school_candidates":["Lincoln High School"],"name_status":"pdf-label-match","source_label":"Lincoln High School Spanish Immersion"},"geometry":{"type":"Polygon","coordinates":[[[-122.6912644,45.4892782],[-122.6913757,45.4893599],[-122.6916412,45.4895072],[-122.6924546,45.4895145],[-122.6924565,45.4895678],[-122.6943972,45.4895686],[-122.6949259,45.4894975],[-122.6950554,45.4894797],[-122.6950504,45.4893426],[-122.6959071,45.489349],[-122.6966769,45.4893495],[-122.6983467,45.4893554],[-122.6984078,45.4895448],[-122.6984655,45.4896428],[-122.6985763,45.4897092],[-122.6989057,45.4898248],[-122.699146,45.4898736],[-122.6993329,45.4899462],[-122.6994337,45.4900357],[-122.6995132,45.4901333],[-122.6995503,45.4902621],[-122.6995666,45.4904142],[-122.6995699,45.4905056],[-122.6995724,45.4905742],[-122.6996421,45.4907024],[-122.699722,45.4908152],[-122.6998914,45.4910025],[-122.6999589,45.4910698],[-122.7000581,45.4911136],[-122.7001897,45.4911568],[-122.7004081,45.4911983],[-122.7005728,45.4912561],[-122.7006616,45.4913154],[-122.7007297,45.4913979],[-122.7007435,45.4914815],[-122.7007474,45.4915881],[-122.70061,45.4919871],[-122.7006016,45.4920559],[-122.7006038,45.4921168],[-122.700606,45.4921777],[-122.7006743,45.4922679],[-122.7007415,45.4923276],[-122.7008304,45.4923868],[-122.7008328,45.4924554],[-122.701017,45.4924518],[-122.7011359,45.4924419],[-122.7012982,45.4924312],[-122.7014382,45.4924056],[-122.7021031,45.4922022],[-122.7022545,45.4921917],[-122.7024284,45.4922036],[-122.7025806,45.4922159],[-122.7027343,45.4922663],[-122.7028551,45.4923097],[-122.7029873,45.4923681],[-122.7030648,45.4924123],[-122.7031428,45.4924718],[-122.7032778,45.4926064],[-122.7033686,45.492719],[-122.7034708,45.4928466],[-122.7035163,45.4929067],[-122.7035288,45.4929522],[-122.7035541,45.4930508],[-122.7035184,45.4932649],[-122.7034711,45.4934563],[-122.7034641,45.4935632],[-122.7034783,45.4936544],[-122.7035124,45.4936994],[-122.7035682,45.4937441],[-122.7036455,45.4937807],[-122.7037435,45.4937941],[-122.7040797,45.4937952],[-122.7042653,45.4938297],[-122.704343,45.4938816],[-122.7043883,45.4939341],[-122.7044241,45.4940248],[-122.7044168,45.4941241],[-122.7043982,45.4942083],[-122.7043593,45.494331],[-122.7043292,45.4944001],[-122.7043209,45.4944689],[-122.7043342,45.4945372],[-122.7043575,45.4945825],[-122.7044033,45.4946502],[-122.7044919,45.4947019],[-122.7045908,45.4947381],[-122.7046564,45.4947521],[-122.7047217,45.4947584],[-122.7048083,45.4947567],[-122.7049053,45.4947396],[-122.7051201,45.4946821],[-122.7051951,45.4946578],[-122.7053349,45.4946246],[-122.7054101,45.4946079],[-122.7055505,45.49459],[-122.7056152,45.4945811],[-122.7058099,45.4945697],[-122.7058858,45.4945683],[-122.706005,45.4945659],[-122.7061353,45.4945711],[-122.7064617,45.4946029],[-122.7065714,45.4946388],[-122.7066817,45.4946901],[-122.7067159,45.4947351],[-122.7067392,45.4947804],[-122.7067636,45.4948562],[-122.7067333,45.4949177],[-122.7066819,45.4949949],[-122.7065882,45.4951035],[-122.7062453,45.4955141],[-122.7060963,45.4955932],[-122.7060293,45.4958384],[-122.706042,45.4958915],[-122.7060879,45.4959592],[-122.7061765,45.4960108],[-122.706264,45.496032],[-122.7063937,45.4960219],[-122.7071105,45.4960537],[-122.7074155,45.4960936],[-122.7079828,45.4961893],[-122.7081579,45.4962317],[-122.7083554,45.4962965],[-122.7086429,45.496451],[-122.709102,45.4968537],[-122.7092476,45.4969804],[-122.7093476,45.4970471],[-122.7095587,45.4971878],[-122.7098581,45.4973726],[-122.7100026,45.4974689],[-122.7101053,45.4976117],[-122.7101737,45.4977019],[-122.7102195,45.4977696],[-122.7102428,45.4978149],[-122.7106574,45.4984852],[-122.7110053,45.4994084],[-122.7110184,45.4994691],[-122.7110312,45.4995222],[-122.7110269,45.4997052],[-122.7109749,45.5000644],[-122.7109665,45.5001332],[-122.7109752,45.5009715],[-122.7109452,45.5010406],[-122.7108827,45.5011105],[-122.7109296,45.5012086],[-122.710976,45.5012916],[-122.7110221,45.5013669],[-122.7110896,45.5014342],[-122.7111565,45.5014863],[-122.7112118,45.5015157],[-122.711289,45.5015523],[-122.7115822,45.5015619],[-122.7118211,45.5015725],[-122.7119628,45.5015926],[-122.7121165,45.501643],[-122.7124365,45.5017969],[-122.7132316,45.5021931],[-122.7133156,45.5021152],[-122.7136215,45.5018806],[-122.7136854,45.5018489],[-122.7140128,45.5016063],[-122.714204,45.5014959],[-122.7147531,45.5010889],[-122.7149115,45.5009715],[-122.7150388,45.5008928],[-122.7158046,45.5004816],[-122.7162834,45.5002284],[-122.7164226,45.50018],[-122.7168624,45.5000495],[-122.7170908,45.5000679],[-122.7176201,45.5003092],[-122.7176973,45.5003458],[-122.7177843,45.5003517],[-122.7178582,45.5002969],[-122.7180455,45.5000799],[-122.7181908,45.4999017],[-122.7182533,45.4998319],[-122.7183161,45.4997697],[-122.718836,45.4994547],[-122.7190275,45.4993519],[-122.7192728,45.4992405],[-122.7196268,45.4991345],[-122.7199922,45.4990436],[-122.7203045,45.4989841],[-122.7204234,45.4989742],[-122.7205645,45.4989791],[-122.7206515,45.498985],[-122.7214792,45.4990833],[-122.7221326,45.499162],[-122.7224488,45.4992092],[-122.7228964,45.4989947],[-122.723249,45.4988507],[-122.7240075,45.4985386],[-122.7244246,45.4983781],[-122.7246607,45.4983125],[-122.7248655,45.498278],[-122.7251353,45.4982423],[-122.7254592,45.4982055],[-122.7256109,45.4982025],[-122.725774,45.4982146],[-122.7260252,45.498263],[-122.7261344,45.4982838],[-122.7262649,45.4982965],[-122.726438,45.4982855],[-122.7266753,45.4982504],[-122.7269329,45.4981768],[-122.7272674,45.4981321],[-122.7278572,45.4979529],[-122.7288652,45.4979409],[-122.7291364,45.4979432],[-122.7292589,45.4980323],[-122.7295934,45.4982849],[-122.7297382,45.4983888],[-122.729721,45.4985111],[-122.7297118,45.4988543],[-122.7297074,45.499327],[-122.7297085,45.4996547],[-122.7297077,45.4999291],[-122.7297272,45.5007596],[-122.7303257,45.5008165],[-122.7303093,45.5009617],[-122.7311445,45.5009682],[-122.7311356,45.5004272],[-122.731808,45.5004293],[-122.7322636,45.5004357],[-122.7322675,45.5005423],[-122.7329508,45.5005442],[-122.7329538,45.5009253],[-122.7335829,45.5009282],[-122.7335843,45.5012636],[-122.7335917,45.5026507],[-122.7340087,45.5024901],[-122.7341916,45.5024484],[-122.7342057,45.5025396],[-122.7342519,45.5026149],[-122.7343183,45.5026518],[-122.7343947,45.5026655],[-122.7344706,45.502664],[-122.7345256,45.5026858],[-122.7346295,45.5025618],[-122.734702,45.5024689],[-122.7350237,45.5020739],[-122.7352101,45.501834],[-122.7354282,45.5015705],[-122.735771,45.5011598],[-122.736031,45.5011548],[-122.7366059,45.5011587],[-122.7361798,45.5016625],[-122.7358153,45.5020737],[-122.7356594,45.5022597],[-122.7352538,45.5027326],[-122.7352227,45.5027713],[-122.7354659,45.5028961],[-122.7355873,45.5029547],[-122.7360625,45.503197],[-122.7361392,45.5032183],[-122.7361208,45.5033101],[-122.7359656,45.5035114],[-122.7359128,45.5035505],[-122.7357955,45.5036062],[-122.735516,45.5036726],[-122.7354624,45.5036889],[-122.7353668,45.5037441],[-122.7353043,45.503814],[-122.7352629,45.5038681],[-122.7352121,45.5039606],[-122.7351107,45.5041531],[-122.7350388,45.5045585],[-122.7361024,45.5045835],[-122.7362113,45.5045966],[-122.7362519,45.5045196],[-122.7364266,45.504257],[-122.7365514,45.5041097],[-122.7366456,45.5040164],[-122.7367403,45.5039383],[-122.7375977,45.5033651],[-122.7378202,45.5032235],[-122.7380125,45.5031436],[-122.7382592,45.5030701],[-122.7395373,45.5027326],[-122.739891,45.5026189],[-122.7402116,45.5024907],[-122.7404433,45.5023032],[-122.7410891,45.5015816],[-122.7411905,45.5013891],[-122.7412382,45.5012128],[-122.7412443,45.5010831],[-122.7412401,45.5009689],[-122.7412048,45.5008933],[-122.7411587,45.500818],[-122.7407225,45.4998661],[-122.7405961,45.4996704],[-122.7404049,45.4994836],[-122.7402345,45.4992735],[-122.740175,45.4991299],[-122.7401377,45.499001],[-122.740133,45.4988715],[-122.7401049,45.4986968],[-122.7399882,45.4984704],[-122.7399298,45.4983572],[-122.7398948,45.4982893],[-122.7398703,45.4982135],[-122.7398458,45.4981378],[-122.7398291,45.497978],[-122.7398452,45.4978253],[-122.7399791,45.4976321],[-122.7400821,45.4974852],[-122.7402191,45.4973758],[-122.7403457,45.4972819],[-122.7409422,45.4969881],[-122.7411761,45.4968616],[-122.7413769,45.4967204],[-122.7418403,45.4963455],[-122.7420186,45.4961819],[-122.7423324,45.4958708],[-122.7427593,45.4953898],[-122.7429548,45.495104],[-122.7430462,45.4949345],[-122.7431881,45.4946649],[-122.7432478,45.4945189],[-122.7432875,45.494419],[-122.7433661,45.4941964],[-122.7433949,45.4940968],[-122.7434801,45.4937597],[-122.7435148,45.4935227],[-122.7435328,45.4934233],[-122.7435983,45.49314],[-122.7436272,45.4930403],[-122.7437077,45.492871],[-122.7438587,45.4925555],[-122.7438563,45.4927842],[-122.7438594,45.492868],[-122.7438521,45.4935542],[-122.7438519,45.4941412],[-122.7438509,45.494408],[-122.7438604,45.4946669],[-122.7438588,45.4949185],[-122.743855,45.4959934],[-122.7438542,45.4962678],[-122.743854,45.4965575],[-122.7438607,45.4976245],[-122.7438527,45.4979982],[-122.7447315,45.4980114],[-122.7464024,45.4980395],[-122.7464105,45.4979631],[-122.7469995,45.4980583],[-122.7470301,45.4980043],[-122.7477127,45.4979909],[-122.7477047,45.4980673],[-122.7503627,45.4981064],[-122.7504825,45.4981193],[-122.7506751,45.4983442],[-122.7508374,45.4983334],[-122.7509571,45.4983463],[-122.7510423,45.4980092],[-122.7513262,45.4980646],[-122.7514468,45.4981003],[-122.7515019,45.4981221],[-122.751568,45.4981513],[-122.7517336,45.4982319],[-122.7519887,45.4983869],[-122.7521424,45.4984373],[-122.7528996,45.4986815],[-122.7530968,45.4984413],[-122.7531376,45.4983719],[-122.7531798,45.4983406],[-122.7532714,45.4981787],[-122.7533342,45.4981165],[-122.7533678,45.4981463],[-122.7536204,45.4982328],[-122.7538952,45.4983341],[-122.7539911,45.4982865],[-122.7541383,45.4981616],[-122.7549087,45.4981769],[-122.7550393,45.4981896],[-122.7551046,45.4981959],[-122.7551921,45.498217],[-122.7553549,45.4982214],[-122.7555716,45.4982172],[-122.755832,45.4982196],[-122.7559839,45.4982243],[-122.7560598,45.4982228],[-122.7563418,45.4982248],[-122.7574162,45.4982493],[-122.7573609,45.497633],[-122.757784,45.4976399],[-122.757849,45.4976386],[-122.7578502,45.498256],[-122.758078,45.4982591],[-122.758165,45.498265],[-122.7582736,45.4982705],[-122.7583278,45.4982694],[-122.7583691,45.4976283],[-122.7583674,45.4975826],[-122.7585311,45.4976099],[-122.7587062,45.4976521],[-122.7588923,45.4977018],[-122.7590463,45.4977597],[-122.7593653,45.497883],[-122.7596199,45.4980228],[-122.7598183,45.4981104],[-122.7600609,45.4982199],[-122.760281,45.498307],[-122.7603691,45.4983434],[-122.7604566,45.4983645],[-122.7606322,45.4984221],[-122.7608729,45.4984783],[-122.7609493,45.498492],[-122.7610696,45.4985201],[-122.7614563,45.498421],[-122.7615535,45.4984114],[-122.7618014,45.4983684],[-122.7621781,45.4982924],[-122.7623503,45.4982585],[-122.7624036,45.4982345],[-122.7626087,45.4982076],[-122.7627059,45.4981981],[-122.7628576,45.4981951],[-122.763869,45.4982741],[-122.7638749,45.4984341],[-122.7638878,45.4990742],[-122.7639464,45.5009482],[-122.7641095,45.5009602],[-122.764446,45.5009688],[-122.7646641,45.5010026],[-122.7646619,45.5015286],[-122.7646727,45.5018181],[-122.7643259,45.501825],[-122.7642757,45.5019327],[-122.7643384,45.5021601],[-122.7646421,45.5021617],[-122.7646354,45.5025659],[-122.7641945,45.5026661],[-122.7642993,45.5028622],[-122.7643119,45.5029077],[-122.7642957,45.5033501],[-122.7642834,45.5050655],[-122.7644363,45.505093],[-122.7644907,45.5050995],[-122.7644924,45.5051452],[-122.7644912,45.5054044],[-122.7644495,45.5057407],[-122.7644334,45.5058934],[-122.7644083,45.5060921],[-122.7616492,45.5059714],[-122.7610198,45.505961],[-122.7605858,45.5059543],[-122.7599889,45.5059433],[-122.7595221,45.5059296],[-122.7591645,45.5059367],[-122.7586879,45.5059537],[-122.7584062,45.5059593],[-122.7583195,45.505961],[-122.7583201,45.5077371],[-122.7583263,45.5079047],[-122.7551918,45.5078979],[-122.7510934,45.5079253],[-122.7510897,45.5084132],[-122.7501899,45.5084233],[-122.7472953,45.5084497],[-122.7473253,45.5086778],[-122.7466106,45.5087071],[-122.746406,45.5084519],[-122.7460376,45.5084592],[-122.7457537,45.5081141],[-122.7451088,45.5082716],[-122.7451632,45.5106335],[-122.7452045,45.5123478],[-122.7438587,45.5123208],[-122.7438551,45.5125191],[-122.7438595,45.5144094],[-122.7438549,45.5157587],[-122.7438608,45.5159186],[-122.743856,45.5166734],[-122.743855,45.5172375],[-122.7438523,45.5195243],[-122.7438551,45.5196004],[-122.7438303,45.5212855],[-122.7438216,45.5231151],[-122.7451886,45.5231188],[-122.7457203,45.5231236],[-122.7489531,45.5231288],[-122.7569811,45.5231462],[-122.7576431,45.523156],[-122.757925,45.5231505],[-122.7587168,45.5231501],[-122.7593136,45.5231536],[-122.7593166,45.5235271],[-122.7593111,45.523672],[-122.7593161,45.5267362],[-122.7597174,45.5267359],[-122.7618983,45.5267463],[-122.7620612,45.5267507],[-122.76206,45.5270099],[-122.7620455,45.527498],[-122.7620469,45.5275361],[-122.7626649,45.5275239],[-122.7631641,45.5275293],[-122.7631591,45.5279792],[-122.763147,45.5297021],[-122.7631501,45.5297859],[-122.7634431,45.5297878],[-122.7634452,45.531015],[-122.7634409,45.5311904],[-122.7644066,45.5311942],[-122.7644026,45.5313772],[-122.7657802,45.5313729],[-122.766019,45.5313758],[-122.766033,45.5314594],[-122.766018,45.5328089],[-122.7660351,45.5338529],[-122.7666644,45.5338557],[-122.769843,45.5338462],[-122.7707651,45.5338432],[-122.7712858,45.5338405],[-122.7716114,45.5338417],[-122.7718502,45.5338446],[-122.7720453,45.5338407],[-122.7721754,45.5338381],[-122.7723164,45.5338353],[-122.7726744,45.5338359],[-122.7731084,45.5338349],[-122.7747135,45.5338183],[-122.7747341,45.5320417],[-122.7747304,45.5319427],[-122.7747137,45.5309139],[-122.7747167,45.5304108],[-122.7747455,45.5303111],[-122.775028,45.5303207],[-122.7751038,45.5303192],[-122.7781199,45.5303203],[-122.7798899,45.5303614],[-122.7797987,45.5319869],[-122.7797625,45.5339239],[-122.7808806,45.5339397],[-122.7810002,45.533945],[-122.7811086,45.5339428],[-122.7823029,45.5339648],[-122.7836276,45.5339918],[-122.7841813,45.5340036],[-122.7848219,45.5340138],[-122.7848004,45.5363392],[-122.7847838,45.5373458],[-122.784773,45.5376357],[-122.7847236,45.5406631],[-122.7847167,45.5407699],[-122.7847073,45.5419669],[-122.7846884,45.5423332],[-122.7834295,45.5423278],[-122.7823769,45.5423259],[-122.7830591,45.5431584],[-122.783422,45.5435781],[-122.7833364,45.5436103],[-122.7832511,45.5436501],[-122.7829304,45.5437785],[-122.7827594,45.5438505],[-122.782425,45.5436132],[-122.7821065,45.5440922],[-122.7810385,45.5433892],[-122.7806271,45.5431229],[-122.7795368,45.5424052],[-122.7801262,45.5442382],[-122.7804939,45.5453668],[-122.7807116,45.5459646],[-122.7808054,45.5461534],[-122.7803942,45.5461844],[-122.7801557,45.5461891],[-122.779979,45.5461088],[-122.7798346,45.5460202],[-122.7788599,45.5454907],[-122.7784504,45.5452777],[-122.7773428,45.5446746],[-122.7768085,45.5451883],[-122.7770405,45.5452981],[-122.7773173,45.5454451],[-122.7783354,45.5459737],[-122.7784127,45.5460103],[-122.7783279,45.5483903],[-122.7794569,45.5483984],[-122.7826265,45.5484193],[-122.7841786,45.5484266],[-122.7846997,45.5484315],[-122.7847163,45.5485836],[-122.7847008,45.5499103],[-122.7846954,45.5517933],[-122.7847065,45.5526698],[-122.7847024,45.5545909],[-122.7847013,45.5557191],[-122.7832914,45.5557471],[-122.7827884,45.5565194],[-122.7823623,45.5567337],[-122.7821628,45.556913],[-122.7811344,45.5575661],[-122.7809851,45.5576377],[-122.7806869,45.5574988],[-122.7798932,45.5571715],[-122.7797165,45.5570911],[-122.7796163,45.5570245],[-122.7795718,45.5569949],[-122.7794873,45.5570576],[-122.7795263,45.5610055],[-122.7795301,45.5628502],[-122.7795441,45.5629337],[-122.7795411,45.5637266],[-122.7795471,45.5638866],[-122.7795491,45.5645192],[-122.779576,45.5664016],[-122.779611,45.5699532],[-122.7744386,45.5698192],[-122.7744042,45.5674415],[-122.7743936,45.5662831],[-122.7743746,45.5651934],[-122.774353,45.5634481],[-122.7743431,45.5628919],[-122.7743491,45.5627622],[-122.7735235,45.562161],[-122.7729655,45.5617528],[-122.7698306,45.5594745],[-122.7686706,45.558636],[-122.7683136,45.5583763],[-122.7680234,45.5581609],[-122.7674544,45.5577453],[-122.763862,45.5551176],[-122.7635946,45.5549323],[-122.7635962,45.5543911],[-122.7636089,45.5532703],[-122.7636374,45.5519891],[-122.7636462,45.5513486],[-122.7636944,45.5482604],[-122.7636924,45.5482071],[-122.7636981,45.5480698],[-122.7548222,45.5480996],[-122.7536613,45.5481071],[-122.7472279,45.548157],[-122.7472828,45.5443446],[-122.7470865,45.544318],[-122.7469883,45.5443046],[-122.7467584,45.5442482],[-122.7465495,45.544176],[-122.7463279,45.5440508],[-122.7461279,45.5439251],[-122.7455692,45.5434863],[-122.7454694,45.5434273],[-122.7453818,45.5434061],[-122.7452403,45.5433937],[-122.745111,45.5434191],[-122.7450256,45.5434588],[-122.7449623,45.5435058],[-122.7445745,45.5438793],[-122.7444689,45.5439576],[-122.7443302,45.5440213],[-122.7441689,45.5440625],[-122.7439734,45.5440587],[-122.7438533,45.5440382],[-122.7436442,45.5439584],[-122.7427922,45.5435101],[-122.7425377,45.5433779],[-122.7423384,45.5432674],[-122.7422941,45.5432454],[-122.7421384,45.5431418],[-122.7402572,45.5418522],[-122.7401647,45.5446514],[-122.7398936,45.5446567],[-122.7397332,45.5447208],[-122.7394382,45.5449629],[-122.7392327,45.5449821],[-122.7376851,45.5447989],[-122.7374571,45.5447957],[-122.7373206,45.5449203],[-122.7371402,45.5453278],[-122.7371664,45.5454493],[-122.7372899,45.5455612],[-122.7375293,45.5455794],[-122.737678,45.5454926],[-122.7377603,45.5453691],[-122.7378768,45.5452906],[-122.7380492,45.5452567],[-122.7383834,45.5451969],[-122.7385157,45.5452553],[-122.7386314,45.5454512],[-122.7387638,45.5455096],[-122.7389153,45.545499],[-122.7391091,45.5454571],[-122.7392078,45.5454857],[-122.7392874,45.5455832],[-122.7392479,45.5456907],[-122.7385962,45.5459702],[-122.7385348,45.5460705],[-122.7386149,45.5461833],[-122.7387247,45.5462192],[-122.7388029,45.5462787],[-122.7387973,45.5464236],[-122.7386686,45.5464642],[-122.7382017,45.5464581],[-122.7380625,45.5465066],[-122.7378837,45.5466625],[-122.7376148,45.5467287],[-122.7374664,45.5468231],[-122.7374489,45.5469377],[-122.7373541,45.5470158],[-122.7371717,45.5470727],[-122.7371314,45.5471574],[-122.7371898,45.5472705],[-122.7371609,45.5473702],[-122.7370544,45.5474256],[-122.7363826,45.547454],[-122.7361782,45.5475037],[-122.735484,45.5478068],[-122.7353013,45.5478561],[-122.7351603,45.5478589],[-122.7349735,45.5477939],[-122.7352293,45.547667],[-122.7353238,45.5475813],[-122.7353421,45.5474895],[-122.7353179,45.5474213],[-122.7352061,45.547332],[-122.7351185,45.5473109],[-122.734999,45.5473056],[-122.7345991,45.5473515],[-122.7339491,45.5473794],[-122.733862,45.5473734],[-122.7337856,45.5473597],[-122.7337083,45.5473231],[-122.7336415,45.5472786],[-122.7336182,45.5472334],[-122.7335942,45.5471728],[-122.7336034,45.5471269],[-122.7337454,45.5465601],[-122.7337652,45.5465064],[-122.7337493,45.5463695],[-122.7331771,45.5467465],[-122.7310376,45.5481829],[-122.7291941,45.5494078],[-122.7291271,45.5493558],[-122.7279361,45.5500268],[-122.7282164,45.5502728],[-122.7280816,45.5504432],[-122.7268358,45.5519917],[-122.7266073,45.5522706],[-122.7252194,45.5517106],[-122.7245856,45.552485],[-122.7240041,45.5532052],[-122.7236407,45.5536543],[-122.7233286,45.5540262],[-122.7233411,45.5549635],[-122.7233361,45.5551236],[-122.7233118,45.5571363],[-122.7233592,45.5608169],[-122.7233738,45.5624096],[-122.7101446,45.5549893],[-122.7087708,45.5542154],[-122.7028002,45.5514718],[-122.6950754,45.5479155],[-122.6947001,45.5477398],[-122.6912168,45.5444223],[-122.6896443,45.5429356],[-122.6884086,45.5417626],[-122.6872963,45.5407015],[-122.6863305,45.5400949],[-122.6844435,45.5389114],[-122.6829674,45.5379868],[-122.6828895,45.5379349],[-122.6819553,45.5372973],[-122.680097,45.5359988],[-122.6741222,45.5318366],[-122.669085,45.5277784],[-122.6690069,45.5277189],[-122.6689283,45.5276442],[-122.6688806,45.5275231],[-122.6678867,45.5230606],[-122.6681968,45.5204939],[-122.6695344,45.5178468],[-122.6709432,45.5132397],[-122.6696364,45.5076017],[-122.6696234,45.507541],[-122.6693432,45.5069824],[-122.6664335,45.5010852],[-122.6673418,45.5010146],[-122.6675364,45.5009957],[-122.6683041,45.5009354],[-122.6684986,45.5009165],[-122.6713862,45.5007016],[-122.6714837,45.5006998],[-122.6716457,45.5006814],[-122.6725002,45.5006195],[-122.6727919,45.5005911],[-122.6729759,45.5005799],[-122.6732788,45.5005589],[-122.6734841,45.5005398],[-122.6737653,45.5005192],[-122.674014,45.5004992],[-122.6742307,45.5004951],[-122.6743391,45.500493],[-122.6752466,45.5003995],[-122.6762408,45.5003044],[-122.6766304,45.5002817],[-122.6767926,45.500271],[-122.6769549,45.5002603],[-122.6775067,45.5002269],[-122.6776907,45.5002158],[-122.6777988,45.5002061],[-122.6780369,45.500194],[-122.6783289,45.5001732],[-122.6785237,45.5001618],[-122.6788699,45.50014],[-122.6793909,45.5001529],[-122.6798899,45.5001586],[-122.6805406,45.5001615],[-122.6801788,45.4994443],[-122.679752,45.4987284],[-122.6793689,45.4980193],[-122.678999,45.4973785],[-122.6789188,45.4972581],[-122.6788597,45.497122],[-122.6787996,45.4969555],[-122.6786709,45.4966912],[-122.6786362,45.4966309],[-122.678543,45.4964497],[-122.6784969,45.4963744],[-122.6783937,45.4962163],[-122.6783251,45.4961185],[-122.6781092,45.4958407],[-122.6779957,45.495698],[-122.6778497,45.495556],[-122.6774105,45.4950995],[-122.6772799,45.4947818],[-122.677103,45.4943813],[-122.6769864,45.49385],[-122.676871,45.4933492],[-122.6768694,45.4933035],[-122.676856,45.4929303],[-122.6768647,45.4928691],[-122.6768801,45.4926935],[-122.6769066,45.4925254],[-122.6769557,45.4923796],[-122.6771498,45.4920482],[-122.6772844,45.4918703],[-122.6773364,45.4918083],[-122.6774199,45.4917153],[-122.6775664,45.4915677],[-122.6776606,45.4914744],[-122.6778399,45.4913338],[-122.6780514,45.491185],[-122.6781359,45.4911224],[-122.6785181,45.4908941],[-122.6789352,45.4907337],[-122.6794181,45.4905949],[-122.6803328,45.4904021],[-122.6809669,45.4902452],[-122.6812778,45.4901478],[-122.6815018,45.4900445],[-122.6815657,45.4900127],[-122.6816296,45.489981],[-122.6817886,45.4898789],[-122.6820212,45.4897144],[-122.6820738,45.4896677],[-122.6822419,45.4895197],[-122.6826,45.489528],[-122.6841401,45.4895443],[-122.684726,45.489556],[-122.6847252,45.489838],[-122.6847021,45.4904024],[-122.6852985,45.4904063],[-122.685678,45.4904066],[-122.6863614,45.4904164],[-122.6865567,45.4904203],[-122.6865908,45.4904654],[-122.6901369,45.4904888],[-122.6903153,45.4900205],[-122.6904424,45.489637],[-122.6905418,45.4893835],[-122.6910312,45.4894275],[-122.6912644,45.4892782]]]}},{"type":"Feature","properties":{"boundary_id":"b-high-3","school_name":"Wells-Barnett High School","review_status":"unverified","school_candidates":["Wells-Barnett High School"],"name_status":"pdf-label-match","source_label":"Wells-Barnett High School"},"geometry":{"type":"Polygon","coordinates":[[[-122.7194925,45.4331129],[-122.7195122,45.4330592],[-122.7196296,45.4327139],[-122.719668,45.4325759],[-122.7196963,45.432461],[-122.7197024,45.4323313],[-122.7196988,45.4322323],[-122.7196847,45.4321411],[-122.719638,45.4320506],[-122.7195909,45.4319448],[-122.7195565,45.4318921],[-122.719466,45.4317871],[-122.7193988,45.4317275],[-122.7193095,45.431653],[-122.7184536,45.4310523],[-122.7183532,45.4309704],[-122.718545,45.4308829],[-122.7186302,45.4308431],[-122.7186837,45.4308268],[-122.7187914,45.4308094],[-122.7188888,45.4308075],[-122.7189757,45.4308135],[-122.7190629,45.430827],[-122.7192374,45.4308617],[-122.7194353,45.4309417],[-122.719556,45.430985],[-122.7197206,45.4310428],[-122.7198421,45.431109],[-122.7201402,45.4312633],[-122.7204072,45.4314562],[-122.7205973,45.4316202],[-122.7207321,45.4317547],[-122.7209578,45.4320019],[-122.7213773,45.4325196],[-122.721876,45.4331273],[-122.7219327,45.4331947],[-122.7221927,45.4334946],[-122.7222374,45.4335318],[-122.7223043,45.4335838],[-122.7223931,45.4336431],[-122.7224375,45.4336727],[-122.7225701,45.4337463],[-122.7227458,45.4338115],[-122.7228335,45.4338403],[-122.7229645,45.4338682],[-122.7230739,45.4338965],[-122.7243786,45.434031],[-122.7245202,45.4340511],[-122.7246295,45.4340795],[-122.7247389,45.4341078],[-122.7248269,45.4341442],[-122.7249809,45.4342098],[-122.7253775,45.4343926],[-122.7254544,45.4344216],[-122.725564,45.4344575],[-122.7257061,45.4344928],[-122.7258477,45.4345129],[-122.725967,45.4345182],[-122.7261189,45.4345229],[-122.7262701,45.4345123],[-122.7264211,45.4344941],[-122.7266037,45.4344524],[-122.7279526,45.4340143],[-122.7287875,45.4337387],[-122.7300725,45.4333324],[-122.7302549,45.433283],[-122.7305124,45.433217],[-122.7315735,45.4332038],[-122.7321041,45.433201],[-122.732234,45.4331984],[-122.7325046,45.4331931],[-122.7325912,45.4331914],[-122.7327214,45.4331964],[-122.7330461,45.43319],[-122.7334036,45.4331906],[-122.7336634,45.4331855],[-122.733891,45.4331887],[-122.7341619,45.433191],[-122.734758,45.4332021],[-122.7350403,45.4332194],[-122.7353656,45.4332282],[-122.7362648,45.4332334],[-122.7364272,45.4332302],[-122.7376731,45.4332361],[-122.738312,45.4332311],[-122.7384097,45.4332368],[-122.7386262,45.4332326],[-122.7390919,45.433231],[-122.7402515,45.4332462],[-122.7413242,45.4332555],[-122.7424838,45.4332707],[-122.7432853,45.4332702],[-122.7434916,45.4332813],[-122.7436106,45.433279],[-122.7437516,45.4332838],[-122.7439684,45.4332871],[-122.7439731,45.4334166],[-122.7439665,45.4335311],[-122.7439578,45.4350634],[-122.7439497,45.4369083],[-122.7439287,45.4384028],[-122.7439297,45.4390202],[-122.7439179,45.4404687],[-122.7439102,45.4405527],[-122.743919,45.4413835],[-122.7438922,45.442718],[-122.7438997,45.4429236],[-122.7438874,45.4446542],[-122.7438603,45.4450969],[-122.7438571,45.4453027],[-122.7438534,45.4469722],[-122.7438537,45.4472771],[-122.7438486,45.4477269],[-122.7438359,45.4512184],[-122.7438249,45.4526898],[-122.7438215,45.4531853],[-122.7438075,45.4548702],[-122.7438199,45.4566842],[-122.7438209,45.4573016],[-122.7438301,45.4581399],[-122.743813,45.459741],[-122.7438059,45.4601375],[-122.743811,45.4605719],[-122.7438286,45.461936],[-122.743845,45.4620881],[-122.7438153,45.4639334],[-122.7437808,45.4656492],[-122.743774,45.4675321],[-122.7437834,45.4692623],[-122.7437904,45.4694527],[-122.743775,45.4710995],[-122.7437854,45.4725628],[-122.7437773,45.4732262],[-122.7438042,45.4742547],[-122.7437646,45.4746518],[-122.743778,45.4747202],[-122.7437598,45.4754066],[-122.7437512,45.4754677],[-122.7438912,45.4754421],[-122.7438825,45.475206],[-122.7449124,45.4752086],[-122.745064,45.4752056],[-122.7450627,45.4754648],[-122.7449216,45.4754599],[-122.7449238,45.4755209],[-122.7447975,45.4756225],[-122.7446295,45.4757706],[-122.7445748,45.4757564],[-122.7444876,45.4757429],[-122.7444014,45.4754626],[-122.7440656,45.4754692],[-122.7439568,45.4754561],[-122.7439726,45.475593],[-122.7439533,45.4759516],[-122.7437364,45.4759483],[-122.7437326,45.4764362],[-122.7437979,45.4764425],[-122.7437825,45.4769078],[-122.7438051,45.4775248],[-122.7437816,45.4777692],[-122.7437772,45.4779446],[-122.7437656,45.4782192],[-122.743783,45.4789888],[-122.7438014,45.4800784],[-122.7437903,45.4812525],[-122.7437849,45.482579],[-122.7437967,45.4840804],[-122.7437926,45.4845607],[-122.7438269,45.4857873],[-122.7438308,45.4858939],[-122.7438205,45.4870909],[-122.7438259,45.4872356],[-122.7438209,45.4873958],[-122.7438269,45.487853],[-122.7438436,45.4891942],[-122.7438622,45.4899943],[-122.7438488,45.4908101],[-122.7438548,45.4912674],[-122.7438428,45.4921213],[-122.7438495,45.4923042],[-122.7438587,45.4925555],[-122.7437077,45.492871],[-122.7436272,45.4930403],[-122.7435983,45.49314],[-122.7435328,45.4934233],[-122.7435148,45.4935227],[-122.7434801,45.4937597],[-122.7433949,45.4940968],[-122.7433661,45.4941964],[-122.7432875,45.494419],[-122.7432478,45.4945189],[-122.7431881,45.4946649],[-122.7430462,45.4949345],[-122.7429548,45.495104],[-122.7427593,45.4953898],[-122.7423324,45.4958708],[-122.7420186,45.4961819],[-122.7418403,45.4963455],[-122.7413769,45.4967204],[-122.7411761,45.4968616],[-122.7409422,45.4969881],[-122.7403457,45.4972819],[-122.7402191,45.4973758],[-122.7400821,45.4974852],[-122.7399791,45.4976321],[-122.7398452,45.4978253],[-122.7398291,45.497978],[-122.7398458,45.4981378],[-122.7398703,45.4982135],[-122.7398948,45.4982893],[-122.7399298,45.4983572],[-122.7399882,45.4984704],[-122.7401049,45.4986968],[-122.740133,45.4988715],[-122.7401377,45.499001],[-122.740175,45.4991299],[-122.7402345,45.4992735],[-122.7404049,45.4994836],[-122.7405961,45.4996704],[-122.7407225,45.4998661],[-122.7411587,45.500818],[-122.7412048,45.5008933],[-122.7412401,45.5009689],[-122.7412443,45.5010831],[-122.7412382,45.5012128],[-122.7411905,45.5013891],[-122.7410891,45.5015816],[-122.7404433,45.5023032],[-122.7402116,45.5024907],[-122.739891,45.5026189],[-122.7395373,45.5027326],[-122.7382592,45.5030701],[-122.7380125,45.5031436],[-122.7378202,45.5032235],[-122.7375977,45.5033651],[-122.7367403,45.5039383],[-122.7366456,45.5040164],[-122.7365514,45.5041097],[-122.7364266,45.504257],[-122.7362519,45.5045196],[-122.7362113,45.5045966],[-122.7361024,45.5045835],[-122.7350388,45.5045585],[-122.7351107,45.5041531],[-122.7352121,45.5039606],[-122.7352629,45.5038681],[-122.7353043,45.503814],[-122.7353668,45.5037441],[-122.7354624,45.5036889],[-122.735516,45.5036726],[-122.7357955,45.5036062],[-122.7358917,45.5035662],[-122.7359756,45.5034883],[-122.7361208,45.5033101],[-122.7361172,45.5032111],[-122.7360405,45.5031898],[-122.7355873,45.5029547],[-122.7352227,45.5027713],[-122.7356594,45.5022597],[-122.7361798,45.5016625],[-122.7366059,45.5011587],[-122.736031,45.5011548],[-122.735771,45.5011598],[-122.7354282,45.5015705],[-122.7352101,45.501834],[-122.7350237,45.5020739],[-122.7346295,45.5025618],[-122.7345256,45.5026858],[-122.7344706,45.502664],[-122.7343947,45.5026655],[-122.7343183,45.5026518],[-122.7342519,45.5026149],[-122.7342057,45.5025396],[-122.7341916,45.5024484],[-122.7335917,45.5026507],[-122.7335843,45.5012636],[-122.7335829,45.5009282],[-122.7329538,45.5009253],[-122.7329508,45.5005442],[-122.7322675,45.5005423],[-122.7322636,45.5004357],[-122.731808,45.5004293],[-122.7311356,45.5004272],[-122.7311445,45.5009682],[-122.7303093,45.5009617],[-122.7303257,45.5008165],[-122.7297272,45.5007596],[-122.7297077,45.4999291],[-122.7297085,45.4996547],[-122.7297074,45.499327],[-122.7297118,45.4988543],[-122.729721,45.4985111],[-122.7297493,45.4983962],[-122.7295934,45.4982849],[-122.7292589,45.4980323],[-122.7291364,45.4979432],[-122.7288652,45.4979409],[-122.7278572,45.4979529],[-122.7272674,45.4981321],[-122.7269329,45.4981768],[-122.7266753,45.4982504],[-122.726438,45.4982855],[-122.7262649,45.4982965],[-122.7261344,45.4982838],[-122.7260252,45.498263],[-122.725774,45.4982146],[-122.7256109,45.4982025],[-122.7254592,45.4982055],[-122.7251353,45.4982423],[-122.7248655,45.498278],[-122.7246607,45.4983125],[-122.7244246,45.4983781],[-122.7240075,45.4985386],[-122.723249,45.4988507],[-122.7228964,45.4989947],[-122.7224488,45.4992092],[-122.7221326,45.499162],[-122.7214792,45.4990833],[-122.7206515,45.498985],[-122.7205645,45.4989791],[-122.7204234,45.4989742],[-122.7203045,45.4989841],[-122.7199922,45.4990436],[-122.7196268,45.4991345],[-122.7192728,45.4992405],[-122.7190275,45.4993519],[-122.718836,45.4994547],[-122.7183161,45.4997697],[-122.7182533,45.4998319],[-122.7181908,45.4999017],[-122.7180455,45.5000799],[-122.7178582,45.5002969],[-122.7177843,45.5003517],[-122.7176973,45.5003458],[-122.7176201,45.5003092],[-122.7170908,45.5000679],[-122.7168624,45.5000495],[-122.7164226,45.50018],[-122.7162834,45.5002284],[-122.7158046,45.5004816],[-122.7150388,45.5008928],[-122.7149115,45.5009715],[-122.7147531,45.5010889],[-122.714204,45.5014959],[-122.7140128,45.5016063],[-122.7136854,45.5018489],[-122.7136215,45.5018806],[-122.7133156,45.5021152],[-122.7132316,45.5021931],[-122.7124365,45.5017969],[-122.7121165,45.501643],[-122.7119628,45.5015926],[-122.7118211,45.5015725],[-122.7115822,45.5015619],[-122.711289,45.5015523],[-122.7112118,45.5015157],[-122.7111565,45.5014863],[-122.7110896,45.5014342],[-122.7110221,45.5013669],[-122.710976,45.5012916],[-122.7109296,45.5012086],[-122.7108827,45.5011105],[-122.7109452,45.5010406],[-122.7109752,45.5009715],[-122.7109665,45.5001332],[-122.7109749,45.5000644],[-122.7110269,45.4997052],[-122.7110312,45.4995222],[-122.7110184,45.4994691],[-122.7110053,45.4994084],[-122.7106574,45.4984852],[-122.7102428,45.4978149],[-122.7102195,45.4977696],[-122.7101737,45.4977019],[-122.7101053,45.4976117],[-122.7100026,45.4974689],[-122.7098581,45.4973726],[-122.7095587,45.4971878],[-122.7093476,45.4970471],[-122.7092476,45.4969804],[-122.709102,45.4968537],[-122.7086429,45.496451],[-122.7083554,45.4962965],[-122.7081579,45.4962317],[-122.7079828,45.4961893],[-122.7074155,45.4960936],[-122.7071105,45.4960537],[-122.7063937,45.4960219],[-122.706264,45.496032],[-122.7061765,45.4960108],[-122.7060879,45.4959592],[-122.706042,45.4958915],[-122.7060293,45.4958384],[-122.7060963,45.4955932],[-122.7062453,45.4955141],[-122.7065882,45.4951035],[-122.7066819,45.4949949],[-122.7067333,45.4949177],[-122.7067636,45.4948562],[-122.7067392,45.4947804],[-122.7067159,45.4947351],[-122.7066817,45.4946901],[-122.7065714,45.4946388],[-122.7064617,45.4946029],[-122.7061353,45.4945711],[-122.706005,45.4945659],[-122.7058858,45.4945683],[-122.7058099,45.4945697],[-122.7056152,45.4945811],[-122.7055505,45.49459],[-122.7054101,45.4946079],[-122.7053349,45.4946246],[-122.7051951,45.4946578],[-122.7051201,45.4946821],[-122.7049053,45.4947396],[-122.7048083,45.4947567],[-122.7047217,45.4947584],[-122.7046564,45.4947521],[-122.7045908,45.4947381],[-122.7044919,45.4947019],[-122.7044033,45.4946502],[-122.7043575,45.4945825],[-122.7043342,45.4945372],[-122.7043209,45.4944689],[-122.7043292,45.4944001],[-122.7043593,45.494331],[-122.7043982,45.4942083],[-122.7044168,45.4941241],[-122.7044241,45.4940248],[-122.7043883,45.4939341],[-122.704343,45.4938816],[-122.7042653,45.4938297],[-122.7040797,45.4937952],[-122.7037435,45.4937941],[-122.7036455,45.4937807],[-122.7035682,45.4937441],[-122.7035124,45.4936994],[-122.7034783,45.4936544],[-122.7034641,45.4935632],[-122.7034711,45.4934563],[-122.7035184,45.4932649],[-122.7035541,45.4930508],[-122.7035288,45.4929522],[-122.7035163,45.4929067],[-122.7034708,45.4928466],[-122.7033686,45.492719],[-122.7032778,45.4926064],[-122.7031428,45.4924718],[-122.7030648,45.4924123],[-122.7029873,45.4923681],[-122.7028551,45.4923097],[-122.7027343,45.4922663],[-122.7025806,45.4922159],[-122.7024284,45.4922036],[-122.7022545,45.4921917],[-122.7021031,45.4922022],[-122.7014382,45.4924056],[-122.7012982,45.4924312],[-122.7011359,45.4924419],[-122.701017,45.4924518],[-122.7008328,45.4924554],[-122.7008304,45.4923868],[-122.7007415,45.4923276],[-122.7006743,45.4922679],[-122.700606,45.4921777],[-122.7006038,45.4921168],[-122.7006016,45.4920559],[-122.70061,45.4919871],[-122.7007474,45.4915881],[-122.7007435,45.4914815],[-122.7007297,45.4913979],[-122.7006616,45.4913154],[-122.7005728,45.4912561],[-122.7004081,45.4911983],[-122.7001897,45.4911568],[-122.7000581,45.4911136],[-122.6999589,45.4910698],[-122.6998914,45.4910025],[-122.699722,45.4908152],[-122.6996421,45.4907024],[-122.6995724,45.4905742],[-122.6995699,45.4905056],[-122.6995666,45.4904142],[-122.6995503,45.4902621],[-122.6995132,45.4901333],[-122.6994337,45.4900357],[-122.6993329,45.4899462],[-122.699146,45.4898736],[-122.6989057,45.4898248],[-122.6985763,45.4897092],[-122.6984655,45.4896428],[-122.6984078,45.4895448],[-122.6983467,45.4893554],[-122.6966769,45.4893495],[-122.6959071,45.489349],[-122.6950504,45.4893426],[-122.6950554,45.4894797],[-122.6949259,45.4894975],[-122.6943972,45.4895686],[-122.6924565,45.4895678],[-122.6924546,45.4895145],[-122.6916412,45.4895072],[-122.6913757,45.4893599],[-122.6912644,45.4892782],[-122.6910312,45.4894275],[-122.6905418,45.4893835],[-122.6904424,45.489637],[-122.6903153,45.4900205],[-122.6901369,45.4904888],[-122.6865908,45.4904654],[-122.6865567,45.4904203],[-122.6863614,45.4904164],[-122.685678,45.4904066],[-122.6852985,45.4904063],[-122.6847021,45.4904024],[-122.6847252,45.489838],[-122.684726,45.489556],[-122.6841401,45.4895443],[-122.6826,45.489528],[-122.6822419,45.4895197],[-122.6820738,45.4896677],[-122.6820212,45.4897144],[-122.6817886,45.4898789],[-122.6816296,45.489981],[-122.6815657,45.4900127],[-122.6815018,45.4900445],[-122.6812778,45.4901478],[-122.6809669,45.4902452],[-122.6803328,45.4904021],[-122.6794181,45.4905949],[-122.6789352,45.4907337],[-122.6785181,45.4908941],[-122.6781359,45.4911224],[-122.6780514,45.491185],[-122.6778399,45.4913338],[-122.6776606,45.4914744],[-122.6775664,45.4915677],[-122.6774199,45.4917153],[-122.6773364,45.4918083],[-122.6772844,45.4918703],[-122.6771498,45.4920482],[-122.6769557,45.4923796],[-122.6769066,45.4925254],[-122.6768801,45.4926935],[-122.6768647,45.4928691],[-122.676856,45.4929303],[-122.6768694,45.4933035],[-122.676871,45.4933492],[-122.6769864,45.49385],[-122.677103,45.4943813],[-122.6772799,45.4947818],[-122.6774105,45.4950995],[-122.6778497,45.495556],[-122.6779957,45.495698],[-122.6781092,45.4958407],[-122.6783251,45.4961185],[-122.6783937,45.4962163],[-122.6784969,45.4963744],[-122.678543,45.4964497],[-122.6786362,45.4966309],[-122.6786709,45.4966912],[-122.6787996,45.4969555],[-122.6788597,45.497122],[-122.6789188,45.4972581],[-122.678999,45.4973785],[-122.6793689,45.4980193],[-122.679752,45.4987284],[-122.6801788,45.4994443],[-122.6805406,45.5001615],[-122.6798899,45.5001586],[-122.6793909,45.5001529],[-122.6788699,45.50014],[-122.6785237,45.5001618],[-122.6783289,45.5001732],[-122.6780369,45.500194],[-122.6777988,45.5002061],[-122.6776907,45.5002158],[-122.6775067,45.5002269],[-122.6769549,45.5002603],[-122.6767926,45.500271],[-122.6766304,45.5002817],[-122.6762408,45.5003044],[-122.6752466,45.5003995],[-122.6743391,45.500493],[-122.6742307,45.5004951],[-122.674014,45.5004992],[-122.6737653,45.5005192],[-122.6734841,45.5005398],[-122.6732788,45.5005589],[-122.6729759,45.5005799],[-122.6727919,45.5005911],[-122.6725002,45.5006195],[-122.6716457,45.5006814],[-122.6714837,45.5006998],[-122.6713862,45.5007016],[-122.6684986,45.5009165],[-122.6683041,45.5009354],[-122.6675364,45.5009957],[-122.6673418,45.5010146],[-122.6664335,45.5010852],[-122.6659593,45.4990288],[-122.666566,45.4959611],[-122.6665952,45.4958691],[-122.6666955,45.4953337],[-122.6682042,45.4917154],[-122.669312,45.4878074],[-122.6693584,45.4857564],[-122.6692798,45.4853768],[-122.6691274,45.4847471],[-122.6691447,45.4846248],[-122.6691046,45.4844122],[-122.6688414,45.4834112],[-122.6675019,45.476524],[-122.666455,45.4711555],[-122.6657251,45.4655524],[-122.6656312,45.4653484],[-122.6651948,45.4643507],[-122.6639453,45.4615088],[-122.6649749,45.461512],[-122.666438,45.4615147],[-122.6667954,45.4615079],[-122.6676842,45.4615138],[-122.6681287,45.4615206],[-122.6744788,45.4615137],[-122.6745877,45.4615269],[-122.6746541,45.4597422],[-122.6747228,45.4586281],[-122.674712,45.4583235],[-122.6747103,45.4582778],[-122.6747806,45.4572094],[-122.6747779,45.4571332],[-122.6748512,45.4555389],[-122.6748636,45.4552795],[-122.6748823,45.4548905],[-122.6749193,45.4541047],[-122.6749601,45.4531208],[-122.6749568,45.4530294],[-122.6749747,45.4529223],[-122.674597,45.4526628],[-122.6744297,45.4525288],[-122.6729474,45.4513682],[-122.6728242,45.4512562],[-122.6727554,45.4511508],[-122.6726859,45.4510226],[-122.6726842,45.4509769],[-122.6727053,45.4503515],[-122.6727437,45.4496039],[-122.6728024,45.4485129],[-122.6728481,45.4470563],[-122.6728611,45.4468121],[-122.6728914,45.4467506],[-122.673009,45.4439664],[-122.6730723,45.4427],[-122.6730777,45.4425475],[-122.6731185,45.4418684],[-122.6731518,45.4412809],[-122.6731945,45.4403502],[-122.6732037,45.4403043],[-122.6733632,45.4371764],[-122.6733859,45.4369016],[-122.6735803,45.432927],[-122.6735868,45.4328049],[-122.6741935,45.4328085],[-122.6757428,45.4328169],[-122.6772917,45.4328177],[-122.6793938,45.4328383],[-122.6809972,45.4328456],[-122.6820804,45.4328477],[-122.6821995,45.4328454],[-122.682373,45.4328497],[-122.6824271,45.4328486],[-122.6826977,45.4328434],[-122.6855794,45.4328565],[-122.686273,45.432866],[-122.686804,45.432871],[-122.6908344,45.4329],[-122.6960134,45.4329371],[-122.6975193,45.432946],[-122.6975843,45.4329448],[-122.6976709,45.4329431],[-122.6983534,45.4329451],[-122.6987869,45.432952],[-122.7002065,45.4329702],[-122.7014632,45.4329763],[-122.7022323,45.4329766],[-122.7023878,45.432783],[-122.7024775,45.4325679],[-122.7026042,45.4321767],[-122.702811,45.4322032],[-122.7039758,45.4323635],[-122.7040968,45.4324145],[-122.7042069,45.4324657],[-122.704296,45.4325326],[-122.7044314,45.4326824],[-122.7045094,45.4327419],[-122.7045871,45.4327937],[-122.7047191,45.4328521],[-122.7050374,45.4329679],[-122.7051698,45.4330339],[-122.7052459,45.43304],[-122.7056516,45.433177],[-122.7058597,45.4332415],[-122.7065277,45.433442],[-122.7070644,45.4336068],[-122.7072173,45.433642],[-122.7074133,45.4336687],[-122.7075324,45.4336663],[-122.7076298,45.4336644],[-122.7077375,45.4336471],[-122.7078774,45.4336215],[-122.7080167,45.4335807],[-122.7081552,45.433517],[-122.7082718,45.4334462],[-122.7083667,45.4333757],[-122.7084725,45.433305],[-122.7087056,45.4334606],[-122.7089484,45.4335854],[-122.7090697,45.433644],[-122.7093333,45.4337456],[-122.7095962,45.4338244],[-122.7102722,45.4339484],[-122.7106303,45.4339643],[-122.710955,45.433958],[-122.711527,45.4339011],[-122.7118598,45.4338184],[-122.7120525,45.4337536],[-122.7122987,45.4336726],[-122.7124494,45.4336468],[-122.7126215,45.433613],[-122.7128815,45.4336155],[-122.7131424,45.4336409],[-122.7133059,45.4336682],[-122.7133933,45.4336894],[-122.7135798,45.4337543],[-122.7137785,45.4338572],[-122.7138559,45.4339014],[-122.714134,45.4341018],[-122.7142006,45.4341462],[-122.7143444,45.4342273],[-122.7144765,45.4342857],[-122.7145644,45.434322],[-122.7147074,45.4343802],[-122.7148173,45.4344238],[-122.7149161,45.43446],[-122.7151023,45.4345174],[-122.715278,45.4345825],[-122.7153551,45.4346191],[-122.7154548,45.4346782],[-122.7156657,45.4348189],[-122.7162431,45.4343121],[-122.7163372,45.4342188],[-122.7164002,45.4341643],[-122.7164929,45.4340329],[-122.7165645,45.4339171],[-122.7166037,45.433802],[-122.7165907,45.4337413],[-122.7165782,45.4336958],[-122.7164311,45.4335234],[-122.7163182,45.433396],[-122.7162369,45.4332451],[-122.7161442,45.4330793],[-122.7170001,45.4330854],[-122.7181053,45.4330943],[-122.718387,45.4330964],[-122.7194925,45.4331129]]]}},{"type":"Feature","properties":{"boundary_id":"b-high-4","school_name":"Cleveland High School","review_status":"unverified","school_candidates":["Cleveland High School"],"name_status":"pdf-label-match","source_label":"Cleveland High School Mandarin Immersion"},"geometry":{"type":"Polygon","coordinates":[[[-122.6521669,45.4553912],[-122.6526642,45.455359],[-122.6526769,45.4554121],[-122.6526934,45.4555718],[-122.6530005,45.4581344],[-122.6530275,45.4582863],[-122.6530838,45.4583462],[-122.653299,45.458304],[-122.6534181,45.4583017],[-122.6539588,45.4582686],[-122.6549429,45.4582119],[-122.6550942,45.4582014],[-122.6551805,45.4581921],[-122.6556887,45.4581597],[-122.6560888,45.4581368],[-122.6570729,45.4580801],[-122.6582405,45.4580046],[-122.6594407,45.4579284],[-122.66098,45.4576401],[-122.661346,45.4575722],[-122.6619772,45.4585662],[-122.6620904,45.4587012],[-122.6639453,45.4615088],[-122.6651948,45.4643507],[-122.6656312,45.4653484],[-122.6657251,45.4655524],[-122.666455,45.4711555],[-122.6675019,45.476524],[-122.6688414,45.4834112],[-122.6691046,45.4844122],[-122.6691447,45.4846248],[-122.6691274,45.4847471],[-122.6692798,45.4853768],[-122.6692907,45.4853766],[-122.6693584,45.4857564],[-122.669312,45.4878074],[-122.6682042,45.4917154],[-122.6666955,45.4953337],[-122.6665952,45.4958691],[-122.666566,45.4959611],[-122.6659593,45.4990288],[-122.6664335,45.5010852],[-122.6693432,45.5069824],[-122.6696234,45.507541],[-122.6696364,45.5076017],[-122.6709432,45.5132397],[-122.6695344,45.5178468],[-122.6681968,45.5204939],[-122.6678867,45.5230606],[-122.6688806,45.5275231],[-122.6689283,45.5276442],[-122.6690069,45.5277189],[-122.669085,45.5277784],[-122.6741222,45.5318366],[-122.6740583,45.5318683],[-122.6738669,45.5319786],[-122.67275,45.5326019],[-122.6726755,45.5326414],[-122.6724518,45.53276],[-122.6721223,45.5329491],[-122.6718989,45.5330753],[-122.6713663,45.5333521],[-122.6711113,45.5335018],[-122.6703136,45.5339513],[-122.6697181,45.5342903],[-122.66872,45.5349036],[-122.6684962,45.5350146],[-122.6683148,45.5351018],[-122.6676426,45.5351145],[-122.6669265,45.5351128],[-122.6666551,45.5351103],[-122.6656137,45.5351148],[-122.6645938,45.5351111],[-122.6635738,45.5351075],[-122.6625646,45.5351037],[-122.6615446,45.5351001],[-122.660535,45.535081],[-122.6595258,45.5350771],[-122.6585061,45.5350811],[-122.6574861,45.5350774],[-122.656477,45.5350735],[-122.655457,45.5350698],[-122.6544479,45.5350659],[-122.6534279,45.5350622],[-122.6524079,45.5350585],[-122.6513987,45.5350546],[-122.6503788,45.5350508],[-122.6493805,45.5350467],[-122.6483499,45.5350508],[-122.6465596,45.5350462],[-122.6447148,45.535035],[-122.6447224,45.5343261],[-122.6447344,45.5340515],[-122.6447406,45.5336094],[-122.6447482,45.5329005],[-122.6447467,45.5325499],[-122.6447447,45.5321842],[-122.6447523,45.5314753],[-122.6447525,45.5308656],[-122.6447504,45.5308046],[-122.6447541,45.530294],[-122.6447506,45.530195],[-122.6447599,45.5301491],[-122.6447572,45.5300729],[-122.6444539,45.5300862],[-122.6443458,45.5300958],[-122.6434142,45.5301361],[-122.6423636,45.5301863],[-122.6409339,45.5302511],[-122.6404899,45.5302746],[-122.6370027,45.5304464],[-122.6364178,45.5304725],[-122.6361473,45.5304928],[-122.6360825,45.5305016],[-122.6357697,45.5305532],[-122.6355865,45.5305871],[-122.6354143,45.5306284],[-122.6352528,45.5306619],[-122.6350272,45.530727],[-122.6348448,45.5307838],[-122.6347914,45.5308076],[-122.6347006,45.530695],[-122.6346549,45.5306273],[-122.6344274,45.5303267],[-122.6343906,45.5302054],[-122.634385,45.5300455],[-122.6343927,45.5293366],[-122.6344002,45.5286201],[-122.6343971,45.5279114],[-122.6344042,45.5271873],[-122.634412,45.5264785],[-122.6344089,45.5257698],[-122.6344163,45.5250533],[-122.634424,45.5243444],[-122.6330137,45.5243402],[-122.6317226,45.5243337],[-122.6316036,45.5243436],[-122.6316111,45.5236271],[-122.6316089,45.5232537],[-122.6316067,45.5228803],[-122.6316131,45.5221334],[-122.6314725,45.5221436],[-122.6298018,45.5221366],[-122.6294983,45.5221422],[-122.6294224,45.5221436],[-122.6293253,45.5221607],[-122.6290242,45.5222349],[-122.6289166,45.5222597],[-122.6288193,45.5222691],[-122.628657,45.5222798],[-122.6284285,45.5222612],[-122.6282538,45.5222263],[-122.6281115,45.5221908],[-122.6280023,45.52217],[-122.6278609,45.5221574],[-122.6277305,45.5221522],[-122.6274056,45.5221659],[-122.6264437,45.5222676],[-122.6263033,45.5222854],[-122.6261738,45.522303],[-122.6260984,45.5223197],[-122.6258719,45.5223544],[-122.6253764,45.522455],[-122.6249671,45.5225388],[-122.6244183,45.5226633],[-122.624235,45.5226972],[-122.6239868,45.5227323],[-122.6238464,45.5227501],[-122.6236735,45.5227686],[-122.6234789,45.5227874],[-122.6231214,45.5228017],[-122.6229371,45.5228051],[-122.6229537,45.5217226],[-122.6229523,45.5213721],[-122.6229501,45.5209987],[-122.6229585,45.5203051],[-122.6229553,45.5202137],[-122.6229717,45.5197486],[-122.6229346,45.5193072],[-122.6229533,45.5185982],[-122.6229392,45.5178821],[-122.6229146,45.5171738],[-122.6229068,45.5166405],[-122.6228926,45.5165417],[-122.6227749,45.5165896],[-122.6216688,45.5165949],[-122.6211046,45.5165901],[-122.6193907,45.5165838],[-122.6193444,45.5165008],[-122.6193547,45.5158605],[-122.6193584,45.5150297],[-122.6200959,45.5150313],[-122.6201036,45.5143148],[-122.6201115,45.513606],[-122.6201191,45.5128895],[-122.6201153,45.512158],[-122.6201336,45.5120586],[-122.6211532,45.5120625],[-122.6214894,45.5120639],[-122.6227691,45.512063],[-122.6227546,45.5119566],[-122.6227489,45.5108594],[-122.6227126,45.5095035],[-122.6226879,45.5087953],[-122.6226738,45.5080792],[-122.6226558,45.5075613],[-122.6226428,45.5068757],[-122.6226189,45.5061903],[-122.6225951,45.5055049],[-122.6226143,45.504811],[-122.6225783,45.5040877],[-122.6225753,45.503379],[-122.6225829,45.5026626],[-122.6225799,45.5019539],[-122.6225872,45.5012298],[-122.6225953,45.5005285],[-122.6238207,45.5005286],[-122.6257289,45.5005236],[-122.6261954,45.5005302],[-122.626203,45.4998137],[-122.6285452,45.4998158],[-122.6285451,45.4991909],[-122.628531,45.4990997],[-122.6281732,45.4990988],[-122.6261999,45.499105],[-122.6261948,45.4983354],[-122.626191,45.4976039],[-122.626183,45.497063],[-122.6258693,45.497084],[-122.6258023,45.4967195],[-122.6257566,45.4966518],[-122.6256683,45.4966077],[-122.6250308,45.4963604],[-122.6248551,45.4962951],[-122.6246241,45.4962003],[-122.6244377,45.4961428],[-122.6243503,45.4961216],[-122.6242197,45.4961088],[-122.6240892,45.496096],[-122.623883,45.4960922],[-122.6226142,45.4960853],[-122.6226228,45.4947744],[-122.6226309,45.4940731],[-122.6226274,45.4933492],[-122.6201009,45.4933428],[-122.6192011,45.4933443],[-122.6190137,45.4932563],[-122.6189432,45.4930976],[-122.6189529,45.4927545],[-122.6189505,45.4923735],[-122.6189587,45.4919847],[-122.6189595,45.4916951],[-122.618979,45.4910089],[-122.6189766,45.4903154],[-122.6178057,45.4903143],[-122.6168189,45.4903097],[-122.6158433,45.4903126],[-122.6148674,45.4903078],[-122.613892,45.4903183],[-122.6129164,45.4903211],[-122.6119404,45.4903163],[-122.6109648,45.4903191],[-122.6101519,45.4903265],[-122.6099892,45.4903219],[-122.6089916,45.4903175],[-122.6078529,45.490308],[-122.6067686,45.4903052],[-122.6056735,45.4903025],[-122.6047087,45.4903051],[-122.6039279,45.4902966],[-122.6036462,45.4903018],[-122.6025619,45.4902989],[-122.6012935,45.4902994],[-122.6013053,45.4893848],[-122.6013145,45.4887064],[-122.6013416,45.4866636],[-122.6013546,45.485467],[-122.6013528,45.4854136],[-122.6014291,45.4854275],[-122.6021122,45.4854301],[-122.6021207,45.485049],[-122.602129,45.4846602],[-122.6021265,45.4842716],[-122.6021347,45.4838828],[-122.6021425,45.4834787],[-122.6021502,45.4830747],[-122.6014997,45.4830715],[-122.60086,45.483068],[-122.600665,45.4830716],[-122.6004156,45.4830686],[-122.6002098,45.4830724],[-122.5995809,45.4830687],[-122.5995928,45.4818416],[-122.5995993,45.4813995],[-122.599606,45.480965],[-122.5996125,45.4805229],[-122.5996192,45.4800884],[-122.5970391,45.4800826],[-122.5970456,45.4796405],[-122.5970622,45.4791753],[-122.5975932,45.4791732],[-122.5996313,45.4791814],[-122.6022114,45.4791872],[-122.6047803,45.4791855],[-122.6053766,45.4791897],[-122.6057994,45.4791895],[-122.6067748,45.4791867],[-122.6073601,45.4791835],[-122.6077503,45.4791839],[-122.6087474,45.4791807],[-122.6087544,45.4784414],[-122.6087518,45.4780528],[-122.6087513,45.4777251],[-122.6087545,45.4775041],[-122.6087485,45.4770165],[-122.6087541,45.4765515],[-122.6087509,45.4764601],[-122.6087454,45.4763002],[-122.6087544,45.4759343],[-122.6087624,45.4758503],[-122.6059442,45.4758491],[-122.6048493,45.4758464],[-122.6041883,45.475851],[-122.6035487,45.4758476],[-122.6028982,45.4758443],[-122.6022589,45.4758485],[-122.6016193,45.4758451],[-122.6014135,45.4758489],[-122.6009691,45.4758495],[-122.6003295,45.475846],[-122.5996898,45.4758425],[-122.5990396,45.4758469],[-122.5984003,45.4758511],[-122.5981403,45.4758558],[-122.5977501,45.4758554],[-122.5971432,45.475859],[-122.5964714,45.4758637],[-122.5961897,45.4758689],[-122.5961942,45.473476],[-122.5962098,45.4710905],[-122.5962129,45.4686596],[-122.5968739,45.468655],[-122.596871,45.4676263],[-122.5968959,45.4674049],[-122.5969373,45.4651409],[-122.5965797,45.4651398],[-122.5966008,45.4641793],[-122.5966225,45.4632339],[-122.5966418,45.4625325],[-122.5966471,45.4623724],[-122.5966614,45.4615263],[-122.5967913,45.4615239],[-122.5968563,45.4615227],[-122.5970837,45.4615185],[-122.5972464,45.4615231],[-122.597463,45.4615191],[-122.5976799,45.4615227],[-122.5979506,45.4615177],[-122.5984493,45.4615238],[-122.5987095,45.4615266],[-122.5997602,45.4615148],[-122.6001395,45.4615154],[-122.6015262,45.4615051],[-122.6023496,45.4614975],[-122.602545,45.4615091],[-122.6027397,45.4614979],[-122.603054,45.4614997],[-122.6039861,45.4615053],[-122.6040836,45.4615035],[-122.6049291,45.4615108],[-122.605796,45.46151],[-122.6066848,45.4615164],[-122.6067934,45.461522],[-122.6086682,45.4615253],[-122.6099794,45.4615239],[-122.6109004,45.4615221],[-122.6119731,45.4615174],[-122.6130566,45.4615125],[-122.6132082,45.4615097],[-122.6137391,45.4615075],[-122.6154402,45.4614987],[-122.6162635,45.461491],[-122.6163501,45.4614894],[-122.6168919,45.4614869],[-122.6189611,45.4614713],[-122.6195137,45.4614686],[-122.6202287,45.4614629],[-122.6207704,45.4614604],[-122.6217134,45.4614657],[-122.6219516,45.4614613],[-122.6223309,45.4614618],[-122.6224392,45.4614598],[-122.622537,45.4614656],[-122.6232198,45.4614681],[-122.6249538,45.4614738],[-122.6263516,45.4614706],[-122.6268284,45.4614693],[-122.6270344,45.4614731],[-122.6280313,45.4614697],[-122.6282481,45.4614732],[-122.6288118,45.4614779],[-122.6290067,45.4614743],[-122.6299605,45.4614793],[-122.6330815,45.4614818],[-122.6352596,45.4614791],[-122.6366688,45.4614907],[-122.6367338,45.4614895],[-122.6390534,45.4615069],[-122.6399961,45.4615044],[-122.6405709,45.4615164],[-122.6406464,45.4615074],[-122.640722,45.4614984],[-122.6408955,45.4615027],[-122.6412312,45.4614964],[-122.6414264,45.4615003],[-122.6415022,45.4614989],[-122.6415077,45.4613464],[-122.6414807,45.4599599],[-122.6414468,45.4596099],[-122.6413511,45.4587353],[-122.6414258,45.4587034],[-122.6419134,45.4587019],[-122.6420217,45.4586998],[-122.6421083,45.4586982],[-122.642444,45.4586919],[-122.6427797,45.4586855],[-122.6429313,45.4586827],[-122.6430615,45.4586879],[-122.6431698,45.4586858],[-122.6432348,45.4586846],[-122.6435272,45.4586791],[-122.6435921,45.4586779],[-122.6440261,45.4586925],[-122.6441019,45.4586911],[-122.6451103,45.4587102],[-122.6461832,45.4587128],[-122.6469851,45.4587129],[-122.6469525,45.4584011],[-122.6469079,45.458059],[-122.6467104,45.456447],[-122.6466202,45.4557323],[-122.6481013,45.4556358],[-122.6482743,45.4556249],[-122.6508802,45.4554689],[-122.6521669,45.4553912]]]}},{"type":"Feature","properties":{"boundary_id":"b-high-5","school_name":"Franklin High School","review_status":"unverified","school_candidates":["Franklin High School"],"name_status":"pdf-label-match","source_label":"Franklin High School Russian Immersion, Spanish Immersion"},"geometry":{"type":"Polygon","coordinates":[[[-122.5568134,45.4646691],[-122.5561522,45.4646658],[-122.5557729,45.4646651],[-122.5546679,45.4646774],[-122.5536277,45.4646809],[-122.5531945,45.4646888],[-122.5531815,45.4610848],[-122.5581116,45.461072],[-122.5584373,45.4610889],[-122.559077,45.4611002],[-122.5631665,45.4612242],[-122.564045,45.4612464],[-122.5648043,45.4612707],[-122.5652494,45.4612931],[-122.5653688,45.4612986],[-122.56577,45.4613065],[-122.5671583,45.4613422],[-122.5676139,45.4613568],[-122.5680912,45.461371],[-122.5686553,45.4613912],[-122.5700753,45.4614035],[-122.5704549,45.4614118],[-122.5708883,45.4614116],[-122.5713545,45.4614183],[-122.5721026,45.4614276],[-122.5728728,45.4614516],[-122.5738157,45.4614573],[-122.5759299,45.4614873],[-122.579096,45.4615438],[-122.5792046,45.4615494],[-122.5796489,45.4615489],[-122.5800604,45.4615414],[-122.5821299,45.461534],[-122.5821949,45.4615328],[-122.5823143,45.4615383],[-122.5840151,45.4615224],[-122.5844916,45.4615137],[-122.5848709,45.4615143],[-122.5850766,45.4615106],[-122.5855426,45.4615096],[-122.5861828,45.461536],[-122.5868984,45.4615457],[-122.5870502,45.4615506],[-122.5875487,45.461549],[-122.5879821,45.4615487],[-122.5881337,45.4615459],[-122.5883397,45.4615498],[-122.5885022,45.4615468],[-122.5894341,45.4615449],[-122.5920017,45.4615282],[-122.5928578,45.4615277],[-122.5933562,45.4615262],[-122.5934648,45.4615318],[-122.5946027,45.4615337],[-122.5949926,45.4615265],[-122.5951878,45.4615305],[-122.595361,45.4615273],[-122.5955126,45.4615246],[-122.595632,45.46153],[-122.5958703,45.4615256],[-122.5961413,45.4615282],[-122.5963037,45.4615252],[-122.5966614,45.4615263],[-122.5966471,45.4623724],[-122.5966418,45.4625325],[-122.5966225,45.4632339],[-122.5966008,45.4641793],[-122.5965797,45.4651398],[-122.5969373,45.4651409],[-122.5968959,45.4674049],[-122.596871,45.4676263],[-122.5968739,45.468655],[-122.5962129,45.4686596],[-122.5962098,45.4710905],[-122.5961942,45.473476],[-122.5961897,45.4758689],[-122.5964714,45.4758637],[-122.5971432,45.475859],[-122.5977501,45.4758554],[-122.5981403,45.4758558],[-122.5984003,45.4758511],[-122.5990396,45.4758469],[-122.5996898,45.4758425],[-122.6003295,45.475846],[-122.6009691,45.4758495],[-122.6014135,45.4758489],[-122.6016193,45.4758451],[-122.6022589,45.4758485],[-122.6028982,45.4758443],[-122.6035487,45.4758476],[-122.6041883,45.475851],[-122.6048493,45.4758464],[-122.6059442,45.4758491],[-122.6087624,45.4758503],[-122.6087544,45.4759343],[-122.6087454,45.4763002],[-122.6087509,45.4764601],[-122.6087541,45.4765515],[-122.6087485,45.4770165],[-122.6087545,45.4775041],[-122.6087513,45.4777251],[-122.6087518,45.4780528],[-122.6087544,45.4784414],[-122.6087474,45.4791807],[-122.6077503,45.4791839],[-122.6073601,45.4791835],[-122.6067748,45.4791867],[-122.6057994,45.4791895],[-122.6053766,45.4791897],[-122.6047803,45.4791855],[-122.6022114,45.4791872],[-122.5996313,45.4791814],[-122.5975932,45.4791732],[-122.5970622,45.4791753],[-122.5970456,45.4796405],[-122.5970391,45.4800826],[-122.5996192,45.4800884],[-122.5996125,45.4805229],[-122.599606,45.480965],[-122.5995993,45.4813995],[-122.5995928,45.4818416],[-122.5995809,45.4830687],[-122.6002098,45.4830724],[-122.6004156,45.4830686],[-122.600665,45.4830716],[-122.60086,45.483068],[-122.6014997,45.4830715],[-122.6021502,45.4830747],[-122.6021425,45.4834787],[-122.6021347,45.4838828],[-122.6021265,45.4842716],[-122.602129,45.4846602],[-122.6021207,45.485049],[-122.6021122,45.4854301],[-122.6014291,45.4854275],[-122.6013528,45.4854136],[-122.6013546,45.485467],[-122.6013416,45.4866636],[-122.6013145,45.4887064],[-122.6013053,45.4893848],[-122.6012935,45.4902994],[-122.6025619,45.4902989],[-122.6036462,45.4903018],[-122.6039279,45.4902966],[-122.6047087,45.4903051],[-122.6056735,45.4903025],[-122.6067686,45.4903052],[-122.6078529,45.490308],[-122.6089916,45.4903175],[-122.6099892,45.4903219],[-122.6101519,45.4903265],[-122.6109648,45.4903191],[-122.6119404,45.4903163],[-122.6129164,45.4903211],[-122.613892,45.4903183],[-122.6148674,45.4903078],[-122.6158433,45.4903126],[-122.6168189,45.4903097],[-122.6178057,45.4903143],[-122.6189766,45.4903154],[-122.618979,45.4910089],[-122.6189595,45.4916951],[-122.6189587,45.4919847],[-122.6189505,45.4923735],[-122.6189529,45.4927545],[-122.6189432,45.4930976],[-122.6190137,45.4932563],[-122.6192011,45.4933443],[-122.6201009,45.4933428],[-122.6226274,45.4933492],[-122.6226309,45.4940731],[-122.6226228,45.4947744],[-122.6226142,45.4960853],[-122.623883,45.4960922],[-122.6240892,45.496096],[-122.6242197,45.4961088],[-122.6243503,45.4961216],[-122.6244377,45.4961428],[-122.6246241,45.4962003],[-122.6248551,45.4962951],[-122.6250308,45.4963604],[-122.6256683,45.4966077],[-122.6257566,45.4966518],[-122.6258023,45.4967195],[-122.6258693,45.497084],[-122.626183,45.497063],[-122.626191,45.4976039],[-122.6261948,45.4983354],[-122.6261999,45.499105],[-122.6281732,45.4990988],[-122.628531,45.4990997],[-122.6285451,45.4991909],[-122.6285452,45.4998158],[-122.626203,45.4998137],[-122.6261954,45.5005302],[-122.6257289,45.5005236],[-122.6238207,45.5005286],[-122.6225953,45.5005285],[-122.6225872,45.5012298],[-122.6225799,45.5019539],[-122.6225829,45.5026626],[-122.6225753,45.503379],[-122.6225783,45.5040877],[-122.6226143,45.504811],[-122.6225951,45.5055049],[-122.6226189,45.5061903],[-122.6226428,45.5068757],[-122.6226558,45.5075613],[-122.6226738,45.5080792],[-122.6226879,45.5087953],[-122.6227126,45.5095035],[-122.6227489,45.5108594],[-122.6227546,45.5119566],[-122.6227691,45.512063],[-122.6214894,45.5120639],[-122.6211532,45.5120625],[-122.6201336,45.5120586],[-122.6201153,45.512158],[-122.6201191,45.5128895],[-122.6201115,45.513606],[-122.6201036,45.5143148],[-122.6200959,45.5150313],[-122.6193584,45.5150297],[-122.6193547,45.5158605],[-122.6193444,45.5165008],[-122.6193907,45.5165838],[-122.6211046,45.5165901],[-122.6216688,45.5165949],[-122.6227749,45.5165896],[-122.6228926,45.5165417],[-122.6229068,45.5166405],[-122.6229146,45.5171738],[-122.6229392,45.5178821],[-122.6229533,45.5185982],[-122.6229346,45.5193072],[-122.6229717,45.5197486],[-122.6229553,45.5202137],[-122.6229585,45.5203051],[-122.6229501,45.5209987],[-122.6229523,45.5213721],[-122.6229537,45.5217226],[-122.6225957,45.5217217],[-122.6226036,45.5216377],[-122.6226049,45.5213633],[-122.6199364,45.5213594],[-122.619828,45.5213614],[-122.6197087,45.5213636],[-122.6195684,45.5213815],[-122.6194388,45.5213991],[-122.6192664,45.5214328],[-122.619116,45.5214737],[-122.6189333,45.5215228],[-122.6187829,45.5215636],[-122.6186105,45.5215973],[-122.6185243,45.5216141],[-122.6184487,45.5216232],[-122.6182863,45.5216338],[-122.6181237,45.5216368],[-122.6179286,45.5216404],[-122.6173427,45.521636],[-122.6172126,45.5216384],[-122.6172142,45.5219965],[-122.6171053,45.5219833],[-122.6160533,45.5219875],[-122.616071,45.5228102],[-122.6160824,45.5231377],[-122.615594,45.5231315],[-122.6153981,45.5231122],[-122.6153103,45.5230834],[-122.61519,45.5230551],[-122.6150478,45.5230196],[-122.6149166,45.5229916],[-122.6149203,45.5230982],[-122.6148997,45.5237539],[-122.6149132,45.5238299],[-122.6149224,45.5244089],[-122.61336,45.5243996],[-122.6133484,45.5246894],[-122.6126107,45.5246878],[-122.6126112,45.5250154],[-122.612625,45.525099],[-122.6119306,45.5250966],[-122.6119275,45.5243803],[-122.611244,45.5243777],[-122.6110166,45.5243895],[-122.6101486,45.5243826],[-122.6087711,45.5243851],[-122.6075342,45.5243774],[-122.607435,45.5243335],[-122.6073359,45.5242896],[-122.6062836,45.5242861],[-122.6053291,45.5242884],[-122.6053311,45.5249742],[-122.6053198,45.5255916],[-122.6053111,45.5256528],[-122.605308,45.5265063],[-122.6046898,45.52651],[-122.6046818,45.5272189],[-122.6046868,45.5273636],[-122.6046756,45.5276686],[-122.6046798,45.5277905],[-122.6041967,45.5279365],[-122.6037041,45.5281208],[-122.6030525,45.5284147],[-122.6021039,45.5289046],[-122.6021206,45.5287595],[-122.6021256,45.5285917],[-122.6021384,45.5283324],[-122.6021477,45.5279741],[-122.6021442,45.5272426],[-122.6021621,45.5265031],[-122.6021699,45.5257866],[-122.6021878,45.5250471],[-122.6021925,45.5242393],[-122.6022218,45.52289],[-122.6008874,45.522884],[-122.5994991,45.5228866],[-122.598447,45.5228906],[-122.5982847,45.5229012],[-122.5974547,45.5230536],[-122.5970343,45.5231298],[-122.5964703,45.5231325],[-122.5960148,45.5231333],[-122.5950063,45.5231441],[-122.5936288,45.5231464],[-122.5931304,45.5231632],[-122.5926423,45.5231644],[-122.5920773,45.5231367],[-122.5918277,45.5231336],[-122.5918638,45.5222871],[-122.5918038,45.5221206],[-122.5912867,45.521909],[-122.5907924,45.5217275],[-122.5897895,45.5212658],[-122.5888522,45.520818],[-122.588444,45.5206197],[-122.5881572,45.5204802],[-122.588047,45.5204289],[-122.5879799,45.5203691],[-122.5881074,45.5202906],[-122.5883678,45.5202935],[-122.5884968,45.5202606],[-122.5885489,45.5201987],[-122.5885577,45.5201376],[-122.5885342,45.5200847],[-122.5884996,45.5200244],[-122.5884761,45.5199714],[-122.5884634,45.5199183],[-122.5884742,45.5192857],[-122.5885589,45.5192232],[-122.5876584,45.5192167],[-122.5870836,45.5192196],[-122.586552,45.519214],[-122.5857707,45.5192054],[-122.5851523,45.5192014],[-122.584664,45.5191951],[-122.5834275,45.5191947],[-122.5831449,45.519177],[-122.5823422,45.5191764],[-122.5813767,45.5191711],[-122.5804112,45.5191658],[-122.5801941,45.5191621],[-122.5789465,45.5191543],[-122.5789321,45.5184154],[-122.5788961,45.5176769],[-122.578849,45.516931],[-122.5788129,45.5161925],[-122.5787785,45.5154997],[-122.578745,45.5148374],[-122.5787013,45.5141905],[-122.5786681,45.5135358],[-122.5786455,45.5128732],[-122.5786379,45.5126524],[-122.5786239,45.5122412],[-122.5786153,45.5119899],[-122.5786,45.5115406],[-122.578593,45.5113349],[-122.5785981,45.5108472],[-122.5785948,45.5101157],[-122.5786054,45.5091554],[-122.5786004,45.5083706],[-122.5786236,45.5049183],[-122.578621,45.5048422],[-122.5786166,45.5047127],[-122.5786248,45.5046364],[-122.5786165,45.5043927],[-122.5786163,45.5034326],[-122.5786237,45.5030133],[-122.5786488,45.5021594],[-122.5786394,45.5018853],[-122.5786461,45.5014432],[-122.5786442,45.5013899],[-122.5786257,45.5005291],[-122.5786391,45.5002851],[-122.5786481,45.5002316],[-122.5786532,45.5000638],[-122.578667,45.4991949],[-122.5786644,45.4991187],[-122.5786671,45.4985624],[-122.5786589,45.4976863],[-122.5786612,45.4974348],[-122.5786861,45.4968933],[-122.5787061,45.4962071],[-122.5787152,45.4955211],[-122.5787243,45.4948352],[-122.5787335,45.4941492],[-122.5787318,45.4934634],[-122.5787409,45.4927775],[-122.5787506,45.4921067],[-122.5787602,45.491436],[-122.5786119,45.4915377],[-122.5774515,45.4915284],[-122.5767795,45.491533],[-122.5767946,45.4910222],[-122.5767608,45.4909847],[-122.5767687,45.4902606],[-122.5757714,45.4902635],[-122.574926,45.4902713],[-122.574045,45.4901883],[-122.5740202,45.4900973],[-122.5740233,45.4901886],[-122.5738711,45.4901762],[-122.5732636,45.4901644],[-122.5723083,45.4901284],[-122.5722106,45.4901225],[-122.5713967,45.4900992],[-122.5704528,45.4900782],[-122.5695197,45.490057],[-122.568576,45.4900437],[-122.5666023,45.4900261],[-122.5660593,45.4899978],[-122.5656795,45.4899895],[-122.565137,45.4899764],[-122.5634228,45.4899389],[-122.5621969,45.4899153],[-122.560873,45.4898783],[-122.5596688,45.4898543],[-122.5583124,45.4898178],[-122.557239,45.4898143],[-122.5570982,45.4898168],[-122.555732,45.489811],[-122.5557256,45.4896206],[-122.5557187,45.489095],[-122.5550898,45.489091],[-122.5550947,45.4889157],[-122.5545633,45.48891],[-122.5544118,45.4889204],[-122.5531651,45.48892],[-122.5531522,45.4888592],[-122.5531621,45.4881885],[-122.5531573,45.4880438],[-122.5532223,45.4880427],[-122.5535259,45.4880448],[-122.5539268,45.4880376],[-122.5546751,45.488047],[-122.5548366,45.4880136],[-122.5557255,45.4880128],[-122.5577959,45.488006],[-122.5581971,45.4880064],[-122.5583057,45.488012],[-122.5582993,45.4875016],[-122.5582914,45.4866255],[-122.5582692,45.4840428],[-122.5582682,45.4836923],[-122.5581276,45.4837025],[-122.5572287,45.4837263],[-122.5557778,45.4837753],[-122.5556908,45.4837693],[-122.5550522,45.483796],[-122.5544782,45.483814],[-122.5543702,45.4838235],[-122.5531465,45.4838608],[-122.5531522,45.4837083],[-122.5531549,45.4828244],[-122.5529896,45.4827436],[-122.5528134,45.4826629],[-122.5528255,45.4817331],[-122.5528907,45.4817395],[-122.552919,45.4796817],[-122.5529283,45.4783481],[-122.5531019,45.4783526],[-122.5540667,45.4783581],[-122.5553785,45.4783649],[-122.5559313,45.4783625],[-122.5564301,45.4783688],[-122.5574055,45.4783664],[-122.5580993,45.4783691],[-122.5582946,45.4783732],[-122.5583133,45.4770013],[-122.5581495,45.4769662],[-122.5574184,45.4768194],[-122.5564473,45.4766312],[-122.555793,45.4765134],[-122.5555532,45.476472],[-122.5555549,45.4755576],[-122.5555526,45.4754891],[-122.5555595,45.4753747],[-122.5556354,45.4753733],[-122.5557648,45.4753557],[-122.5557807,45.4726123],[-122.5557863,45.4718122],[-122.5532192,45.4718585],[-122.5532069,45.4714929],[-122.5532038,45.4714016],[-122.5557745,45.4711418],[-122.5557872,45.4705549],[-122.5557909,45.4700214],[-122.5558559,45.4700203],[-122.5561697,45.470007],[-122.5562894,45.4700201],[-122.5562853,45.4695782],[-122.5557972,45.4695641],[-122.5557948,45.4694956],[-122.5557939,45.4691451],[-122.5557885,45.4689852],[-122.5561895,45.4689856],[-122.5563844,45.468982],[-122.556385,45.4686772],[-122.5565908,45.4686735],[-122.5565759,45.4682319],[-122.5562076,45.4682385],[-122.5557852,45.4682461],[-122.5557938,45.4681774],[-122.5557879,45.4680023],[-122.555793,45.4678345],[-122.5557923,45.4674916],[-122.5564316,45.4674877],[-122.556822,45.4674959],[-122.5571905,45.4674969],[-122.5571998,45.467771],[-122.5574705,45.4677661],[-122.5574615,45.4674996],[-122.5578406,45.4674927],[-122.5583499,45.4674911],[-122.5583539,45.4663252],[-122.558345,45.4654186],[-122.5584768,45.4654696],[-122.5586524,45.465535],[-122.558838,45.4655774],[-122.5589798,45.4656053],[-122.5591328,45.4656406],[-122.5592307,45.4656541],[-122.559251,45.4646479],[-122.556965,45.4646664],[-122.5568134,45.4646691]]]}},{"type":"Feature","properties":{"boundary_id":"b-high-6","school_name":"Grant High School","review_status":"unverified","school_candidates":["Grant High School"],"name_status":"pdf-label-match","source_label":"Grant High School Japanese Immersion"},"geometry":{"type":"Polygon","coordinates":[[[-122.6172142,45.5219965],[-122.6172126,45.5216384],[-122.6173427,45.521636],[-122.6179286,45.5216404],[-122.6181237,45.5216368],[-122.6182863,45.5216338],[-122.6184487,45.5216232],[-122.6185243,45.5216141],[-122.6186105,45.5215973],[-122.6187829,45.5215636],[-122.6189333,45.5215228],[-122.619116,45.5214737],[-122.6192664,45.5214328],[-122.6194388,45.5213991],[-122.6195684,45.5213815],[-122.6197087,45.5213636],[-122.619828,45.5213614],[-122.6199364,45.5213594],[-122.6226049,45.5213633],[-122.6226036,45.5216377],[-122.6225957,45.5217217],[-122.6229537,45.5217226],[-122.6229371,45.5228051],[-122.6231214,45.5228017],[-122.6234789,45.5227874],[-122.6236735,45.5227686],[-122.6238464,45.5227501],[-122.6239868,45.5227323],[-122.624235,45.5226972],[-122.6244183,45.5226633],[-122.6249671,45.5225388],[-122.6253764,45.522455],[-122.6258719,45.5223544],[-122.6260984,45.5223197],[-122.6261738,45.522303],[-122.6263033,45.5222854],[-122.6264437,45.5222676],[-122.6274056,45.5221659],[-122.6277305,45.5221522],[-122.6278609,45.5221574],[-122.6280023,45.52217],[-122.6281115,45.5221908],[-122.6282538,45.5222263],[-122.6284285,45.5222612],[-122.628657,45.5222798],[-122.6288193,45.5222691],[-122.6289166,45.5222597],[-122.6290242,45.5222349],[-122.6293253,45.5221607],[-122.6294224,45.5221436],[-122.6294983,45.5221422],[-122.6298018,45.5221366],[-122.6314725,45.5221436],[-122.6316131,45.5221334],[-122.6316067,45.5228803],[-122.6316089,45.5232537],[-122.6316111,45.5236271],[-122.6316036,45.5243436],[-122.6317226,45.5243337],[-122.6330137,45.5243402],[-122.634424,45.5243444],[-122.6344163,45.5250533],[-122.6344089,45.5257698],[-122.634412,45.5264785],[-122.6344042,45.5271873],[-122.6343971,45.5279114],[-122.6344002,45.5286201],[-122.6343927,45.5293366],[-122.634385,45.5300455],[-122.6343906,45.5302054],[-122.6344274,45.5303267],[-122.6346549,45.5306273],[-122.6347006,45.530695],[-122.6347914,45.5308076],[-122.6348448,45.5307838],[-122.6350272,45.530727],[-122.6352528,45.5306619],[-122.6354143,45.5306284],[-122.6355865,45.5305871],[-122.6357697,45.5305532],[-122.6360825,45.5305016],[-122.6361473,45.5304928],[-122.6364178,45.5304725],[-122.6370027,45.5304464],[-122.6404899,45.5302746],[-122.6409339,45.5302511],[-122.6423636,45.5301863],[-122.6434142,45.5301361],[-122.6443458,45.5300958],[-122.6444539,45.5300862],[-122.6447572,45.5300729],[-122.6447599,45.5301491],[-122.6447506,45.530195],[-122.6447541,45.530294],[-122.6447504,45.5308046],[-122.6447525,45.5308656],[-122.6447523,45.5314753],[-122.6447447,45.5321842],[-122.6447467,45.5325499],[-122.6447482,45.5329005],[-122.6447406,45.5336094],[-122.6447344,45.5340515],[-122.6447224,45.5343261],[-122.6447148,45.535035],[-122.6465596,45.5350462],[-122.6483499,45.5350508],[-122.6493805,45.5350467],[-122.6503788,45.5350508],[-122.6513987,45.5350546],[-122.6524079,45.5350585],[-122.6534279,45.5350622],[-122.6544479,45.5350659],[-122.655457,45.5350698],[-122.656477,45.5350735],[-122.6574861,45.5350774],[-122.6585061,45.5350811],[-122.6595258,45.5350771],[-122.660535,45.535081],[-122.6615446,45.5351001],[-122.6625646,45.5351037],[-122.6635738,45.5351075],[-122.6645938,45.5351111],[-122.6645861,45.5358124],[-122.6635661,45.5358088],[-122.663559,45.5365254],[-122.6640797,45.5365232],[-122.6640672,45.5370874],[-122.6615281,45.5370819],[-122.6615261,45.5379431],[-122.6615214,45.5387282],[-122.6615094,45.5390028],[-122.661508,45.5395744],[-122.6615003,45.5399709],[-122.6614948,45.5404282],[-122.661491,45.5409313],[-122.6614926,45.5412818],[-122.6614819,45.5418994],[-122.6614792,45.5421281],[-122.6614726,45.5428598],[-122.6614769,45.5429817],[-122.6614637,45.5438355],[-122.6614667,45.5439193],[-122.6614889,45.5442389],[-122.6614924,45.5446428],[-122.6613422,45.5446914],[-122.6584553,45.5446771],[-122.658453,45.5452258],[-122.6584421,45.5455309],[-122.6584439,45.5458891],[-122.6584398,45.5463845],[-122.6584353,45.5471772],[-122.6584286,45.5479089],[-122.6584177,45.548214],[-122.6584635,45.5482817],[-122.6575301,45.5482764],[-122.6565533,45.5482719],[-122.6555764,45.5482674],[-122.6545999,45.5482704],[-122.6543177,45.5482681],[-122.65434,45.5467511],[-122.6543462,45.5460041],[-122.6553663,45.5460078],[-122.6553708,45.5452152],[-122.6543507,45.5452114],[-122.6533305,45.5452077],[-122.6523212,45.5452038],[-122.6513011,45.5452],[-122.6502918,45.5451961],[-122.6492716,45.5451923],[-122.648219,45.5451891],[-122.6471663,45.545186],[-122.6461461,45.5451822],[-122.6451368,45.5451782],[-122.6440841,45.545175],[-122.6430206,45.545172],[-122.6420113,45.5451679],[-122.6409589,45.5451723],[-122.6409804,45.5467114],[-122.6409691,45.5482434],[-122.6409574,45.5494553],[-122.6409064,45.5507823],[-122.6404982,45.5505917],[-122.6402573,45.5508401],[-122.6402304,45.5510006],[-122.6400714,45.5511103],[-122.6396788,45.5516739],[-122.6392238,45.5523149],[-122.6387797,45.5529557],[-122.6387842,45.5530852],[-122.6377748,45.5530811],[-122.6367545,45.5530772],[-122.6357342,45.5530733],[-122.6347248,45.5530692],[-122.6336937,45.5530655],[-122.6336837,45.5543307],[-122.6336673,45.5554132],[-122.6331462,45.5554076],[-122.6326145,45.5554099],[-122.6320825,45.5554045],[-122.6315616,45.5554065],[-122.6310297,45.5554012],[-122.6305088,45.5554032],[-122.6305021,45.5552128],[-122.6305144,45.554321],[-122.6305142,45.5536961],[-122.6294939,45.5536921],[-122.6284847,45.5536956],[-122.6274647,45.5536992],[-122.6264555,45.5537026],[-122.6253591,45.5536924],[-122.6242851,45.5537047],[-122.6232759,45.5537081],[-122.6222559,45.5537117],[-122.6212467,45.5537151],[-122.6206933,45.5537177],[-122.6203894,45.5537157],[-122.6202603,45.5537485],[-122.6201201,45.553774],[-122.6160712,45.5537495],[-122.6147581,45.5537508],[-122.61477,45.5528438],[-122.6147835,45.5526073],[-122.6147875,45.5524091],[-122.6147806,45.5518987],[-122.6131197,45.5518835],[-122.6120886,45.5518796],[-122.609679,45.5518705],[-122.6095161,45.5518659],[-122.6095121,45.5517516],[-122.609505,45.551546],[-122.6095505,45.5494115],[-122.6095686,45.5483672],[-122.6094681,45.5482852],[-122.6084587,45.5482808],[-122.6074385,45.5482767],[-122.6064292,45.5482724],[-122.605409,45.5482682],[-122.6043885,45.5482564],[-122.6043967,45.5481801],[-122.6044078,45.5469301],[-122.6044197,45.5453906],[-122.604438,45.5437214],[-122.6044581,45.542418],[-122.6044338,45.5423422],[-122.6044201,45.5422587],[-122.6054368,45.5418514],[-122.6075133,45.5410284],[-122.6075014,45.5413105],[-122.6091076,45.5413191],[-122.6097045,45.5413234],[-122.6102689,45.5413283],[-122.6103778,45.5413415],[-122.610509,45.5413696],[-122.6106307,45.5414359],[-122.6107092,45.5415107],[-122.6107322,45.5415484],[-122.6107666,45.5416011],[-122.6107788,45.5416389],[-122.6108036,45.5417299],[-122.6108213,45.5419277],[-122.6110435,45.5417636],[-122.6111284,45.5417087],[-122.6112352,45.541661],[-122.6113744,45.5416051],[-122.611536,45.5415717],[-122.6118287,45.5415663],[-122.6119488,45.5415869],[-122.6122556,45.5416727],[-122.612419,45.5416926],[-122.6125386,45.541698],[-122.6127459,45.5417323],[-122.6129202,45.5417519],[-122.6131479,45.5417478],[-122.6132564,45.5417458],[-122.6133537,45.5417363],[-122.6134923,45.5416652],[-122.6135677,45.5416486],[-122.6138155,45.5415983],[-122.6139133,45.5416041],[-122.6148356,45.5416024],[-122.6148324,45.541511],[-122.6148438,45.5412136],[-122.6148425,45.5408631],[-122.6148438,45.5405887],[-122.6148393,45.5404592],[-122.6148446,45.5390493],[-122.6148473,45.5385006],[-122.6148425,45.5383635],[-122.6148571,45.5378451],[-122.6148552,45.5377918],[-122.6148547,45.5365268],[-122.6148719,45.5351471],[-122.6148722,45.533905],[-122.614868,45.5337831],[-122.6138586,45.5337713],[-122.6128387,45.5337672],[-122.6125782,45.5337644],[-122.6118293,45.5337553],[-122.6111782,45.5337521],[-122.6109939,45.5337554],[-122.6108091,45.5337436],[-122.6098978,45.5337451],[-122.608726,45.5337438],[-122.6077711,45.5337385],[-122.6074781,45.5337363],[-122.6067512,45.5337344],[-122.6057423,45.5337377],[-122.6052105,45.5337322],[-122.6048633,45.533731],[-122.6048695,45.5332813],[-122.6048823,45.5323971],[-122.604889,45.532275],[-122.6048863,45.5321989],[-122.604944,45.5319844],[-122.6049533,45.5319385],[-122.6049759,45.5310237],[-122.6049784,45.5304673],[-122.6049871,45.5304062],[-122.6050059,45.530322],[-122.6050252,45.5302531],[-122.6050321,45.5301387],[-122.6050285,45.5300321],[-122.6050372,45.5284011],[-122.6049106,45.5281901],[-122.6048183,45.5280318],[-122.6046798,45.5277905],[-122.6046756,45.5276686],[-122.6046868,45.5273636],[-122.6046818,45.5272189],[-122.6046898,45.52651],[-122.605308,45.5265063],[-122.6053111,45.5256528],[-122.6053198,45.5255916],[-122.6053311,45.5249742],[-122.6053291,45.5242884],[-122.6062836,45.5242861],[-122.6073359,45.5242896],[-122.607435,45.5243335],[-122.6075342,45.5243774],[-122.6087711,45.5243851],[-122.6101486,45.5243826],[-122.6110166,45.5243895],[-122.611244,45.5243777],[-122.6119275,45.5243803],[-122.6119306,45.5250966],[-122.612625,45.525099],[-122.6126112,45.5250154],[-122.6126107,45.5246878],[-122.6133484,45.5246894],[-122.61336,45.5243996],[-122.6149224,45.5244089],[-122.6149132,45.5238299],[-122.6148997,45.5237539],[-122.6149203,45.5230982],[-122.6149166,45.5229916],[-122.6150478,45.5230196],[-122.61519,45.5230551],[-122.6153103,45.5230834],[-122.6153981,45.5231122],[-122.615594,45.5231315],[-122.6160824,45.5231377],[-122.616071,45.5228102],[-122.6160533,45.5219875],[-122.6171053,45.5219833],[-122.6172142,45.5219965]]]}},{"type":"Feature","properties":{"boundary_id":"b-high-7","school_name":"McDaniel High School","review_status":"unverified","school_candidates":["McDaniel High School"],"name_status":"pdf-label-match","source_label":"McDaniel High School Spanish Immersion, Vietnamese Immersion"},"geometry":{"type":"Polygon","coordinates":[[[-122.5629754,45.5423862],[-122.5622592,45.5423838],[-122.562042,45.5423801],[-122.5615104,45.542382],[-122.5598931,45.5423653],[-122.5598172,45.5423667],[-122.5595133,45.5423645],[-122.5595686,45.542074],[-122.5596123,45.5417608],[-122.5596523,45.541341],[-122.5596619,45.5413027],[-122.5596802,45.5408833],[-122.5597118,45.5405323],[-122.5597211,45.5404864],[-122.5598133,45.5393646],[-122.5598216,45.5392883],[-122.5598456,45.5390364],[-122.5598699,45.5387921],[-122.5599547,45.5380896],[-122.5600104,45.5378143],[-122.5600577,45.5376077],[-122.5601835,45.5371559],[-122.5603544,45.5367566],[-122.5605282,45.5364411],[-122.5607652,45.5360711],[-122.5611073,45.5356001],[-122.5615358,45.53512],[-122.5618926,45.5347631],[-122.5623364,45.5344122],[-122.5626225,45.534209],[-122.5629508,45.5339745],[-122.5633006,45.533732],[-122.563502,45.5335912],[-122.5635973,45.5335209],[-122.5637168,45.5335264],[-122.5640529,45.5335203],[-122.5642698,45.5335164],[-122.5645411,45.5335191],[-122.5649314,45.5335121],[-122.5670787,45.5334887],[-122.5675885,45.5334871],[-122.5680222,45.5334793],[-122.5684128,45.5334798],[-122.5684172,45.5332893],[-122.5684146,45.5332131],[-122.5684326,45.532146],[-122.5684404,45.5320544],[-122.5684468,45.5319248],[-122.5684509,45.5317266],[-122.5684494,45.5316809],[-122.5684336,45.5315364],[-122.5684424,45.5314753],[-122.5684444,45.5312162],[-122.5684673,45.5299737],[-122.5684859,45.529882],[-122.5684921,45.5287846],[-122.5684936,45.5285103],[-122.5685126,45.5277937],[-122.568516,45.5275726],[-122.5685211,45.5270849],[-122.5685268,45.5266123],[-122.5685293,45.5263684],[-122.5685257,45.5262618],[-122.5685437,45.5248747],[-122.5685795,45.5227329],[-122.5685988,45.522664],[-122.5685854,45.522588],[-122.5682491,45.5225865],[-122.5673596,45.5225873],[-122.5673754,45.5220917],[-122.5673774,45.5218326],[-122.5673792,45.5215659],[-122.5673862,45.5214514],[-122.5673942,45.5207274],[-122.5674019,45.5206358],[-122.5674006,45.5202777],[-122.5677914,45.5202859],[-122.5678006,45.52024],[-122.5679738,45.5202293],[-122.5679919,45.5201223],[-122.5681762,45.5201189],[-122.5686211,45.5201261],[-122.5686258,45.5199432],[-122.5686227,45.5198518],[-122.5686203,45.5197833],[-122.5686149,45.5196233],[-122.5686304,45.5194402],[-122.5686489,45.5193484],[-122.5686427,45.5191657],[-122.5686402,45.5190895],[-122.5686494,45.5184035],[-122.5661547,45.5184029],[-122.566003,45.5184056],[-122.5654174,45.5184086],[-122.5650813,45.5184146],[-122.5649513,45.518417],[-122.5646369,45.5184226],[-122.5645394,45.5184244],[-122.5644307,45.5184187],[-122.5644281,45.5183426],[-122.5644214,45.5171845],[-122.5644013,45.5143503],[-122.5643967,45.5142132],[-122.5644013,45.5140303],[-122.5640976,45.5140281],[-122.5636527,45.5140209],[-122.5636664,45.5134644],[-122.5637366,45.5110553],[-122.5637229,45.5109717],[-122.5637444,45.5100036],[-122.5637754,45.5080372],[-122.5637803,45.5075418],[-122.5642793,45.507548],[-122.5650062,45.5075578],[-122.5650929,45.5075562],[-122.5655161,45.5075638],[-122.565592,45.5075624],[-122.5672626,45.5075779],[-122.567268,45.5070978],[-122.5672646,45.5057187],[-122.5672764,45.5044688],[-122.5663108,45.5044558],[-122.5658773,45.5044636],[-122.5653995,45.5044418],[-122.5650196,45.5044334],[-122.5637396,45.5044184],[-122.563175,45.5043981],[-122.5626654,45.5043997],[-122.5623839,45.5044124],[-122.5603656,45.5043726],[-122.5594976,45.5043578],[-122.5574251,45.5043189],[-122.5563073,45.5042933],[-122.5553854,45.504287],[-122.554561,45.504279],[-122.553726,45.5042787],[-122.5533025,45.5042635],[-122.552923,45.5042627],[-122.5529553,45.5026467],[-122.5529532,45.5025858],[-122.5529564,45.5020372],[-122.5530431,45.5020356],[-122.5530645,45.4997722],[-122.5530609,45.4996656],[-122.5581465,45.4996731],[-122.558204,45.4975233],[-122.55821,45.4970584],[-122.5590457,45.4970814],[-122.5590999,45.4970805],[-122.563482,45.4971309],[-122.5638076,45.4971403],[-122.5638047,45.4970565],[-122.5638151,45.496401],[-122.5644446,45.4964201],[-122.5647023,45.4953868],[-122.5647795,45.4944634],[-122.5648896,45.4935546],[-122.5644885,45.4935542],[-122.5639573,45.4935562],[-122.5633608,45.4935518],[-122.5627532,45.4935399],[-122.5606045,45.4934796],[-122.5606228,45.4933803],[-122.5607462,45.4931799],[-122.5607872,45.4931106],[-122.5608063,45.4930341],[-122.5608197,45.4921499],[-122.5608237,45.4916241],[-122.5607478,45.4916254],[-122.55976,45.4915899],[-122.5582844,45.4915556],[-122.5583124,45.4898178],[-122.5596688,45.4898543],[-122.560873,45.4898783],[-122.5621969,45.4899153],[-122.5634228,45.4899389],[-122.565137,45.4899764],[-122.5656795,45.4899895],[-122.5660593,45.4899978],[-122.5666023,45.4900261],[-122.568576,45.4900437],[-122.5695197,45.490057],[-122.5704528,45.4900782],[-122.5713967,45.4900992],[-122.5722106,45.4901225],[-122.5723083,45.4901284],[-122.5732636,45.4901644],[-122.5738711,45.4901762],[-122.574045,45.4901883],[-122.574926,45.4902713],[-122.5757714,45.4902635],[-122.5767687,45.4902606],[-122.5767608,45.4909847],[-122.5767946,45.4910222],[-122.5767795,45.491533],[-122.5774515,45.4915284],[-122.5786119,45.4915377],[-122.5787602,45.491436],[-122.5787506,45.4921067],[-122.5787409,45.4927775],[-122.5787318,45.4934634],[-122.5787335,45.4941492],[-122.5787243,45.4948352],[-122.5787152,45.4955211],[-122.5787061,45.4962071],[-122.5786861,45.4968933],[-122.5786612,45.4974348],[-122.5786589,45.4976863],[-122.5786671,45.4985624],[-122.5786644,45.4991187],[-122.578667,45.4991949],[-122.5786532,45.5000638],[-122.5786481,45.5002316],[-122.5786391,45.5002851],[-122.5786257,45.5005291],[-122.5786442,45.5013899],[-122.5786461,45.5014432],[-122.5786394,45.5018853],[-122.5786488,45.5021594],[-122.5786237,45.5030133],[-122.5786163,45.5034326],[-122.5786165,45.5043927],[-122.5786248,45.5046364],[-122.5786166,45.5047127],[-122.578621,45.5048422],[-122.5786236,45.5049183],[-122.5786004,45.5083706],[-122.5786054,45.5091554],[-122.5785948,45.5101157],[-122.5785981,45.5108472],[-122.578593,45.5113349],[-122.5786,45.5115406],[-122.5786153,45.5119899],[-122.5786239,45.5122412],[-122.5786379,45.5126524],[-122.5786455,45.5128732],[-122.5786681,45.5135358],[-122.5787013,45.5141905],[-122.578745,45.5148374],[-122.5787785,45.5154997],[-122.5788129,45.5161925],[-122.578849,45.516931],[-122.5788961,45.5176769],[-122.5789321,45.5184154],[-122.5789465,45.5191543],[-122.5801941,45.5191621],[-122.5804112,45.5191658],[-122.5813767,45.5191711],[-122.5823422,45.5191764],[-122.5831449,45.519177],[-122.5834275,45.5191947],[-122.584664,45.5191951],[-122.5851523,45.5192014],[-122.5857707,45.5192054],[-122.586552,45.519214],[-122.5870836,45.5192196],[-122.5876584,45.5192167],[-122.5885589,45.5192232],[-122.5884742,45.5192857],[-122.5884634,45.5199183],[-122.5884761,45.5199714],[-122.5884996,45.5200244],[-122.5885342,45.5200847],[-122.5885577,45.5201376],[-122.5885489,45.5201987],[-122.5884968,45.5202606],[-122.5883678,45.5202935],[-122.5881074,45.5202906],[-122.5879799,45.5203691],[-122.588047,45.5204289],[-122.5881572,45.5204802],[-122.588444,45.5206197],[-122.5888522,45.520818],[-122.5897895,45.5212658],[-122.5907924,45.5217275],[-122.5912867,45.521909],[-122.5918038,45.5221206],[-122.5918638,45.5222871],[-122.5918277,45.5231336],[-122.5920773,45.5231367],[-122.5926423,45.5231644],[-122.5931304,45.5231632],[-122.5936288,45.5231464],[-122.5950063,45.5231441],[-122.5960148,45.5231333],[-122.5964703,45.5231325],[-122.5970343,45.5231298],[-122.5974547,45.5230536],[-122.5982847,45.5229012],[-122.598447,45.5228906],[-122.5994991,45.5228866],[-122.6008874,45.522884],[-122.6022218,45.52289],[-122.6021925,45.5242393],[-122.6021878,45.5250471],[-122.6021699,45.5257866],[-122.6021621,45.5265031],[-122.6021442,45.5272426],[-122.6021477,45.5279741],[-122.6021384,45.5283324],[-122.6021256,45.5285917],[-122.6021206,45.5287595],[-122.6021039,45.5289046],[-122.6030525,45.5284147],[-122.6037041,45.5281208],[-122.6041967,45.5279365],[-122.6046798,45.5277905],[-122.6048183,45.5280318],[-122.6049106,45.5281901],[-122.6050372,45.5284011],[-122.6050285,45.5300321],[-122.6050321,45.5301387],[-122.6050252,45.5302531],[-122.6050059,45.530322],[-122.6049871,45.5304062],[-122.6049784,45.5304673],[-122.6049759,45.5310237],[-122.6049533,45.5319385],[-122.604944,45.5319844],[-122.6048863,45.5321989],[-122.604889,45.532275],[-122.6048823,45.5323971],[-122.6048695,45.5332813],[-122.6048633,45.533731],[-122.6052105,45.5337322],[-122.6057423,45.5337377],[-122.6067512,45.5337344],[-122.6074781,45.5337363],[-122.6077711,45.5337385],[-122.608726,45.5337438],[-122.6098978,45.5337451],[-122.6108091,45.5337436],[-122.6109939,45.5337554],[-122.6111782,45.5337521],[-122.6118293,45.5337553],[-122.6125782,45.5337644],[-122.6128387,45.5337672],[-122.6138586,45.5337713],[-122.614868,45.5337831],[-122.6148722,45.533905],[-122.6148719,45.5351471],[-122.6148547,45.5365268],[-122.6148552,45.5377918],[-122.6148571,45.5378451],[-122.6148425,45.5383635],[-122.6148473,45.5385006],[-122.6148446,45.5390493],[-122.6148393,45.5404592],[-122.6148438,45.5405887],[-122.6148425,45.5408631],[-122.6148438,45.5412136],[-122.6148324,45.541511],[-122.6148356,45.5416024],[-122.6139133,45.5416041],[-122.6138155,45.5415983],[-122.6135677,45.5416486],[-122.6134923,45.5416652],[-122.6133537,45.5417363],[-122.6132564,45.5417458],[-122.6131479,45.5417478],[-122.6129202,45.5417519],[-122.6127459,45.5417323],[-122.6125386,45.541698],[-122.612419,45.5416926],[-122.6122556,45.5416727],[-122.6119488,45.5415869],[-122.6118287,45.5415663],[-122.611536,45.5415717],[-122.6113744,45.5416051],[-122.6112352,45.541661],[-122.6111284,45.5417087],[-122.6110435,45.5417636],[-122.6108213,45.5419277],[-122.6108036,45.5417299],[-122.6107788,45.5416389],[-122.6107666,45.5416011],[-122.6107322,45.5415484],[-122.6107092,45.5415107],[-122.6106307,45.5414359],[-122.610509,45.5413696],[-122.6103778,45.5413415],[-122.6102689,45.5413283],[-122.6097045,45.5413234],[-122.6091076,45.5413191],[-122.6075014,45.5413105],[-122.6075133,45.5410284],[-122.6054368,45.5418514],[-122.6044201,45.5422587],[-122.6044338,45.5423422],[-122.6044581,45.542418],[-122.604438,45.5437214],[-122.6044197,45.5453906],[-122.6044078,45.5469301],[-122.6043967,45.5481801],[-122.6043885,45.5482564],[-122.605409,45.5482682],[-122.6064292,45.5482724],[-122.6074385,45.5482767],[-122.6084587,45.5482808],[-122.6094681,45.5482852],[-122.6095363,45.5483754],[-122.6095188,45.5484976],[-122.6095505,45.5494115],[-122.609505,45.551546],[-122.6095121,45.5517516],[-122.6095161,45.5518659],[-122.609679,45.5518705],[-122.6120886,45.5518796],[-122.6131197,45.5518835],[-122.6147806,45.5518987],[-122.6147875,45.5524091],[-122.6147835,45.5526073],[-122.61477,45.5528438],[-122.6147581,45.5537508],[-122.6147459,45.5546503],[-122.6147308,45.5554659],[-122.614712,45.5555501],[-122.614693,45.5556267],[-122.6146755,45.5566862],[-122.6146755,45.5569987],[-122.6146755,45.5573111],[-122.614654,45.5582564],[-122.61465,45.5584546],[-122.6146397,45.559095],[-122.6146643,45.5591783],[-122.6147003,45.5592767],[-122.6146828,45.5600239],[-122.6146862,45.5604353],[-122.6140457,45.5604318],[-122.6139972,45.5627874],[-122.6148875,45.5627939],[-122.616744,45.5628055],[-122.6202395,45.5628173],[-122.6212379,45.5628142],[-122.622247,45.5628032],[-122.6232669,45.562792],[-122.6242762,45.5627886],[-122.6253287,45.5627768],[-122.6257411,45.5627768],[-122.6264137,45.5627643],[-122.627423,45.5627609],[-122.6274195,45.5639041],[-122.6264099,45.5638999],[-122.6253463,45.5639043],[-122.6242827,45.5639087],[-122.6242817,45.5645031],[-122.6243635,45.5646693],[-122.6243466,45.5651192],[-122.624458,45.565201],[-122.6244569,45.5664127],[-122.6241965,45.5664175],[-122.6241933,45.5681931],[-122.6243156,45.5682747],[-122.6243232,45.5700501],[-122.6245836,45.5700453],[-122.6245861,45.5713636],[-122.6242784,45.5715675],[-122.6241406,45.5716615],[-122.6241357,45.5724541],[-122.6241494,45.5725377],[-122.6241645,45.5726593],[-122.6241839,45.5750823],[-122.6232776,45.5752438],[-122.6220474,45.575457],[-122.6220522,45.5762189],[-122.6220579,45.5776286],[-122.6219936,45.5776527],[-122.6202262,45.578653],[-122.6202168,45.5808784],[-122.6202172,45.583073],[-122.6202249,45.5867231],[-122.6202261,45.5892531],[-122.6193646,45.589147],[-122.6187921,45.5886088],[-122.6182847,45.5883819],[-122.6173681,45.588254],[-122.6166198,45.5882829],[-122.6151668,45.5886525],[-122.6150474,45.5886547],[-122.6150739,45.5862919],[-122.6150625,45.5853395],[-122.6150488,45.585256],[-122.6150472,45.5852103],[-122.6150639,45.5813159],[-122.6150674,45.5798528],[-122.6146985,45.5798595],[-122.6139927,45.5798572],[-122.6135052,45.5802015],[-122.6127208,45.5807493],[-122.6119081,45.5801698],[-122.6114521,45.5798581],[-122.605752,45.5798557],[-122.604775,45.5798583],[-122.6028914,45.5790773],[-122.6023188,45.5788439],[-122.5994252,45.5780508],[-122.5988936,45.5780605],[-122.5980473,45.5780759],[-122.5962227,45.5786883],[-122.5965269,45.5790104],[-122.5974283,45.5799617],[-122.5970048,45.5799618],[-122.5959513,45.5799505],[-122.5957018,45.5799551],[-122.5957068,45.5791548],[-122.5957127,45.5771202],[-122.5942366,45.5771318],[-122.5926952,45.5771369],[-122.5913167,45.5771467],[-122.5894064,45.5771585],[-122.5887985,45.5771619],[-122.5884404,45.5771684],[-122.5864864,45.5771733],[-122.5863996,45.5771749],[-122.583381,45.5771609],[-122.5779627,45.5771368],[-122.5777354,45.5771562],[-122.5776484,45.5771501],[-122.5772792,45.5771492],[-122.5750857,45.5771354],[-122.5750908,45.5753751],[-122.5751001,45.5734166],[-122.5744052,45.5734139],[-122.573678,45.5734194],[-122.5653907,45.573294],[-122.5654072,45.569941],[-122.5654005,45.569743],[-122.5667473,45.5697646],[-122.5667648,45.5696424],[-122.5670381,45.5687383],[-122.5670665,45.5686159],[-122.5670753,45.5685548],[-122.5671058,45.5684933],[-122.5672042,45.5685144],[-122.5673235,45.5685122],[-122.567714,45.5685052],[-122.5679315,45.5685165],[-122.5679258,45.567709],[-122.5679343,45.5670002],[-122.5679547,45.5666417],[-122.5679345,45.5663677],[-122.5679469,45.5654531],[-122.5679749,45.5630829],[-122.567971,45.5629687],[-122.5679754,45.5627781],[-122.5679739,45.5627324],[-122.5701224,45.5627166],[-122.5710452,45.5627229],[-122.5725318,45.5627114],[-122.5731179,45.5627084],[-122.5762763,45.5627048],[-122.5767213,45.5627044],[-122.5769165,45.5627009],[-122.5774589,45.5626911],[-122.5782074,45.5626775],[-122.5782836,45.5626838],[-122.5782892,45.5625313],[-122.578308,45.5611746],[-122.5783187,45.5602143],[-122.5783403,45.5598939],[-122.5783489,45.5591927],[-122.5783614,45.5586057],[-122.5783781,45.5581406],[-122.578383,45.5579653],[-122.5783947,45.5573555],[-122.5784047,45.5566924],[-122.5784271,45.5554423],[-122.5784583,45.5538111],[-122.5784875,45.552759],[-122.5784846,45.5526752],[-122.5784877,45.5524466],[-122.5775886,45.5528133],[-122.575801,45.5535391],[-122.5757968,45.5534172],[-122.5758099,45.5528455],[-122.5758483,45.5511075],[-122.5767384,45.5511142],[-122.5771183,45.551115],[-122.5778129,45.5511177],[-122.5783771,45.5511151],[-122.5784964,45.5511129],[-122.5785258,45.551021],[-122.5785286,45.5507847],[-122.5785306,45.5502055],[-122.5785339,45.5499845],[-122.5699168,45.5499648],[-122.5697973,45.5499594],[-122.5696238,45.5499625],[-122.5694066,45.5499588],[-122.5693797,45.5523595],[-122.5693732,45.5528092],[-122.5691672,45.5528129],[-122.5680637,45.5525965],[-122.5680911,45.5521236],[-122.5678055,45.5520221],[-122.5657466,45.5511524],[-122.5656916,45.5511305],[-122.5655922,45.551079],[-122.5655369,45.5510495],[-122.5654706,45.5510126],[-122.5653154,45.5509163],[-122.5651816,45.550812],[-122.5650812,45.55073],[-122.5635644,45.5495229],[-122.5630312,45.5491591],[-122.5629297,45.5490466],[-122.5628716,45.5489334],[-122.5628342,45.5487893],[-122.5628414,45.5486825],[-122.5628913,45.548552],[-122.5629532,45.5484595],[-122.5630689,45.5483507],[-122.5631965,45.5482722],[-122.5633465,45.5482162],[-122.5634864,45.5481832],[-122.5636052,45.5481658],[-122.5637137,45.5481639],[-122.5638441,45.5481692],[-122.5639861,45.5481971],[-122.564117,45.5482176],[-122.5642257,45.5482233],[-122.5643344,45.5482289],[-122.5645072,45.548203],[-122.5646254,45.5481704],[-122.5647,45.5481309],[-122.5670983,45.5481335],[-122.5672393,45.548131],[-122.5672814,45.5480921],[-122.5673126,45.5480534],[-122.5673439,45.5480148],[-122.5674474,45.5478681],[-122.5675179,45.5477069],[-122.5675566,45.547569],[-122.5675946,45.5474083],[-122.5676325,45.5472476],[-122.56787,45.5468928],[-122.567994,45.5467077],[-122.5681486,45.5464687],[-122.568154,45.5463086],[-122.5682183,45.5462846],[-122.5682713,45.5462455],[-122.5683242,45.5462065],[-122.5683552,45.5461602],[-122.5683751,45.5461065],[-122.5683831,45.5460226],[-122.568296,45.5456965],[-122.568304,45.5456125],[-122.5682692,45.5455446],[-122.5682537,45.5454077],[-122.5683045,45.5449877],[-122.5683019,45.5449115],[-122.5682996,45.544843],[-122.5682748,45.544752],[-122.5682397,45.5446764],[-122.5681472,45.5445105],[-122.5680388,45.5445124],[-122.5668885,45.5445103],[-122.5659988,45.5445111],[-122.5630688,45.5445028],[-122.5629492,45.5444973],[-122.5629754,45.5423862],[-122.5631055,45.5423838],[-122.564668,45.5423862],[-122.564676,45.5423023],[-122.564697,45.5409989],[-122.5647037,45.5408769],[-122.5630002,45.540877],[-122.5629702,45.5422339],[-122.5629754,45.5423862]]]}}],"metadata":{"source_pdf":"b-high.pdf","georef_source":"b-high.pdf","sha256":"1b6af5b3927f2fb164f939515f14aafccdeb9e75d84fb53ec289515e192d03bc","pdf_viewport":[39.131,432.0,2551.75,3420.0],"control_points":[45.6476,-122.823,45.4199,-122.82,45.4218,-122.548,45.6494,-122.55],"status":"provisional","notes":"Names matched using PDF school labels inside vector polygons. Unresolved and ambiguous matches remain explicit. Geometry is approximate; inset coverage and topology require review."}}