{"type":"FeatureCollection","features":[{"type":"Feature","properties":{"boundary_id":"b-middle-1","school_name":null,"review_status":"unverified"},"geometry":{"type":"Polygon","coordinates":[[[-122.7029411,45.5736943],[-122.7031071,45.5737826],[-122.7031182,45.57379],[-122.7034283,45.5739593],[-122.7034614,45.573974],[-122.7039242,45.5741633],[-122.7039571,45.5741703],[-122.7042096,45.5742493],[-122.7042207,45.5742567],[-122.7055378,45.5746507],[-122.7055489,45.5746581],[-122.7065572,45.5749208],[-122.7074334,45.5751326],[-122.7074411,45.5771446],[-122.7074314,45.5789741],[-122.7074225,45.5808263],[-122.7074093,45.5840582],[-122.7074109,45.5841039],[-122.7074231,45.5841418],[-122.7074573,45.5841869],[-122.7075018,45.5842165],[-122.7075464,45.5842462],[-122.7076014,45.584268],[-122.7076671,45.584282],[-122.7077325,45.5842883],[-122.7100453,45.5842897],[-122.7100456,45.5842974],[-122.7111204,45.584292],[-122.7121737,45.5842947],[-122.7124233,45.5842899],[-122.7132705,45.5842965],[-122.7143347,45.5842989],[-122.7151501,45.584329],[-122.7152592,45.5843421],[-122.7153029,45.5843489],[-122.7154442,45.5843538],[-122.7154659,45.5843534],[-122.7192542,45.5843186],[-122.7202419,45.5843072],[-122.7202527,45.584307],[-122.7203504,45.5843051],[-122.7203612,45.5843049],[-122.7206539,45.5842917],[-122.7207079,45.584283],[-122.7207836,45.5842739],[-122.721066,45.5842761],[-122.72112,45.5842675],[-122.7211634,45.5842666],[-122.7211851,45.5842662],[-122.7211959,45.584266],[-122.7215918,45.5844032],[-122.7252788,45.5857574],[-122.724823,45.5863607],[-122.7248033,45.5864145],[-122.7247944,45.586468],[-122.7247866,45.586552],[-122.7247991,45.5865975],[-122.7248116,45.586643],[-122.7248456,45.5866804],[-122.7248904,45.5867177],[-122.7249349,45.5867473],[-122.72499,45.5867691],[-122.7250556,45.5867831],[-122.7251207,45.5867818],[-122.7260976,45.5867706],[-122.7261627,45.5867693],[-122.7262273,45.5867528],[-122.7263775,45.5867042],[-122.7264638,45.5866873],[-122.7280811,45.5866713],[-122.7281568,45.5866622],[-122.7282214,45.5866457],[-122.7282748,45.5866218],[-122.7283279,45.5865903],[-122.7283699,45.5865514],[-122.729633,45.5848653],[-122.7317465,45.5856476],[-122.7317793,45.5856546],[-122.7319986,45.5857114],[-122.7320094,45.5857112],[-122.7324913,45.5858238],[-122.7335105,45.5860784],[-122.7335213,45.5860782],[-122.7340467,45.58619],[-122.7346827,45.5863606],[-122.7355263,45.5865653],[-122.7355811,45.5865795],[-122.7356463,45.5865782],[-122.7357111,45.5865693],[-122.7357756,45.5865529],[-122.735829,45.586529],[-122.7358822,45.5864974],[-122.7387806,45.5841088],[-122.7400449,45.5830552],[-122.7408771,45.5823606],[-122.7410463,45.5822354],[-122.7416808,45.5817733],[-122.7416913,45.5817655],[-122.7417333,45.5817266],[-122.7417439,45.5817188],[-122.7419545,45.5815393],[-122.7456186,45.5784343],[-122.7466616,45.5775679],[-122.7469672,45.577318],[-122.7555306,45.5810534],[-122.7555323,45.5810991],[-122.7555448,45.5811446],[-122.7555682,45.5811899],[-122.7556022,45.5812273],[-122.7556467,45.5812569],[-122.7557021,45.5812863],[-122.756649,45.5816413],[-122.7568145,45.5817143],[-122.7639045,45.5855085],[-122.766958,45.587903],[-122.7669271,45.5879494],[-122.766918,45.5879953],[-122.7669088,45.5880412],[-122.7669213,45.5880867],[-122.7669448,45.588132],[-122.766979,45.588177],[-122.771366,45.5919631],[-122.7766673,45.5981169],[-122.7779509,45.5996238],[-122.7819578,45.6056964],[-122.7798541,45.6063706],[-122.7753421,45.6062614],[-122.7753204,45.6062618],[-122.7706933,45.606269],[-122.7678795,45.6062556],[-122.7678035,45.6062571],[-122.7677284,45.6062815],[-122.7665392,45.606724],[-122.7665057,45.6067018],[-122.7664506,45.60668],[-122.7663955,45.6066583],[-122.7663409,45.6066517],[-122.7662867,45.6066528],[-122.7662215,45.606654],[-122.7656925,45.6067406],[-122.7653352,45.6067705],[-122.7649987,45.6067771],[-122.7647165,45.6067826],[-122.7644225,45.6067655],[-122.764172,45.6067476],[-122.7638338,45.6067085],[-122.7635279,45.6066611],[-122.7632543,45.6066055],[-122.7628487,45.6065067],[-122.7623321,45.6063415],[-122.7607005,45.605695],[-122.7606894,45.6056876],[-122.760414,45.6055863],[-122.7603812,45.6055793],[-122.760173,45.60553],[-122.7599859,45.6054651],[-122.7599314,45.6054585],[-122.7595812,45.6053892],[-122.7595486,45.6053898],[-122.7591234,45.6053448],[-122.7591125,45.605345],[-122.7585675,45.6052946],[-122.7585021,45.6052883],[-122.7578406,45.6053165],[-122.757808,45.6053171],[-122.7572133,45.6053897],[-122.7571807,45.6053904],[-122.7560584,45.6055876],[-122.7560261,45.6055958],[-122.7554667,45.605744],[-122.7548292,45.6058326],[-122.7547646,45.6058491],[-122.7547109,45.6058654],[-122.7546577,45.605897],[-122.7546263,45.6059281],[-122.7542505,45.6063394],[-122.7542193,45.6063781],[-122.754199,45.6064166],[-122.7541899,45.6064625],[-122.7542021,45.6065004],[-122.7542147,45.6065459],[-122.7544119,45.6068851],[-122.7549108,45.6077443],[-122.754911,45.6077519],[-122.7554893,45.6087011],[-122.7554153,45.6087559],[-122.7554044,45.6087561],[-122.7534442,45.6100901],[-122.7526059,45.6097482],[-122.7525839,45.609741],[-122.7517591,45.6094674],[-122.7517043,45.6094533],[-122.7515946,45.6094249],[-122.751562,45.6094255],[-122.7508197,45.6093257],[-122.7508088,45.6093259],[-122.7497177,45.6091947],[-122.7494213,45.609109],[-122.7493996,45.6091094],[-122.7490705,45.6090243],[-122.7487059,45.6088561],[-122.7486727,45.6088415],[-122.7478701,45.6082854],[-122.7474244,45.6079816],[-122.747413,45.6079666],[-122.7473576,45.6079372],[-122.7473356,45.60793],[-122.7468596,45.6076877],[-122.7467933,45.6076585],[-122.7467491,45.6076365],[-122.7462767,45.6074932],[-122.7462001,45.6074795],[-122.7455021,45.6074016],[-122.7454695,45.6074022],[-122.7450562,45.6073874],[-122.7442473,45.6072506],[-122.7439737,45.607195],[-122.7434914,45.6070747],[-122.7434148,45.607061],[-122.7425759,45.6069934],[-122.7425651,45.6069936],[-122.7417165,45.6069567],[-122.7412917,45.6069269],[-122.7410518,45.606901],[-122.7408008,45.6068678],[-122.740538,45.6068119],[-122.7402522,45.6067184],[-122.7399635,45.6065486],[-122.7397965,45.6064375],[-122.7393054,45.6060812],[-122.7388422,45.6055947],[-122.7388308,45.6055797],[-122.738089,45.6049005],[-122.7380778,45.604893],[-122.7380107,45.604841],[-122.7379993,45.604826],[-122.7372631,45.6042991],[-122.737252,45.6042916],[-122.7371295,45.6042102],[-122.7370741,45.6041808],[-122.7363894,45.6038739],[-122.7363234,45.6038523],[-122.7356986,45.6036967],[-122.7356878,45.6036969],[-122.7351512,45.6035777],[-122.7351183,45.6035707],[-122.7341787,45.6034212],[-122.7341459,45.6034142],[-122.7327841,45.6033034],[-122.7327624,45.6033038],[-122.732382,45.6032959],[-122.7308471,45.6032036],[-122.7302137,45.6031091],[-122.7296963,45.6029209],[-122.7293309,45.6027298],[-122.7293197,45.6027224],[-122.729143,45.602642],[-122.7280543,45.601977],[-122.7280211,45.6019624],[-122.727457,45.6016836],[-122.727435,45.6016764],[-122.7267064,45.6013551],[-122.7266513,45.6013333],[-122.7266076,45.6013265],[-122.726127,45.6012519],[-122.7256344,45.6011471],[-122.7255799,45.6011405],[-122.7245663,45.6010457],[-122.7245446,45.6010461],[-122.7232828,45.6009942],[-122.7231195,45.6009821],[-122.7222821,45.6009525],[-122.7217372,45.600902],[-122.7212134,45.6008359],[-122.7205778,45.6006804],[-122.7199305,45.6005023],[-122.7193141,45.6002779],[-122.7189393,45.600125],[-122.7184957,45.5998744],[-122.717507,45.5992684],[-122.7168286,45.5988317],[-122.7162916,45.5984],[-122.7162805,45.5983926],[-122.7158228,45.5980507],[-122.7158225,45.5980431],[-122.7153547,45.5977243],[-122.7147757,45.5973315],[-122.7147423,45.5973093],[-122.7136794,45.5967504],[-122.7130597,45.5964345],[-122.7130155,45.5964125],[-122.7122019,45.5961385],[-122.7121254,45.5961247],[-122.7113496,45.5959948],[-122.7100813,45.5957599],[-122.7094786,45.5956114],[-122.7094454,45.5955968],[-122.7094123,45.5955822],[-122.7089285,45.5954161],[-122.708279,45.595177],[-122.7082682,45.5951772],[-122.7071363,45.5948102],[-122.7067301,45.5946884],[-122.706697,45.5946738],[-122.7059423,45.5945281],[-122.7059095,45.5945211],[-122.7058221,45.5945076],[-122.7057896,45.5945082],[-122.7047998,45.5944661],[-122.7047781,45.5944665],[-122.7045176,45.5944715],[-122.7045068,45.5944717],[-122.7037365,45.5944941],[-122.703552,45.5944976],[-122.7034866,45.5944912],[-122.7028984,45.5944415],[-122.7023316,45.5943837],[-122.7017306,45.5942808],[-122.700993,45.5940053],[-122.700949,45.5939909],[-122.7000829,45.5937635],[-122.7000721,45.5937637],[-122.6995573,45.5936439],[-122.6986467,45.5933869],[-122.6977658,45.5930531],[-122.697755,45.5930533],[-122.6958078,45.5923587],[-122.695223,45.5921031],[-122.6952008,45.5920882],[-122.6943648,45.5917917],[-122.6943428,45.5917845],[-122.6933114,45.5914916],[-122.6919591,45.5910295],[-122.6905726,45.5905223],[-122.6892971,45.5900816],[-122.6892642,45.5900746],[-122.6886831,45.589918],[-122.6886611,45.5899108],[-122.6867782,45.5894892],[-122.6855188,45.589193],[-122.6849688,45.5889976],[-122.6842726,45.5886602],[-122.6842395,45.5886456],[-122.6833377,45.5883273],[-122.6832937,45.5883129],[-122.6824839,45.5881377],[-122.6824074,45.5881239],[-122.6810696,45.5880654],[-122.6790172,45.5835085],[-122.6788171,45.5824681],[-122.6787169,45.581182],[-122.6787576,45.577462],[-122.6796361,45.5774378],[-122.6799836,45.5774388],[-122.6799944,45.5774386],[-122.6819029,45.577372],[-122.6830103,45.5773739],[-122.6845301,45.577368],[-122.6850403,45.5773659],[-122.6855942,45.5773706],[-122.6860504,45.5773772],[-122.6866691,45.5773731],[-122.6872124,45.5773857],[-122.6872341,45.5773852],[-122.6877766,45.5773749],[-122.6882979,45.5773803],[-122.6886343,45.5773739],[-122.6888407,45.5773776],[-122.6888515,45.5773774],[-122.6891553,45.5773716],[-122.6893726,45.5773751],[-122.6893834,45.5773749],[-122.6896655,45.5773695],[-122.6899045,45.5773726],[-122.6899153,45.5773724],[-122.6901868,45.5773749],[-122.6922276,45.5773665],[-122.6946599,45.5773736],[-122.6962992,45.5773728],[-122.6976999,45.5773766],[-122.6977108,45.5773764],[-122.6979823,45.5773788],[-122.6991223,45.57738],[-122.7019671,45.5773866],[-122.7025641,45.5773828],[-122.7026401,45.5773814],[-122.7026937,45.5773651],[-122.702758,45.577341],[-122.7028112,45.5773095],[-122.7028423,45.5772708],[-122.7028735,45.5772321],[-122.7029236,45.5771168],[-122.7029442,45.5770859],[-122.7029428,45.5770478],[-122.7029429,45.574647],[-122.7029411,45.5736943]]]}},{"type":"Feature","properties":{"boundary_id":"b-middle-2","school_name":null,"review_status":"unverified"},"geometry":{"type":"Polygon","coordinates":[[[-122.7067573,45.4607933],[-122.7072033,45.4605408],[-122.7072139,45.4605329],[-122.707543,45.4603436],[-122.707547,45.4607551],[-122.7075295,45.4608698],[-122.7075303,45.4608927],[-122.7075333,45.4609764],[-122.7075336,45.4609841],[-122.70756,45.4617153],[-122.7075725,45.4617608],[-122.7075847,45.4617986],[-122.7076186,45.4618361],[-122.7076525,45.4618735],[-122.7077074,45.4618953],[-122.7077624,45.4619171],[-122.7078171,45.4619313],[-122.7078824,45.4619377],[-122.7127938,45.4620024],[-122.7128047,45.4620022],[-122.712913,45.4620001],[-122.7129779,45.4619988],[-122.7130315,45.4619825],[-122.7133459,45.461984],[-122.7148642,45.4620155],[-122.714875,45.4620152],[-122.7155692,45.4620322],[-122.71558,45.462032],[-122.7192109,45.4620451],[-122.7194824,45.4620627],[-122.7195041,45.4620623],[-122.7229514,45.4620941],[-122.7229406,45.4623916],[-122.7229408,45.4623992],[-122.7229594,45.4629095],[-122.7229505,45.4641521],[-122.7229627,45.4644873],[-122.7229487,45.4652955],[-122.7229446,45.4654785],[-122.722957,45.465524],[-122.7229693,45.4655619],[-122.7230034,45.465607],[-122.723037,45.4656368],[-122.7230923,45.4656662],[-122.7231473,45.465688],[-122.7232128,45.465702],[-122.7232672,45.4657085],[-122.7233319,45.4656997],[-122.7233966,45.4656908],[-122.7235146,45.465658],[-122.7236549,45.46564],[-122.7256165,45.4656398],[-122.7256703,45.4656311],[-122.7257242,45.4656224],[-122.7258103,45.4656055],[-122.7258856,45.4655888],[-122.7259714,45.4655642],[-122.7260674,45.4655242],[-122.7261421,45.4654923],[-122.7262585,45.4654138],[-122.7262793,45.4653905],[-122.7267633,45.4649923],[-122.7267947,45.4649612],[-122.7268569,45.4648838],[-122.7268777,45.4648605],[-122.7269188,45.4647987],[-122.7269394,45.4647678],[-122.7269588,45.4647065],[-122.7269788,45.4646603],[-122.7269772,45.4646146],[-122.7269758,45.4645766],[-122.7269722,45.4644775],[-122.7269602,45.4644473],[-122.7269358,45.4643715],[-122.7269244,45.4643565],[-122.7269002,45.4642884],[-122.7268775,45.4642583],[-122.72674,45.4640552],[-122.7266126,45.463829],[-122.726589,45.4637761],[-122.7265767,45.4637383],[-122.7265762,45.463723],[-122.7266387,45.4636532],[-122.7266492,45.4636454],[-122.7267022,45.4636139],[-122.7267664,45.4635897],[-122.7268097,45.4635889],[-122.7268425,45.4635959],[-122.7269191,45.4636172],[-122.7280823,45.4640137],[-122.728357,45.4641151],[-122.7285772,45.4642098],[-122.7287443,45.4643361],[-122.7291134,45.4646491],[-122.7291578,45.4646787],[-122.7292797,45.4647525],[-122.7293131,45.4647747],[-122.7293569,45.4647891],[-122.7296638,45.4648822],[-122.7297074,45.464889],[-122.7298818,45.464916],[-122.7299687,45.464922],[-122.7301311,45.4649188],[-122.7301853,45.4649177],[-122.7303038,45.4649002],[-122.7303574,45.4648839],[-122.7311299,45.4646705],[-122.7311408,45.4646703],[-122.7312907,45.4646217],[-122.7314521,45.464588],[-122.7315168,45.4645791],[-122.7316575,45.4645764],[-122.7317009,45.4645755],[-122.7318864,45.46461],[-122.7333298,45.4649628],[-122.7343137,45.465195],[-122.7351554,45.465392],[-122.735199,45.4653987],[-122.7353623,45.4654184],[-122.7353842,45.4654256],[-122.7354819,45.4654313],[-122.7355469,45.46543],[-122.7356877,45.4654272],[-122.7357308,45.4654188],[-122.7358388,45.465409],[-122.7358602,45.465401],[-122.736237,45.4653326],[-122.7362475,45.4653248],[-122.7369892,45.4651578],[-122.7370867,45.4651558],[-122.7371841,45.4651539],[-122.7372822,45.4651672],[-122.7395018,45.4654056],[-122.740111,45.4654699],[-122.7411885,45.4655935],[-122.7429297,45.4657879],[-122.743452,45.4658462],[-122.7434489,45.4675309],[-122.7434582,45.4692611],[-122.7434585,45.4692687],[-122.7434655,45.4694591],[-122.7434498,45.4710983],[-122.7434602,45.4725616],[-122.7434521,45.4732249],[-122.7434523,45.4732326],[-122.743479,45.4742535],[-122.7434391,45.474643],[-122.7434411,45.4746963],[-122.7434533,45.4747342],[-122.7434343,45.4753977],[-122.7434346,45.4754054],[-122.743426,45.4754665],[-122.7434385,45.475512],[-122.743451,45.4755575],[-122.7434849,45.4755949],[-122.7435296,45.4756322],[-122.7435849,45.4756616],[-122.7436399,45.4756834],[-122.7436416,45.4757291],[-122.7435774,45.4757532],[-122.7435241,45.4757771],[-122.7434714,45.4758163],[-122.7434403,45.475855],[-122.7434203,45.4759011],[-122.7434111,45.475947],[-122.7434077,45.4764426],[-122.7434093,45.4764883],[-122.7434327,45.4765335],[-122.7434666,45.476571],[-122.7434569,45.476899],[-122.7434575,45.4769142],[-122.7434799,45.4775236],[-122.7434517,45.4779357],[-122.7434519,45.4779434],[-122.7434401,45.4782104],[-122.7434406,45.4782256],[-122.7434578,45.4789875],[-122.7434761,45.4800772],[-122.7434651,45.4812513],[-122.7434596,45.4825778],[-122.7434673,45.4845595],[-122.7434676,45.4845671],[-122.7435018,45.4857937],[-122.7435006,45.4872344],[-122.7435183,45.489193],[-122.7435369,45.489993],[-122.7435175,45.4921201],[-122.7435177,45.4921277],[-122.7435244,45.4923105],[-122.7435323,45.4925238],[-122.7434012,45.4927932],[-122.7433907,45.492801],[-122.743321,45.4929701],[-122.743311,45.4929931],[-122.7432821,45.4930928],[-122.7432824,45.4931004],[-122.7432172,45.4933914],[-122.7432069,45.4934068],[-122.7431995,45.4934984],[-122.7431642,45.4937202],[-122.7430787,45.4940496],[-122.742971,45.4943643],[-122.7428819,45.4945947],[-122.7427506,45.4948564],[-122.7426587,45.4950107],[-122.7424734,45.4952811],[-122.7420676,45.4957464],[-122.7417535,45.4960499],[-122.7415857,45.4962056],[-122.7411435,45.4965649],[-122.7409635,45.4966828],[-122.740751,45.4968013],[-122.7401654,45.4970948],[-122.7401229,45.4971185],[-122.7399854,45.4972127],[-122.7399643,45.4972284],[-122.7398382,45.4973375],[-122.7397965,45.4973841],[-122.7396823,45.4975235],[-122.7396829,45.4975388],[-122.739549,45.497732],[-122.7395287,45.4977705],[-122.7395193,45.4978088],[-122.7395143,45.4979689],[-122.7395155,45.4979994],[-122.739521,45.4981518],[-122.7395327,45.4981744],[-122.7395463,45.4982503],[-122.7395577,45.4982654],[-122.7395822,45.4983411],[-122.7395828,45.4983564],[-122.7396181,45.4984319],[-122.7396295,45.4984469],[-122.7396875,45.4985525],[-122.7397815,45.4987488],[-122.7398082,45.4988855],[-122.7398127,45.4990074],[-122.7398143,45.4990531],[-122.7398624,45.4991817],[-122.7398627,45.4991893],[-122.7399114,45.4993332],[-122.7399458,45.4993859],[-122.740127,45.4995958],[-122.7401387,45.4996184],[-122.7403182,45.4997826],[-122.7404219,45.4999483],[-122.7408467,45.5008851],[-122.7408581,45.5009001],[-122.7408931,45.5009681],[-122.7409162,45.5010057],[-122.7409192,45.5010895],[-122.740912,45.5011887],[-122.7408737,45.5013267],[-122.7407926,45.5014807],[-122.7401887,45.5021634],[-122.739999,45.5023119],[-122.7397425,45.502416],[-122.7394211,45.5025214],[-122.738143,45.502859],[-122.7381322,45.5028592],[-122.7378855,45.5029326],[-122.7378427,45.5029487],[-122.7376504,45.5030287],[-122.7375971,45.5030526],[-122.7373748,45.5032018],[-122.737364,45.503202],[-122.7365174,45.503775],[-122.7364963,45.5037906],[-122.7364013,45.5038611],[-122.736391,45.5038765],[-122.736286,45.5039701],[-122.7362652,45.5039933],[-122.7361513,45.5041404],[-122.7361301,45.5041561],[-122.7359965,45.5043569],[-122.7354102,45.5043378],[-122.735438,45.5042077],[-122.7355077,45.5040386],[-122.7355902,45.5039227],[-122.7356111,45.5038994],[-122.7356325,45.5038914],[-122.735643,45.5038836],[-122.7359011,45.5038252],[-122.7359653,45.503801],[-122.7360614,45.503761],[-122.736104,45.5037373],[-122.7361356,45.5037138],[-122.7362304,45.5036358],[-122.7362615,45.5035971],[-122.7364068,45.5034189],[-122.7364271,45.5033804],[-122.7364365,45.5033421],[-122.7364457,45.5032962],[-122.7364423,45.5032048],[-122.7364298,45.5031593],[-122.7364064,45.503114],[-122.7363723,45.5030689],[-122.7363167,45.5030319],[-122.7362617,45.5030101],[-122.7362175,45.5029881],[-122.7356542,45.5027095],[-122.7368921,45.5012751],[-122.7369124,45.5012366],[-122.7369327,45.5011981],[-122.736931,45.5011524],[-122.7369293,45.5011067],[-122.7369063,45.501069],[-122.7368724,45.5010316],[-122.7368384,45.5009941],[-122.7367832,45.5009647],[-122.7367284,45.5009505],[-122.7366737,45.5009364],[-122.7366084,45.50093],[-122.7357626,45.5009313],[-122.7356976,45.5009326],[-122.7356331,45.5009491],[-122.735569,45.5009732],[-122.7355267,45.5010045],[-122.7354848,45.5010435],[-122.7344577,45.5023136],[-122.734413,45.5022764],[-122.734358,45.5022546],[-122.734303,45.5022328],[-122.7342374,45.5022189],[-122.7341724,45.5022201],[-122.7341076,45.502229],[-122.7340537,45.5022377],[-122.7339145,45.5022861],[-122.7339083,45.5009295],[-122.7339066,45.5008838],[-122.7338832,45.5008385],[-122.7338602,45.5008008],[-122.7338157,45.5007712],[-122.7337713,45.5007416],[-122.7337162,45.5007198],[-122.7336507,45.5007058],[-122.7335854,45.5006995],[-122.7332708,45.500698],[-122.7332761,45.5005455],[-122.7332744,45.5004998],[-122.7332514,45.5004621],[-122.7332175,45.5004247],[-122.7331836,45.5003872],[-122.7331283,45.5003578],[-122.7330733,45.500336],[-122.7330185,45.5003218],[-122.7329535,45.5003231],[-122.732552,45.5003157],[-122.7325073,45.5002785],[-122.7324628,45.5002488],[-122.7324078,45.500227],[-122.7323422,45.5002131],[-122.7322769,45.5002067],[-122.7311381,45.5001985],[-122.731073,45.5001998],[-122.7310194,45.500216],[-122.7309552,45.5002402],[-122.7309127,45.5002639],[-122.7308708,45.5003028],[-122.7308397,45.5003415],[-122.7308194,45.50038],[-122.7308102,45.5004259],[-122.7308108,45.5007384],[-122.7306263,45.5007344],[-122.7305921,45.5006894],[-122.7305474,45.5006521],[-122.7304921,45.5006227],[-122.7304371,45.5006009],[-122.7303718,45.5005946],[-122.7300453,45.5005628],[-122.7300328,45.4999228],[-122.7300372,45.4988556],[-122.7300469,45.4985276],[-122.7300652,45.4984358],[-122.7300744,45.4983899],[-122.7300621,45.498352],[-122.7300499,45.4983141],[-122.730016,45.4982767],[-122.7299821,45.4982392],[-122.7293692,45.4977862],[-122.7293247,45.4977566],[-122.7292694,45.4977272],[-122.7292039,45.4977132],[-122.7291389,45.4977145],[-122.7288677,45.4977122],[-122.7288569,45.4977124],[-122.7278597,45.4977242],[-122.7277947,45.4977255],[-122.7277302,45.497742],[-122.7271618,45.4979131],[-122.7268703,45.4979493],[-122.7268059,45.4979658],[-122.7265806,45.4980312],[-122.7263972,45.4980576],[-122.7262674,45.4980678],[-122.7262022,45.4980614],[-122.7261255,45.49804],[-122.7261038,45.4980405],[-122.7258526,45.497992],[-122.7258201,45.4979926],[-122.7256676,45.4979727],[-122.7256134,45.4979738],[-122.7254617,45.4979767],[-122.7253967,45.497978],[-122.7248138,45.4980503],[-122.7247816,45.4980586],[-122.7245768,45.4980931],[-122.7245446,45.4981013],[-122.724319,45.4981591],[-122.7242654,45.4981754],[-122.7238483,45.4983359],[-122.7238486,45.4983435],[-122.7227267,45.4987998],[-122.7227053,45.4988079],[-122.7223857,45.4989665],[-122.7222004,45.4989397],[-122.7221896,45.4989399],[-122.7215467,45.4988533],[-122.7215358,45.4988535],[-122.7207085,45.4987629],[-122.720632,45.4987491],[-122.720567,45.4987504],[-122.7204259,45.4987455],[-122.7203825,45.4987463],[-122.7202745,45.498756],[-122.7202206,45.4987647],[-122.7199083,45.4988241],[-122.7198977,45.498832],[-122.7195212,45.4989155],[-122.719489,45.4989238],[-122.7191353,45.4990373],[-122.7190925,45.4990534],[-122.7188577,45.4991571],[-122.7188363,45.4991651],[-122.7186343,45.4992757],[-122.7186238,45.4992836],[-122.7181039,45.4995985],[-122.7180619,45.4996375],[-122.7179988,45.499692],[-122.7179886,45.4997075],[-122.7179258,45.4997697],[-122.7179046,45.4997853],[-122.7177593,45.4999635],[-122.717687,45.500064],[-122.7172681,45.4998739],[-122.7172022,45.4998523],[-122.7171367,45.4998383],[-122.7169083,45.4998199],[-122.7168541,45.499821],[-122.7167999,45.499822],[-122.7167463,45.4998383],[-122.7162956,45.499969],[-122.7162742,45.499977],[-122.716135,45.5000255],[-122.7160925,45.5000492],[-122.7148371,45.5007138],[-122.7148157,45.5007218],[-122.7146884,45.5008005],[-122.7146673,45.5008161],[-122.7145197,45.5009333],[-122.7139812,45.5013325],[-122.7138111,45.5014272],[-122.7137792,45.5014431],[-122.7134624,45.5016779],[-122.7134198,45.5017016],[-122.7133882,45.5017251],[-122.713177,45.5018816],[-122.7126249,45.5016103],[-122.7123049,45.5014564],[-122.7122496,45.501427],[-122.7120962,45.5013842],[-122.7120307,45.5013703],[-122.711889,45.5013501],[-122.7118562,45.5013431],[-122.7116064,45.5013327],[-122.7115956,45.5013329],[-122.7114002,45.5013291],[-122.7113783,45.5013219],[-122.7113447,45.5012921],[-122.7112997,45.5012472],[-122.7112766,45.5012095],[-122.7112416,45.5011416],[-122.7112616,45.5010955],[-122.7112914,45.5010187],[-122.7113003,45.5009652],[-122.7112897,45.5000736],[-122.7113531,45.4997294],[-122.7113523,45.4997065],[-122.7113568,45.4995311],[-122.7113551,45.4994854],[-122.7113424,45.4994323],[-122.7113418,45.4994171],[-122.7113179,45.4993566],[-122.7113176,45.499349],[-122.7109806,45.4984256],[-122.7109575,45.4983879],[-122.7105198,45.4976799],[-122.7105085,45.4976649],[-122.7103943,45.497507],[-122.710394,45.4974994],[-122.7102807,45.4973644],[-122.7102579,45.4973344],[-122.7102243,45.4973045],[-122.7100799,45.4972082],[-122.7097802,45.4970159],[-122.7094804,45.4968235],[-122.7093571,45.4967115],[-122.7088977,45.4963012],[-122.7088313,45.4962644],[-122.7085549,45.4961173],[-122.7084999,45.4960955],[-122.7083021,45.4960231],[-122.7082585,45.4960163],[-122.7080943,45.4959738],[-122.7080615,45.4959668],[-122.7074942,45.495871],[-122.7074723,45.4958638],[-122.7071672,45.495824],[-122.7071239,45.4958248],[-122.706418,45.4957927],[-122.7063746,45.4957936],[-122.7063935,45.495717],[-122.7064575,45.4956853],[-122.7064891,45.4956618],[-122.7065311,45.4956229],[-122.7068741,45.4952123],[-122.7070191,45.4950265],[-122.7070503,45.4949878],[-122.7070697,45.4949265],[-122.70709,45.494888],[-122.7070884,45.4948423],[-122.707087,45.4948042],[-122.7070517,45.4947287],[-122.7070509,45.4947058],[-122.7070279,45.4946681],[-122.7070157,45.4946303],[-122.7069929,45.4946002],[-122.7069479,45.4945554],[-122.7069035,45.4945257],[-122.7068593,45.4945037],[-122.7067598,45.4944523],[-122.7066937,45.4944231],[-122.7065843,45.4943947],[-122.7064968,45.4943735],[-122.7061706,45.4943493],[-122.7061598,45.4943495],[-122.7060401,45.4943366],[-122.7060075,45.4943372],[-122.7058884,45.4943395],[-122.7058559,45.4943402],[-122.7055853,45.494353],[-122.7055639,45.4943611],[-122.7055097,45.4943621],[-122.7054883,45.4943701],[-122.705348,45.4943881],[-122.7053263,45.4943885],[-122.705251,45.4944052],[-122.7052294,45.4944056],[-122.7051004,45.4944386],[-122.705079,45.4944466],[-122.705004,45.4944709],[-122.7049932,45.4944712],[-122.7048106,45.4945204],[-122.7047784,45.4945287],[-122.7047351,45.4945295],[-122.7047131,45.4945223],[-122.7046912,45.4945151],[-122.704669,45.4945003],[-122.7046576,45.4944853],[-122.7046459,45.4944626],[-122.7046556,45.4944319],[-122.7046757,45.4943858],[-122.7047146,45.4942631],[-122.7047246,45.4942401],[-122.7047433,45.4941559],[-122.7047424,45.494133],[-122.7047497,45.4940338],[-122.704748,45.4939881],[-122.7047358,45.4939502],[-122.7046892,45.4938596],[-122.7046661,45.493822],[-122.7046206,45.4937619],[-122.704587,45.493732],[-122.7045426,45.4937024],[-122.7044651,45.4936582],[-122.7044098,45.4936288],[-122.7043442,45.4936148],[-122.7041695,45.49358],[-122.7040931,45.4935663],[-122.7037894,45.4935645],[-122.7037892,45.4935569],[-122.7037975,45.4934881],[-122.703834,45.4932969],[-122.7038337,45.4932893],[-122.7038694,45.4930752],[-122.7038674,45.4930218],[-122.703853,45.492923],[-122.7038522,45.4929002],[-122.7038286,45.4928473],[-122.7037939,45.492787],[-122.7037595,45.4927343],[-122.7036576,45.4926143],[-122.7036573,45.4926067],[-122.7035554,45.4924867],[-122.703544,45.4924717],[-122.7034093,45.4923447],[-122.7033868,45.4923223],[-122.7033085,45.4922552],[-122.7032643,45.4922332],[-122.7031868,45.4921889],[-122.7031649,45.4921817],[-122.7030324,45.4921157],[-122.7029993,45.4921011],[-122.7028785,45.4920577],[-122.7028677,45.4920579],[-122.7027141,45.4920075],[-122.7026268,45.491994],[-122.7024743,45.491974],[-122.7022896,45.4919623],[-122.7022246,45.4919636],[-122.7020623,45.4919744],[-122.7020193,45.4919828],[-122.7019654,45.4919915],[-122.7013219,45.4921868],[-122.7012358,45.4922037],[-122.7010952,45.492214],[-122.7010521,45.4922225],[-122.7010519,45.4922149],[-122.7009744,45.4921706],[-122.7009516,45.4921406],[-122.7009291,45.4921182],[-122.7009288,45.4921105],[-122.7009364,45.4920189],[-122.7010638,45.491643],[-122.7010729,45.4915971],[-122.7010691,45.4914905],[-122.7010675,45.4914448],[-122.7010428,45.4913614],[-122.7010306,45.4913235],[-122.7010075,45.4912859],[-122.7009395,45.4912033],[-122.7008948,45.4911661],[-122.7008165,45.491099],[-122.700772,45.4910694],[-122.700717,45.4910476],[-122.7005523,45.4909898],[-122.7004976,45.4909756],[-122.7003012,45.4909412],[-122.7002134,45.4909124],[-122.7001804,45.4908978],[-122.7001579,45.4908754],[-122.700011,45.4907106],[-122.6999424,45.4906128],[-122.6998955,45.4905146],[-122.699895,45.4904994],[-122.6998922,45.4904232],[-122.6998908,45.4903851],[-122.6998637,45.4902332],[-122.6998634,45.4902256],[-122.6998371,45.4900965],[-122.6998249,45.4900587],[-122.6997907,45.4900136],[-122.6997113,45.489916],[-122.6996891,45.4899012],[-122.6995991,45.4898115],[-122.6995436,45.4897744],[-122.6994883,45.489745],[-122.6992906,45.4896726],[-122.6992358,45.4896584],[-122.6990283,45.4896167],[-122.6987536,45.4895153],[-122.6987314,45.4895005],[-122.6987198,45.4894778],[-122.6986593,45.4893037],[-122.6986471,45.4892658],[-122.6986129,45.4892207],[-122.6985793,45.4891909],[-122.6985241,45.4891615],[-122.6984691,45.4891397],[-122.6984144,45.4891255],[-122.6983493,45.4891267],[-122.6966795,45.4891208],[-122.6966687,45.489121],[-122.6959098,45.4891203],[-122.695053,45.4891139],[-122.6949991,45.4891226],[-122.6949344,45.4891315],[-122.6948811,45.4891554],[-122.6948277,45.4891792],[-122.6947855,45.4892105],[-122.6947543,45.4892493],[-122.694734,45.4892878],[-122.6943673,45.4893405],[-122.6926653,45.4893428],[-122.6926208,45.4893131],[-122.6925769,45.4892987],[-122.6925114,45.4892847],[-122.6924572,45.4892858],[-122.6917524,45.4892841],[-122.6915975,45.4891956],[-122.6915081,45.4891211],[-122.6914637,45.4890915],[-122.6914087,45.4890696],[-122.6913431,45.4890557],[-122.6912778,45.4890493],[-122.6912128,45.4890505],[-122.6911589,45.4890592],[-122.6910947,45.4890833],[-122.6910414,45.4891072],[-122.690925,45.4891856],[-122.6905877,45.489154],[-122.6905119,45.4891555],[-122.6904472,45.4891643],[-122.6903827,45.4891808],[-122.6903293,45.4892047],[-122.6902871,45.489236],[-122.6902454,45.4892825],[-122.6902251,45.489321],[-122.6901261,45.4895821],[-122.6901263,45.4895897],[-122.6899989,45.4899656],[-122.6898904,45.4902649],[-122.6867562,45.4902412],[-122.6867012,45.4902193],[-122.6866354,45.4901977],[-122.6865701,45.4901914],[-122.6865585,45.4901687],[-122.6864997,45.4900403],[-122.6864102,45.4896609],[-122.6863991,45.4896535],[-122.6863747,45.4895778],[-122.6863741,45.4895625],[-122.6863267,45.4894491],[-122.6863156,45.4894417],[-122.6861993,45.4892229],[-122.6861988,45.4892077],[-122.6859685,45.488831],[-122.6859327,45.4887402],[-122.6859083,45.4886645],[-122.6858812,45.4885125],[-122.685866,45.4883909],[-122.685853,45.4883302],[-122.6858594,45.4882081],[-122.6858637,45.4880251],[-122.6860196,45.4875343],[-122.68609,45.4873805],[-122.6860997,45.4873499],[-122.6861273,45.4872121],[-122.6861362,45.4871586],[-122.6861205,45.4870217],[-122.6861083,45.4869839],[-122.6860834,45.4868929],[-122.6860714,45.4868626],[-122.6860023,45.4867496],[-122.685979,45.4867043],[-122.6858661,45.4865769],[-122.6858214,45.4865397],[-122.6856881,45.4864508],[-122.6856217,45.4864139],[-122.685281,45.4862833],[-122.6852699,45.4862759],[-122.6842487,45.4859143],[-122.6841051,45.4858408],[-122.6840377,45.4857735],[-122.6839816,45.4857213],[-122.6839358,45.4856535],[-122.6839239,45.4856233],[-122.6839114,45.4855778],[-122.6838873,45.4855097],[-122.683896,45.4854485],[-122.6838938,45.4853876],[-122.6839133,45.4853262],[-122.683975,45.4852336],[-122.6840587,45.4851482],[-122.6840584,45.4851405],[-122.6841104,45.4850786],[-122.6841635,45.4850471],[-122.6841846,45.4850314],[-122.684311,45.4849299],[-122.6846084,45.4847566],[-122.6846403,45.4847407],[-122.6847565,45.4846546],[-122.6848307,45.4846075],[-122.6848624,45.484584],[-122.6848935,45.4845453],[-122.6850072,45.4843907],[-122.6850278,45.4843598],[-122.6850373,45.4843215],[-122.6850562,45.4842449],[-122.6850662,45.4842219],[-122.6850741,45.4841379],[-122.6850732,45.4841151],[-122.6850702,45.4840313],[-122.6850694,45.4840084],[-122.685057,45.4839629],[-122.6850445,45.4839174],[-122.6850212,45.4838722],[-122.6849765,45.4838349],[-122.6849318,45.4837976],[-122.6848768,45.4837758],[-122.6848113,45.4837618],[-122.684746,45.4837555],[-122.6832819,45.4837378],[-122.6811775,45.4837018],[-122.6811295,45.4835732],[-122.6810789,45.4833684],[-122.6810398,45.4831862],[-122.6810127,45.4830343],[-122.6810124,45.4830266],[-122.6807766,45.4818879],[-122.6806011,45.4803136],[-122.6806009,45.480306],[-122.6804905,45.479645],[-122.680137,45.4773348],[-122.6801368,45.4773272],[-122.6800676,45.4769093],[-122.6799112,45.4758681],[-122.6797071,45.474401],[-122.6796946,45.4743556],[-122.6796605,45.4743105],[-122.6796266,45.474273],[-122.6795711,45.474236],[-122.6795161,45.4742142],[-122.6794398,45.4742004],[-122.6793745,45.474194],[-122.6790279,45.4742006],[-122.6781289,45.4742178],[-122.6777495,45.4742174],[-122.6773485,45.4742175],[-122.6773303,45.4737072],[-122.6773605,45.4730359],[-122.6773592,45.4729978],[-122.6773467,45.4729523],[-122.6773126,45.4729073],[-122.6772679,45.47287],[-122.6772237,45.472848],[-122.6771688,45.4728262],[-122.6771032,45.4728122],[-122.677038,45.4728058],[-122.6762792,45.472805],[-122.6762784,45.4727822],[-122.6762324,45.4727069],[-122.6762094,45.4726692],[-122.6761075,45.4725492],[-122.6760848,45.4725191],[-122.6757828,45.4722582],[-122.6757265,45.4721983],[-122.6756699,45.4721307],[-122.6756228,45.4720249],[-122.6756082,45.4719185],[-122.6755924,45.4717816],[-122.6756117,45.4717127],[-122.6756214,45.471682],[-122.6756282,45.4715675],[-122.6756263,45.4715142],[-122.6756249,45.4714761],[-122.6756013,45.4714232],[-122.6755672,45.4713782],[-122.6755112,45.4713259],[-122.6754776,45.471296],[-122.6752553,45.4711402],[-122.6751995,45.4710956],[-122.675193,45.4709128],[-122.67518,45.470852],[-122.6751215,45.4707312],[-122.6750874,45.4706861],[-122.6749964,45.4705659],[-122.6749406,45.4705213],[-122.6748182,45.4704321],[-122.6746831,45.4702899],[-122.6746248,45.4701767],[-122.6745907,45.4701316],[-122.674546,45.4700944],[-122.6744908,45.4700649],[-122.6744358,45.4700431],[-122.6743267,45.4700223],[-122.674272,45.4700081],[-122.674207,45.4700094],[-122.6741423,45.4700182],[-122.6740129,45.470036],[-122.6739912,45.4700364],[-122.6738826,45.4700308],[-122.6734461,45.4699477],[-122.6734353,45.4699479],[-122.6734131,45.4699331],[-122.6734017,45.4699181],[-122.6733784,45.4698728],[-122.6732777,45.4694784],[-122.6732539,45.4694178],[-122.6732086,45.4693654],[-122.6731862,45.4693429],[-122.673141,45.4692904],[-122.6731071,45.469253],[-122.6730405,45.4692085],[-122.6729853,45.4691791],[-122.6730318,45.4689648],[-122.6730884,45.4687274],[-122.6732257,45.4683209],[-122.6732251,45.4683057],[-122.6732343,45.4682597],[-122.6744146,45.4685345],[-122.6744582,45.4685412],[-122.6745123,45.4685402],[-122.6753904,45.4685463],[-122.6754554,45.4685451],[-122.6755201,45.4685362],[-122.6755735,45.4685123],[-122.6756265,45.4684808],[-122.6756688,45.4684495],[-122.6756999,45.4684108],[-122.6757091,45.4683649],[-122.6757183,45.468319],[-122.6757151,45.4682276],[-122.677807,45.4682334],[-122.6778105,45.4683324],[-122.6778121,45.4683781],[-122.6778243,45.468416],[-122.6778585,45.468461],[-122.677892,45.4684909],[-122.6779473,45.4685203],[-122.6780022,45.4685421],[-122.6780569,45.4685563],[-122.6781222,45.4685627],[-122.6784585,45.4685715],[-122.6785351,45.4685929],[-122.6786006,45.4686069],[-122.6786659,45.4686133],[-122.6789586,45.4686153],[-122.6789694,45.4686151],[-122.680075,45.4686168],[-122.6801291,45.4686157],[-122.6801938,45.4686069],[-122.6802472,45.468583],[-122.6802897,45.4685593],[-122.6803319,45.468528],[-122.6805705,45.4685311],[-122.6806046,45.4685762],[-122.6806493,45.4686134],[-122.6809165,45.4688141],[-122.680961,45.4688437],[-122.6810268,45.4688653],[-122.6810923,45.4688793],[-122.6811575,45.4688857],[-122.6812331,45.4688766],[-122.6812455,45.4689221],[-122.6812797,45.4689672],[-122.6813244,45.4690044],[-122.6813796,45.4690339],[-122.6814454,45.4690555],[-122.6815106,45.4690618],[-122.6817497,45.4690801],[-122.6818039,45.4690791],[-122.6818686,45.4690702],[-122.681933,45.4690537],[-122.6819864,45.4690299],[-122.6820289,45.4690062],[-122.68206,45.4689675],[-122.6820911,45.4689288],[-122.6821003,45.4688829],[-122.6821555,45.4686074],[-122.6824988,45.4685094],[-122.6824986,45.4685018],[-122.6828205,45.4684118],[-122.6828427,45.4684266],[-122.6827999,45.4684426],[-122.6827469,45.4684741],[-122.6827157,45.4685129],[-122.6826849,45.4685592],[-122.6826646,45.4685977],[-122.6826662,45.4686434],[-122.6826787,45.4686889],[-122.682702,45.4687341],[-122.6827358,45.4687716],[-122.6829592,45.4689579],[-122.6829703,45.4689653],[-122.6831932,45.4691363],[-122.6832485,45.4691657],[-122.6833034,45.4691875],[-122.6833581,45.4692017],[-122.6834234,45.4692081],[-122.6834884,45.4692069],[-122.6835528,45.4691904],[-122.6836064,45.4691741],[-122.6836595,45.4691426],[-122.6836912,45.4691191],[-122.6838799,45.4692451],[-122.6839021,45.4692599],[-122.6842669,45.4694587],[-122.6842249,45.4694976],[-122.6841941,45.4695439],[-122.684174,45.46959],[-122.6841648,45.469636],[-122.6841872,45.4702605],[-122.6841997,45.470306],[-122.6842227,45.4703437],[-122.6842457,45.4703813],[-122.6842904,45.4704186],[-122.6843348,45.4704482],[-122.6843895,45.4704624],[-122.6844442,45.4704766],[-122.6849129,45.4705515],[-122.6849457,45.4705584],[-122.6855216,45.4706008],[-122.6853086,45.4710088],[-122.6852994,45.4710547],[-122.68529,45.471093],[-122.6853024,45.4711385],[-122.6853257,45.4711838],[-122.6853488,45.4712214],[-122.6853932,45.4712511],[-122.6854376,45.4712807],[-122.6854926,45.4713025],[-122.6855578,45.4713089],[-122.6856123,45.4713155],[-122.6860785,45.4713218],[-122.6866101,45.4713344],[-122.6866642,45.4713334],[-122.6873988,45.4712659],[-122.6874205,45.4712655],[-122.6877552,45.4712286],[-122.6877982,45.4712201],[-122.6883248,45.4710957],[-122.6885615,45.4710454],[-122.6885937,45.4710372],[-122.6889156,45.4709472],[-122.6889476,45.4709313],[-122.6892362,45.4708191],[-122.6894712,45.4707231],[-122.6894926,45.470715],[-122.6896526,45.4706434],[-122.6896632,45.4706355],[-122.689844,45.4705406],[-122.6898651,45.470525],[-122.690109,45.4703755],[-122.6904385,45.4701938],[-122.6906824,45.4700443],[-122.6911502,45.4697914],[-122.6923823,45.4690894],[-122.6923931,45.4690892],[-122.6933476,45.4685068],[-122.6945801,45.4678199],[-122.6951007,45.4675279],[-122.695504,45.4672914],[-122.6958226,45.46711],[-122.6958335,45.4671098],[-122.6970112,45.4664087],[-122.6977023,45.4660371],[-122.697702,45.4660295],[-122.6991567,45.4651935],[-122.6993803,45.4650825],[-122.6995936,45.4649869],[-122.6996255,45.464971],[-122.7005585,45.4643966],[-122.7014715,45.4638683],[-122.7014823,45.4638681],[-122.7018003,45.4636714],[-122.7019389,45.4636077],[-122.7019817,45.4635916],[-122.7024269,45.4633163],[-122.702916,45.4630553],[-122.7029266,45.4630474],[-122.7036798,45.4625984],[-122.7039242,45.4624641],[-122.7039239,45.4624565],[-122.7052495,45.4616534],[-122.7067573,45.4607933]]]}},{"type":"Feature","properties":{"boundary_id":"b-middle-3","school_name":null,"review_status":"unverified"},"geometry":{"type":"Polygon","coordinates":[[[-122.7188971,45.431036],[-122.7189299,45.431043],[-122.718984,45.431042],[-122.7191044,45.4310777],[-122.7194117,45.431186],[-122.7195435,45.4312368],[-122.7196539,45.4312956],[-122.7199298,45.4314351],[-122.7201743,45.4316056],[-122.7203422,45.4317548],[-122.720466,45.4318819],[-122.7206805,45.4321216],[-122.7215877,45.4332396],[-122.7215985,45.4332394],[-122.7219154,45.4336143],[-122.7219493,45.4336518],[-122.7220606,45.4337334],[-122.7220719,45.4337485],[-122.7221607,45.4338077],[-122.7221718,45.4338151],[-122.7222271,45.4338445],[-122.7222385,45.4338595],[-122.7223819,45.4339329],[-122.722415,45.4339475],[-122.7225798,45.4340129],[-122.7226237,45.4340273],[-122.7228424,45.434084],[-122.7228643,45.4340912],[-122.7229734,45.4341119],[-122.7230278,45.4341185],[-122.7243217,45.4342532],[-122.7244308,45.4342739],[-122.7245182,45.4342951],[-122.7246057,45.4343162],[-122.7246714,45.4343378],[-122.7252773,45.4346156],[-122.7253212,45.43463],[-122.7254416,45.4346657],[-122.7254636,45.4346729],[-122.7255948,45.4347085],[-122.7256276,45.4347154],[-122.72578,45.4347353],[-122.7258235,45.4347421],[-122.7259429,45.4347474],[-122.7259645,45.4347469],[-122.7261055,45.4347518],[-122.7261488,45.4347509],[-122.7263001,45.4347404],[-122.7263326,45.4347397],[-122.7264833,45.4347139],[-122.7265157,45.4347133],[-122.7266984,45.4346716],[-122.7267414,45.4346631],[-122.72809,45.4342174],[-122.7289252,45.4339495],[-122.7301994,45.4335433],[-122.7305749,45.4334444],[-122.7321017,45.4334297],[-122.7330436,45.4334188],[-122.7336609,45.4334142],[-122.7347447,45.433431],[-122.7350053,45.4334488],[-122.735027,45.4334483],[-122.7353631,45.433457],[-122.7364247,45.4334589],[-122.7386237,45.4334613],[-122.7390894,45.4334597],[-122.7402382,45.4334752],[-122.7424705,45.4334997],[-122.7432721,45.4334991],[-122.7434675,45.4335105],[-122.7434999,45.4335098],[-122.7436082,45.4335077],[-122.7436407,45.4335071],[-122.7436246,45.4369071],[-122.7436037,45.4384016],[-122.743604,45.4384092],[-122.7436047,45.439019],[-122.7436031,45.4404521],[-122.7435843,45.4405287],[-122.7435854,45.4405592],[-122.7435942,45.4413899],[-122.7435671,45.4427168],[-122.7435674,45.4427244],[-122.7435749,45.44293],[-122.7435623,45.444653],[-122.743535,45.445088],[-122.743532,45.4453015],[-122.7435286,45.4469786],[-122.7435235,45.4477257],[-122.7435108,45.4512172],[-122.7434998,45.4526886],[-122.7434964,45.4531841],[-122.7434824,45.454869],[-122.7434948,45.4566829],[-122.7434961,45.457308],[-122.7435049,45.4581387],[-122.7434879,45.4597398],[-122.7434859,45.4605707],[-122.7434861,45.4605783],[-122.7435034,45.4619348],[-122.743504,45.46195],[-122.7435201,45.4620945],[-122.7434901,45.4639322],[-122.7434566,45.4653812],[-122.7421725,45.4652387],[-122.7407035,45.4650771],[-122.7402245,45.4650179],[-122.7402137,45.4650181],[-122.7396044,45.4649539],[-122.7373737,45.4647081],[-122.7373629,45.4647083],[-122.7372435,45.464703],[-122.7371999,45.4646963],[-122.7370699,45.4646988],[-122.7370591,45.464699],[-122.7369183,45.4647018],[-122.7368322,45.4647187],[-122.7360581,45.4648864],[-122.7357032,45.464962],[-122.7356168,45.4649713],[-122.7355302,45.464973],[-122.7354869,45.4649738],[-122.7353453,45.4649537],[-122.7345147,45.4647642],[-122.7335416,45.4645318],[-122.7320871,45.4641716],[-122.7320543,45.4641646],[-122.7318363,45.4641307],[-122.7318036,45.4641238],[-122.7317275,45.4641176],[-122.7316733,45.4641187],[-122.7314567,45.4641229],[-122.7313918,45.4641242],[-122.731284,45.4641416],[-122.7312626,45.4641496],[-122.7310799,45.4641913],[-122.7310477,45.4641996],[-122.7308869,45.4642484],[-122.7301466,45.4644535],[-122.7300819,45.4644624],[-122.7299845,45.4644643],[-122.7298865,45.464451],[-122.7296563,45.4643793],[-122.7296007,45.4643422],[-122.7292428,45.4640367],[-122.7292206,45.4640219],[-122.7290201,45.4638734],[-122.7289537,45.4638366],[-122.7287002,45.4637196],[-122.7286674,45.4637126],[-122.7280856,45.4635106],[-122.7280854,45.463503],[-122.7271857,45.4632004],[-122.7271526,45.4631858],[-122.7270432,45.4631575],[-122.7269996,45.4631507],[-122.7268908,45.4631376],[-122.726793,45.4631319],[-122.7266525,45.4631422],[-122.7265987,45.4631509],[-122.7265448,45.4631596],[-122.7263949,45.4632083],[-122.726331,45.46324],[-122.7262355,45.4632952],[-122.7262141,45.4633033],[-122.7261505,45.4633426],[-122.7261191,45.4633737],[-122.7260877,45.4634048],[-122.7259842,45.4635364],[-122.7259536,45.4635904],[-122.7259345,45.4636594],[-122.7259253,45.4637053],[-122.725927,45.463751],[-122.7259286,45.4637967],[-122.7259533,45.46388],[-122.7259653,45.4639103],[-122.7260005,45.4639858],[-122.7260008,45.4639934],[-122.7261505,45.4642344],[-122.726151,45.4642497],[-122.7262882,45.4644452],[-122.7263007,45.4644907],[-122.726324,45.4645359],[-122.7263263,45.4645969],[-122.7263163,45.4646199],[-122.726296,45.4646584],[-122.7262546,45.4647126],[-122.7258023,45.4650873],[-122.7257284,45.4651421],[-122.7256962,45.4651504],[-122.7256423,45.4651591],[-122.7256101,45.4651673],[-122.7255565,45.4651836],[-122.7236274,45.4651832],[-122.7236057,45.4651836],[-122.7236127,45.4644822],[-122.7236124,45.4644746],[-122.7236005,45.4641471],[-122.7236095,45.4629045],[-122.7236092,45.4628968],[-122.7235909,45.4623941],[-122.7236154,45.4618753],[-122.7236137,45.4618296],[-122.7235904,45.4617843],[-122.7235673,45.4617467],[-122.7235226,45.4617094],[-122.7234782,45.4616798],[-122.7234232,45.461658],[-122.7233577,45.4616441],[-122.7232924,45.4616377],[-122.7195308,45.4616044],[-122.7192487,45.4615947],[-122.7192268,45.4615875],[-122.7155851,45.4615746],[-122.7148912,45.4615652],[-122.7133621,45.461534],[-122.7129825,45.4615261],[-122.7129175,45.4615274],[-122.7128531,45.4615439],[-122.7127989,45.4615449],[-122.7082018,45.4614818],[-122.7081834,45.4609715],[-122.7081809,45.4609029],[-122.7081984,45.4607882],[-122.7081976,45.4607654],[-122.708197,45.4598507],[-122.7081843,45.4597976],[-122.7081718,45.4597521],[-122.7081379,45.4597147],[-122.7080932,45.4596774],[-122.708038,45.459648],[-122.7079725,45.4596341],[-122.7079069,45.4596201],[-122.707842,45.4596213],[-122.7077773,45.4596302],[-122.7077128,45.4596467],[-122.7076595,45.4596706],[-122.7068003,45.4601827],[-122.706354,45.4604277],[-122.7063434,45.4604355],[-122.7048359,45.4613031],[-122.7034995,45.4621065],[-122.7032662,45.4622482],[-122.702513,45.4626972],[-122.7020239,45.4629582],[-122.7020133,45.462966],[-122.7015678,45.4632338],[-122.7014292,45.4632974],[-122.7013973,45.4633133],[-122.7010579,45.463518],[-122.7001449,45.4640464],[-122.7001343,45.4640542],[-122.6992116,45.4646132],[-122.6990092,45.4647086],[-122.698775,45.4648274],[-122.6987645,45.4648352],[-122.6971929,45.4657345],[-122.6966082,45.4660506],[-122.6966085,45.4660583],[-122.6954088,45.4667521],[-122.695101,45.4669334],[-122.6950904,45.4669412],[-122.6946868,45.46717],[-122.6941771,45.4674618],[-122.6929448,45.4681563],[-122.692934,45.4681565],[-122.6919687,45.4687391],[-122.6905664,45.4695283],[-122.6902794,45.4696862],[-122.6902797,45.4696938],[-122.6900247,45.4698359],[-122.689706,45.4700174],[-122.6896955,45.4700252],[-122.689441,45.4701825],[-122.6892812,45.4702618],[-122.6891429,45.4703331],[-122.6889185,45.4704212],[-122.6886404,45.4705256],[-122.6883618,45.4706148],[-122.6881357,45.4706573],[-122.688136,45.4706649],[-122.6876197,45.4707739],[-122.6873178,45.4708178],[-122.6866154,45.470877],[-122.6860838,45.4708643],[-122.6862051,45.4706181],[-122.6862765,45.4704948],[-122.6862966,45.4704487],[-122.6863058,45.4704028],[-122.6862933,45.4703573],[-122.6862808,45.4703118],[-122.6862467,45.4702667],[-122.6861914,45.4702373],[-122.686147,45.4702077],[-122.6860812,45.4701861],[-122.686016,45.4701797],[-122.6850379,45.470107],[-122.6848308,45.4700729],[-122.6848174,45.4696997],[-122.6849742,45.4695366],[-122.6850053,45.4694979],[-122.6850256,45.4694594],[-122.685035,45.4694211],[-122.6850334,45.4693754],[-122.6850101,45.4693301],[-122.6849871,45.4692924],[-122.6849532,45.469255],[-122.6849088,45.4692254],[-122.6843231,45.4689089],[-122.6839231,45.4686345],[-122.6838681,45.4686127],[-122.6838132,45.4685909],[-122.6837585,45.4685767],[-122.6836932,45.4685703],[-122.6836285,45.4685792],[-122.6835641,45.4685957],[-122.6835949,45.4685494],[-122.6836044,45.4685111],[-122.6836136,45.4684652],[-122.6836011,45.4684197],[-122.6835889,45.4683818],[-122.6835551,45.4683443],[-122.6831957,45.467993],[-122.6831621,45.4679632],[-122.6831069,45.4679337],[-122.6830519,45.4679119],[-122.6829864,45.4678979],[-122.6829322,45.467899],[-122.6828672,45.4679002],[-122.6828028,45.4679167],[-122.6822453,45.4680874],[-122.6817304,45.4682345],[-122.681677,45.4682584],[-122.6816237,45.4682823],[-122.6815817,45.4683212],[-122.6815165,45.4683148],[-122.6814518,45.4683237],[-122.6813979,45.4683323],[-122.6812262,45.4683813],[-122.6811815,45.4683441],[-122.6811192,45.4681166],[-122.681139,45.4680629],[-122.6811482,45.468017],[-122.6811465,45.4679713],[-122.6811232,45.467926],[-122.6811002,45.4678883],[-122.6810555,45.4678511],[-122.6810003,45.4678217],[-122.6809453,45.4677998],[-122.6808798,45.4677859],[-122.6806402,45.4677523],[-122.6805752,45.4677536],[-122.680521,45.4677546],[-122.6804566,45.4677711],[-122.680403,45.4677874],[-122.6803499,45.4678189],[-122.6803185,45.46785],[-122.6802874,45.4678887],[-122.6802674,45.4679348],[-122.6802579,45.4679731],[-122.6802614,45.4680721],[-122.6800773,45.4680756],[-122.6800232,45.4680766],[-122.6799585,45.4680855],[-122.6799051,45.4681094],[-122.6798626,45.4681331],[-122.6798204,45.4681644],[-122.6789748,45.4681577],[-122.6787471,45.4681544],[-122.6786704,45.468133],[-122.6786049,45.468119],[-122.6785397,45.4681126],[-122.6784638,45.4681141],[-122.6784711,45.4680149],[-122.6784587,45.4679694],[-122.6784462,45.4679239],[-122.6784124,45.4678864],[-122.6783785,45.467849],[-122.6783233,45.4678195],[-122.6782683,45.4677977],[-122.6782136,45.4677835],[-122.6781484,45.4677772],[-122.6753955,45.4677764],[-122.6753305,45.4677777],[-122.6752661,45.4677941],[-122.6752125,45.4678104],[-122.6751594,45.4678419],[-122.6751172,45.4678732],[-122.6750969,45.4679117],[-122.6750768,45.4679578],[-122.6750676,45.4680037],[-122.6750706,45.4680875],[-122.6745722,45.4680894],[-122.6730751,45.4677445],[-122.6730098,45.4677381],[-122.6729554,45.4677316],[-122.6728907,45.4677404],[-122.6728263,45.4677569],[-122.6727729,45.4677808],[-122.6727307,45.4678121],[-122.6726993,45.4678431],[-122.6726681,45.4678818],[-122.6726481,45.467928],[-122.6725829,45.4682264],[-122.6724564,45.4686328],[-122.672457,45.468648],[-122.6723898,45.4688932],[-122.6723073,45.469314],[-122.6722978,45.4693523],[-122.6723102,45.4693977],[-122.6723333,45.4694354],[-122.6723563,45.4694731],[-122.6724009,45.4695103],[-122.6724454,45.46954],[-122.6725001,45.4695542],[-122.6725547,45.4695684],[-122.6726419,45.469582],[-122.6726425,45.4695972],[-122.6727532,45.4699685],[-122.6727541,45.4699914],[-122.6728009,45.4700896],[-122.6728239,45.4701272],[-122.6728469,45.4701649],[-122.6729027,45.4702096],[-122.6729138,45.470217],[-122.6729699,45.4702693],[-122.6730473,45.4703135],[-122.6731026,45.4703429],[-122.6731353,45.4703499],[-122.6731795,45.470372],[-122.673245,45.470386],[-122.6737467,45.4704755],[-122.6737903,45.4704823],[-122.6739208,45.470495],[-122.6739317,45.4704948],[-122.6740075,45.4704934],[-122.674105,45.4704915],[-122.6741166,45.4705141],[-122.6742859,45.4707014],[-122.6743305,45.4707387],[-122.6744527,45.4708202],[-122.6745095,45.4708953],[-122.6745445,45.4709633],[-122.6745507,45.4711384],[-122.6745626,45.4711687],[-122.6745751,45.4712142],[-122.6745873,45.4712521],[-122.67461,45.4712821],[-122.6746441,45.4713272],[-122.6746669,45.4713572],[-122.6747454,45.471432],[-122.6747787,45.4714542],[-122.6749788,45.4715952],[-122.6749805,45.4716409],[-122.674951,45.4717253],[-122.674942,45.4717788],[-122.6749588,45.4719462],[-122.6749594,45.4719614],[-122.6749862,45.4721057],[-122.6749987,45.4721512],[-122.6750685,45.472287],[-122.6750804,45.4723173],[-122.675149,45.4724151],[-122.6751717,45.4724451],[-122.6752502,45.4725198],[-122.6752616,45.4725349],[-122.6755636,45.4727959],[-122.6756318,45.472886],[-122.6756548,45.4729237],[-122.675667,45.4729615],[-122.6756811,45.4730527],[-122.6756825,45.4730908],[-122.6757058,45.4731361],[-122.6757396,45.4731736],[-122.675784,45.4732032],[-122.6758282,45.4732252],[-122.6758831,45.473247],[-122.6759378,45.4732612],[-122.6760028,45.47326],[-122.6767074,45.4732618],[-122.6766907,45.4737042],[-122.6766801,45.473712],[-122.6766953,45.4744434],[-122.6767078,45.4744889],[-122.6767203,45.4745343],[-122.6767541,45.4745718],[-122.6767985,45.4746014],[-122.6768429,45.4746311],[-122.6768979,45.4746529],[-122.6769526,45.4746671],[-122.6770179,45.4746735],[-122.6777441,45.4746748],[-122.6781344,45.474675],[-122.6790875,45.4746568],[-122.6792889,45.4760477],[-122.6794191,45.4769598],[-122.6794885,45.4773853],[-122.6798419,45.4796955],[-122.6799523,45.4803565],[-122.6801277,45.4819308],[-122.6801283,45.481946],[-122.6803644,45.4830924],[-122.6803917,45.4832519],[-122.680431,45.4834417],[-122.6804823,45.4836618],[-122.6804942,45.483692],[-122.6805649,45.4838507],[-122.6805763,45.4838657],[-122.6806462,45.4840016],[-122.6806803,45.4840467],[-122.6807142,45.4840841],[-122.6807692,45.484106],[-122.6808244,45.4841354],[-122.6808791,45.4841496],[-122.6809441,45.4841483],[-122.6832657,45.4841954],[-122.6832766,45.4841952],[-122.6844154,45.4842115],[-122.6844046,45.4842117],[-122.6843429,45.4843043],[-122.6843112,45.4843278],[-122.6843006,45.4843356],[-122.684195,45.4844139],[-122.683876,45.4845877],[-122.6838443,45.4846111],[-122.6837073,45.4847205],[-122.6836334,45.4847752],[-122.68357,45.4848222],[-122.683508,45.4849072],[-122.6834138,45.4850005],[-122.6833932,45.4850313],[-122.6833109,45.4851549],[-122.6832909,45.485201],[-122.6832619,45.4853006],[-122.6832524,45.4853389],[-122.6832446,45.4854229],[-122.6832451,45.4854381],[-122.6832373,45.4855221],[-122.6832495,45.48556],[-122.6832639,45.4856588],[-122.6832752,45.4856738],[-122.6832885,45.4857422],[-122.6833002,45.4857648],[-122.6833346,45.4858175],[-122.6833349,45.4858251],[-122.6833926,45.4859231],[-122.6834153,45.4859531],[-122.6834942,45.4860355],[-122.6835166,45.4860579],[-122.6836283,45.4861472],[-122.6836841,45.4861919],[-122.6838937,45.4862946],[-122.6839268,45.4863092],[-122.6849701,45.4866855],[-122.685267,45.4868018],[-122.6853336,45.4868463],[-122.6854125,45.4869286],[-122.685448,45.4870117],[-122.6854718,45.4870723],[-122.6854859,45.4871635],[-122.685457,45.4872631],[-122.6853972,45.487409],[-122.6853869,45.4874245],[-122.6852212,45.4879459],[-122.6852226,45.487984],[-122.6852083,45.4881901],[-122.6852088,45.4882053],[-122.6852029,45.4883426],[-122.6852037,45.4883655],[-122.685217,45.4884338],[-122.6852173,45.4884414],[-122.6852328,45.4885707],[-122.685233,45.4885783],[-122.6852713,45.4887376],[-122.6852721,45.4887605],[-122.6853079,45.4888513],[-122.6853081,45.4888589],[-122.6853445,45.4889649],[-122.6853672,45.4889949],[-122.6855978,45.4893792],[-122.685703,45.4895906],[-122.6857498,45.4896888],[-122.6857629,45.4897495],[-122.6858634,45.4901363],[-122.6858754,45.4901666],[-122.6858867,45.4901816],[-122.6856806,45.4901779],[-122.6850409,45.4901749],[-122.6850508,45.489847],[-122.6850505,45.4898394],[-122.6850513,45.4895574],[-122.6850496,45.4895117],[-122.6850263,45.4894664],[-122.6850033,45.4894287],[-122.6849586,45.4893915],[-122.6849144,45.4893694],[-122.6848594,45.4893476],[-122.6847939,45.4893336],[-122.6847395,45.4893271],[-122.6826135,45.4892991],[-122.6822554,45.4892907],[-122.6821904,45.489292],[-122.6821257,45.4893008],[-122.6820723,45.4893247],[-122.682019,45.4893486],[-122.6819767,45.4893799],[-122.6818191,45.4895201],[-122.6817771,45.489559],[-122.6815659,45.4897155],[-122.6814172,45.4898022],[-122.681375,45.4898335],[-122.6813216,45.4898574],[-122.6811188,45.4899451],[-122.6808506,45.4900264],[-122.6802382,45.4901829],[-122.6793236,45.4903757],[-122.6792913,45.4903839],[-122.6788084,45.4905227],[-122.678787,45.4905307],[-122.6783591,45.4906913],[-122.678306,45.4907228],[-122.6779238,45.4909511],[-122.6779133,45.490959],[-122.6778285,45.4910139],[-122.6778179,45.4910218],[-122.6776064,45.4911706],[-122.6775853,45.4911863],[-122.6774171,45.4913343],[-122.6774063,45.4913345],[-122.677312,45.4914277],[-122.6772909,45.4914434],[-122.6771549,45.4915832],[-122.6771444,45.491591],[-122.6770609,45.491684],[-122.6770612,45.4916917],[-122.6769987,45.4917614],[-122.6769989,45.4917691],[-122.6768643,45.4919469],[-122.676854,45.4919624],[-122.6766599,45.4922938],[-122.6766498,45.4923168],[-122.67659,45.4924628],[-122.6765808,45.4925087],[-122.6765543,45.4926769],[-122.6765388,45.4928525],[-122.6765394,45.4928677],[-122.6765307,45.4929288],[-122.676531,45.4929365],[-122.6765443,45.4933097],[-122.6765448,45.4933249],[-122.6765462,45.493363],[-122.6765579,45.4933856],[-122.6766733,45.4938864],[-122.6767787,45.4944103],[-122.6767909,45.4944482],[-122.6769678,45.4948488],[-122.6770984,45.4951664],[-122.677144,45.4952265],[-122.6775831,45.495683],[-122.6775834,45.4956906],[-122.6777183,45.4958253],[-122.6778313,45.4959527],[-122.6780364,45.4962308],[-122.6781044,45.4963133],[-122.6781965,45.496464],[-122.6782426,45.4965393],[-122.6783355,45.4967128],[-122.6783699,45.4967655],[-122.6784875,45.4970224],[-122.6785363,45.4971739],[-122.6785477,45.4971889],[-122.6786067,45.497325],[-122.6786187,45.4973553],[-122.6786986,45.4974681],[-122.6790573,45.4981014],[-122.6794405,45.4988106],[-122.6794516,45.498818],[-122.6798781,45.4995263],[-122.680077,45.499934],[-122.6799034,45.4999297],[-122.6788834,45.4999111],[-122.6788401,45.4999119],[-122.6784939,45.4999337],[-122.6782991,45.4999451],[-122.6774877,45.4999986],[-122.6769251,45.5000322],[-122.6769142,45.5000324],[-122.676752,45.5000432],[-122.676211,45.5000763],[-122.6762004,45.5000841],[-122.6752059,45.5001717],[-122.6742984,45.5002652],[-122.6742226,45.5002666],[-122.6740167,45.5002705],[-122.6739842,45.5002711],[-122.6737246,45.5002913],[-122.6734543,45.5003117],[-122.6734434,45.5003119],[-122.6732381,45.5003311],[-122.6729461,45.5003519],[-122.6729352,45.5003521],[-122.6724704,45.5003914],[-122.6682743,45.5007073],[-122.6667066,45.5008362],[-122.6662846,45.4990303],[-122.6668818,45.4960009],[-122.6669114,45.4959165],[-122.6669108,45.4959012],[-122.6670119,45.4953887],[-122.6685208,45.491778],[-122.6685202,45.4917627],[-122.6696281,45.4878548],[-122.6696376,45.4878165],[-122.6696839,45.4857654],[-122.6696826,45.4857273],[-122.669604,45.4853477],[-122.6696038,45.4853401],[-122.6694521,45.4847333],[-122.6694705,45.4846415],[-122.6694686,45.4845882],[-122.6694288,45.4843832],[-122.6694283,45.4843679],[-122.6691653,45.4833745],[-122.6667791,45.4711265],[-122.6660495,45.465531],[-122.666037,45.4654855],[-122.6643869,45.4617366],[-122.6664353,45.4617434],[-122.6667926,45.4617366],[-122.6676815,45.4617425],[-122.6681152,45.4617495],[-122.668126,45.4617493],[-122.6744545,45.4617429],[-122.6745414,45.4617488],[-122.6746175,45.461755],[-122.6746822,45.4617461],[-122.6747466,45.4617297],[-122.6747997,45.4616982],[-122.6748527,45.4616667],[-122.6748836,45.4616203],[-122.6749039,45.4615818],[-122.6749128,45.4615283],[-122.6749793,45.4597436],[-122.6750482,45.4586371],[-122.6750477,45.4586219],[-122.6750355,45.4582792],[-122.6751033,45.4571422],[-122.675189,45.4552886],[-122.6752746,45.45313],[-122.6752827,45.4530536],[-122.6753009,45.4529542],[-122.6752992,45.4529085],[-122.6752979,45.4528704],[-122.6752746,45.4528251],[-122.6752408,45.4527877],[-122.6752072,45.4527578],[-122.6748298,45.4525059],[-122.6732021,45.4512185],[-122.6731014,45.451129],[-122.6730556,45.4510612],[-122.6730091,45.4509707],[-122.6730088,45.4509631],[-122.6730304,45.4503529],[-122.6731275,45.4485143],[-122.6731734,45.4470653],[-122.6731872,45.446844],[-122.6732075,45.4468055],[-122.6732165,45.446752],[-122.6733343,45.4439754],[-122.673403,45.4425565],[-122.6734771,45.4412899],[-122.6736885,45.4371854],[-122.6737115,45.4369182],[-122.6737112,45.4369106],[-122.6739091,45.433035],[-122.677289,45.4330464],[-122.6793803,45.4330672],[-122.6793911,45.433067],[-122.682695,45.4330721],[-122.6855768,45.4330852],[-122.6862704,45.4330947],[-122.6908318,45.4331287],[-122.6976683,45.4331718],[-122.6983507,45.4331738],[-122.7002039,45.4331989],[-122.7014606,45.433205],[-122.7022405,45.4332051],[-122.7023055,45.4332039],[-122.7023699,45.4331874],[-122.702434,45.4331633],[-122.7024867,45.4331241],[-122.7025287,45.4330852],[-122.7026731,45.4328842],[-122.7026933,45.4328457],[-122.7027831,45.4326306],[-122.7027828,45.4326229],[-122.7028523,45.4324463],[-122.7038644,45.4325791],[-122.7039304,45.4326083],[-122.7039857,45.4326377],[-122.7040303,45.4326749],[-122.7041652,45.4328095],[-122.7041987,45.4328393],[-122.7042767,45.4328988],[-122.7042989,45.4329136],[-122.7043766,45.4329655],[-122.7044096,45.4329801],[-122.704542,45.4330461],[-122.7045639,45.4330533],[-122.7048822,45.4331691],[-122.7050032,45.4332201],[-122.7050473,45.4332421],[-122.705102,45.4332563],[-122.7051345,45.4332556],[-122.7055183,45.4333854],[-122.7057264,45.4334499],[-122.7069311,45.4338152],[-122.7069531,45.4338224],[-122.7071168,45.4338574],[-122.7071606,45.4338717],[-122.7073563,45.4338908],[-122.7074107,45.4338974],[-122.7075298,45.4338951],[-122.7075514,45.4338946],[-122.7076488,45.4338927],[-122.7077027,45.4338841],[-122.7077996,45.4338669],[-122.7078212,45.4338665],[-122.7079611,45.4338409],[-122.7079933,45.4338327],[-122.7081435,45.4337916],[-122.7081968,45.4337677],[-122.7083247,45.4337119],[-122.7083672,45.4336882],[-122.7084732,45.4336252],[-122.7084841,45.433625],[-122.7085174,45.4336472],[-122.7087602,45.433772],[-122.7087605,45.4337796],[-122.7088817,45.4338383],[-122.7089145,45.4338452],[-122.7091781,45.4339468],[-122.7092,45.433954],[-122.7094737,45.4340325],[-122.7095175,45.4340469],[-122.7101933,45.4341633],[-122.7102477,45.4341699],[-122.710606,45.4341934],[-122.7106385,45.4341928],[-122.7109633,45.4341865],[-122.7109957,45.4341858],[-122.7115678,45.4341289],[-122.7116324,45.4341201],[-122.7119761,45.4340371],[-122.7119974,45.4340291],[-122.7124149,45.4338914],[-122.7125331,45.4338662],[-122.7126622,45.4338408],[-122.7128573,45.4338447],[-122.7130746,45.4338633],[-122.7132165,45.433891],[-122.7132709,45.4338976],[-122.7134138,45.4339558],[-122.7135792,45.4340364],[-122.7136347,45.4340734],[-122.7139014,45.4342588],[-122.7139236,45.4342736],[-122.7139902,45.434318],[-122.7140013,45.4343254],[-122.7141448,45.4343988],[-122.714167,45.4344136],[-122.7143873,45.4345161],[-122.7143984,45.4345235],[-122.7145413,45.4345817],[-122.7145522,45.4345814],[-122.7146621,45.434625],[-122.7147609,45.4346612],[-122.7147936,45.4346682],[-122.7149688,45.4347181],[-122.7151009,45.4347765],[-122.7151558,45.4347983],[-122.7152443,45.43485],[-122.7154441,45.4349833],[-122.7154994,45.4350127],[-122.7155652,45.4350343],[-122.7156304,45.4350406],[-122.7156956,45.435047],[-122.7157603,45.4350381],[-122.7158244,45.4350139],[-122.7158777,45.43499],[-122.7159199,45.4349587],[-122.7164976,45.4344596],[-122.7164973,45.434452],[-122.7166544,45.4343041],[-122.7166858,45.434273],[-122.7167785,45.4341416],[-122.7167993,45.4341183],[-122.7168598,45.4339952],[-122.7168698,45.4339721],[-122.7169201,45.4338645],[-122.716929,45.4338109],[-122.7169273,45.4337652],[-122.7169143,45.4337045],[-122.7169023,45.4336742],[-122.7168901,45.4336364],[-122.7168557,45.4335837],[-122.7167195,45.433411],[-122.7167084,45.4334036],[-122.716629,45.4333061],[-122.7169976,45.4333141],[-122.7181028,45.433323],[-122.7183845,45.4333251],[-122.7194897,45.433334],[-122.7195546,45.4333327],[-122.7196085,45.4333241],[-122.7196726,45.4333],[-122.7197151,45.4332763],[-122.7197572,45.4332449],[-122.7197883,45.4332062],[-122.7198083,45.4331601],[-122.7199458,45.4327687],[-122.7199841,45.4326307],[-122.7199838,45.4326231],[-122.7200227,45.4325004],[-122.7200216,45.4324699],[-122.7200277,45.4323402],[-122.7200271,45.432325],[-122.7200235,45.432226],[-122.7200224,45.4321955],[-122.7199974,45.4321045],[-122.7199855,45.4320743],[-122.7199026,45.4318777],[-122.7198795,45.43184],[-122.7198451,45.4317874],[-122.7198335,45.4317647],[-122.7197433,45.4316674],[-122.7197211,45.4316526],[-122.7196647,45.4315927],[-122.7196425,45.4315779],[-122.7195532,45.4315034],[-122.719531,45.4314886],[-122.7188971,45.431036]]]}},{"type":"Feature","properties":{"boundary_id":"b-middle-4","school_name":null,"review_status":"unverified"},"geometry":{"type":"Polygon","coordinates":[[[-122.6194353,45.5050758],[-122.6194673,45.5050599],[-122.6194995,45.5050517],[-122.6195643,45.5050429],[-122.6198133,45.5050306],[-122.6203337,45.5050286],[-122.6214291,45.5050312],[-122.622286,45.5050381],[-122.6222697,45.5055033],[-122.6222699,45.5055109],[-122.6223628,45.5088013],[-122.6223874,45.5095096],[-122.6224238,45.5108654],[-122.6224358,45.511833],[-122.6201365,45.5118299],[-122.6200609,45.5118389],[-122.6199961,45.5118477],[-122.6199427,45.5118716],[-122.6198898,45.5119107],[-122.6198478,45.5119496],[-122.6198274,45.511988],[-122.6198076,45.5120418],[-122.6198002,45.512141],[-122.6197899,45.5121564],[-122.6197734,45.5148011],[-122.6193613,45.5148011],[-122.6192962,45.5148023],[-122.6192317,45.5148187],[-122.6191781,45.5148349],[-122.6191249,45.5148664],[-122.6190826,45.5148977],[-122.6190517,45.514944],[-122.6190422,45.5149823],[-122.6190329,45.5150281],[-122.6190193,45.5165068],[-122.6190314,45.5165447],[-122.6190438,45.5165902],[-122.6190901,45.5166731],[-122.619124,45.5167106],[-122.6191578,45.5167481],[-122.6192131,45.5167776],[-122.619268,45.5167994],[-122.6193225,45.516806],[-122.6193878,45.5168124],[-122.6211017,45.5168188],[-122.6216659,45.5168236],[-122.6216767,45.5168234],[-122.6225875,45.5168141],[-122.6226279,45.5185966],[-122.6226092,45.5193057],[-122.62261,45.5193285],[-122.6226465,45.5197546],[-122.6226299,45.5202121],[-122.6226328,45.5202959],[-122.6226331,45.5203035],[-122.6226247,45.5209972],[-122.6226249,45.5210048],[-122.6226282,45.5217211],[-122.6226116,45.5228035],[-122.6226238,45.5228414],[-122.6226362,45.5228869],[-122.6226701,45.5229243],[-122.6227039,45.5229618],[-122.6227592,45.5229913],[-122.6228142,45.5230131],[-122.6228798,45.5230271],[-122.622934,45.5230261],[-122.6231185,45.5230303],[-122.6231402,45.5230299],[-122.6234977,45.5230157],[-122.6235085,45.5230155],[-122.6237031,45.5229966],[-122.6237356,45.522996],[-122.6239085,45.5229776],[-122.6239194,45.5229774],[-122.6242972,45.5229247],[-122.6243186,45.5229166],[-122.6245018,45.5228828],[-122.6245127,45.5228826],[-122.6250721,45.5227503],[-122.62546,45.5226745],[-122.6259449,45.5225816],[-122.6261714,45.522547],[-122.6261929,45.5225389],[-122.6262576,45.5225301],[-122.6263761,45.5225051],[-122.6264948,45.5224876],[-122.6274461,45.5223937],[-122.6277385,45.5223807],[-122.6278255,45.5223867],[-122.6279344,45.5223999],[-122.6280217,45.5224135],[-122.628142,45.5224418],[-122.6281748,45.5224488],[-122.6283495,45.5224836],[-122.6283932,45.5224904],[-122.6286213,45.5225014],[-122.6286758,45.5225081],[-122.6288381,45.5224974],[-122.6288598,45.522497],[-122.6289677,45.5224798],[-122.6290002,45.5224792],[-122.6291078,45.5224543],[-122.6291403,45.5224537],[-122.6294089,45.5223801],[-122.6294737,45.5223713],[-122.6295171,45.5223705],[-122.6298098,45.522365],[-122.6312851,45.5223681],[-122.6312834,45.5232521],[-122.6312857,45.5236255],[-122.6312782,45.524342],[-122.6312798,45.5243877],[-122.631303,45.524433],[-122.6313372,45.5244781],[-122.6313816,45.5245077],[-122.6314368,45.5245372],[-122.6314919,45.524559],[-122.6315574,45.524573],[-122.6316225,45.5245718],[-122.6317306,45.5245622],[-122.6340957,45.5245715],[-122.6340865,45.5264769],[-122.6340787,45.5271858],[-122.634079,45.5271934],[-122.6340747,45.5286186],[-122.6340597,45.5300516],[-122.6340603,45.5300668],[-122.6325622,45.5306586],[-122.6321769,45.5308106],[-122.6321661,45.5308108],[-122.6256083,45.5334626],[-122.6255975,45.5334628],[-122.6254587,45.5335264],[-122.6252551,45.5335987],[-122.6252442,45.5335989],[-122.6251051,45.5336548],[-122.6250943,45.533655],[-122.6248484,45.5337587],[-122.6248378,45.5337665],[-122.624763,45.5337984],[-122.6238334,45.533587],[-122.6237789,45.5335803],[-122.6237247,45.5335813],[-122.6227484,45.5335842],[-122.6227376,45.5335844],[-122.6221526,45.5336104],[-122.6211969,45.5335824],[-122.6211861,45.5335826],[-122.6202968,45.5335914],[-122.6202859,45.5335916],[-122.62021,45.533593],[-122.6189619,45.533578],[-122.6168349,45.5335639],[-122.6159451,45.5335575],[-122.6148818,45.5335543],[-122.6111811,45.5335234],[-122.6111703,45.5335236],[-122.6109968,45.5335268],[-122.6108339,45.5335222],[-122.6108122,45.5335226],[-122.608729,45.5335152],[-122.6051918,45.533504],[-122.6052126,45.5322233],[-122.6052801,45.5319783],[-122.6052788,45.5319402],[-122.6053026,45.5304309],[-122.6053415,45.5303006],[-122.6053508,45.5302548],[-122.605354,45.5300337],[-122.6053537,45.5300261],[-122.6053627,45.5284028],[-122.6053611,45.5283571],[-122.6053381,45.5283194],[-122.6049805,45.5277011],[-122.6049466,45.5276636],[-122.604902,45.5276263],[-122.6048575,45.5275967],[-122.6048026,45.5275748],[-122.604737,45.5275608],[-122.6046719,45.527562],[-122.6046069,45.5275632],[-122.6045424,45.5275796],[-122.6040701,45.5277254],[-122.6040487,45.5277335],[-122.6035452,45.527918],[-122.6035238,45.527926],[-122.6028724,45.5282275],[-122.6028619,45.5282353],[-122.6024567,45.5284409],[-122.6024641,45.5283417],[-122.6024639,45.5283341],[-122.6024624,45.5279759],[-122.6024729,45.5279681],[-122.6024697,45.5272443],[-122.6024954,45.5257883],[-122.6025179,45.524241],[-122.6025476,45.5228992],[-122.602546,45.5228535],[-122.6025227,45.5228082],[-122.6024997,45.5227706],[-122.6024551,45.5227333],[-122.6024107,45.5227036],[-122.6023557,45.5226818],[-122.6022901,45.5226677],[-122.6022248,45.5226613],[-122.6008904,45.5226553],[-122.6008795,45.5226555],[-122.5995023,45.5226655],[-122.59845,45.5226619],[-122.5984283,45.5226623],[-122.5982551,45.5226731],[-122.5982009,45.5226741],[-122.5973712,45.5228341],[-122.5969939,45.522902],[-122.5949985,45.5229156],[-122.5936318,45.5229178],[-122.593621,45.522918],[-122.5931226,45.5229347],[-122.5926453,45.5229358],[-122.5921673,45.522914],[-122.5921892,45.5222888],[-122.5921763,45.5222281],[-122.5921163,45.5220615],[-122.5920934,45.5220238],[-122.5920704,45.5219861],[-122.5920257,45.5219489],[-122.5919707,45.521927],[-122.5914534,45.5217078],[-122.5914425,45.521708],[-122.590959,45.5215264],[-122.5899783,45.5210794],[-122.5890302,45.5206319],[-122.5886662,45.5204557],[-122.5887299,45.5204164],[-122.588772,45.5203775],[-122.5888349,45.5203154],[-122.5888553,45.520277],[-122.5888651,45.5202463],[-122.5888746,45.520208],[-122.5888834,45.5201469],[-122.5888821,45.5201088],[-122.5888697,45.5200633],[-122.5888353,45.5200106],[-122.5888348,45.5199954],[-122.5888007,45.5199503],[-122.5887888,45.51992],[-122.5887886,45.5199124],[-122.5887946,45.5194551],[-122.5892829,45.5194614],[-122.5892937,45.5194612],[-122.5895867,45.5194635],[-122.5901615,45.5194606],[-122.5901723,45.5194604],[-122.592125,45.5194705],[-122.5921901,45.5194693],[-122.5922546,45.5194529],[-122.5923083,45.5194367],[-122.5923614,45.5194052],[-122.5924037,45.5193739],[-122.5924347,45.5193277],[-122.592455,45.5192892],[-122.5924535,45.5192435],[-122.5924527,45.5157458],[-122.5924733,45.515715],[-122.5924934,45.5156689],[-122.5925138,45.5156304],[-122.5925122,45.5155847],[-122.592489,45.5155394],[-122.592466,45.5155017],[-122.5923524,45.5153514],[-122.5923188,45.5153215],[-122.5922853,45.5152917],[-122.5920191,45.5151213],[-122.5917844,45.5149198],[-122.5916034,45.5147021],[-122.5915358,45.5146272],[-122.591387,45.5144013],[-122.5911628,45.513872],[-122.5909946,45.513395],[-122.5909659,45.5131898],[-122.5909678,45.5129306],[-122.5910116,45.512625],[-122.5910105,45.5125946],[-122.5909929,45.5123968],[-122.59098,45.512336],[-122.5909092,45.5121697],[-122.5908371,45.5119653],[-122.5908366,45.51195],[-122.5907782,45.5118292],[-122.5907815,45.5116081],[-122.5907932,45.5113183],[-122.5907911,45.5112574],[-122.5908166,45.5110512],[-122.5908521,45.510822],[-122.5909312,45.5105995],[-122.591071,45.5102464],[-122.5915058,45.5096441],[-122.5915161,45.5096287],[-122.5919163,45.508966],[-122.5920821,45.508742],[-122.592198,45.5086408],[-122.5923352,45.5085316],[-122.5923669,45.5085082],[-122.59267,45.508175],[-122.5927118,45.5081285],[-122.5927316,45.5080748],[-122.5927568,45.507861],[-122.5927668,45.5078379],[-122.5927638,45.5074341],[-122.5936422,45.5074333],[-122.5961037,45.5074263],[-122.5973719,45.5074106],[-122.5973883,45.5082028],[-122.5973791,45.5082487],[-122.5973796,45.508264],[-122.5974251,45.5099015],[-122.5974267,45.5099472],[-122.5974499,45.5099925],[-122.5974837,45.51003],[-122.5975173,45.5100598],[-122.5975725,45.5100893],[-122.5976275,45.5101111],[-122.5976822,45.5101254],[-122.5977473,45.5101242],[-122.601424,45.5101329],[-122.6014751,45.5119304],[-122.6014767,45.5119761],[-122.6015,45.5120214],[-122.6015338,45.5120588],[-122.6015785,45.5120961],[-122.6016226,45.5121182],[-122.6016884,45.5121398],[-122.601754,45.5121539],[-122.601819,45.5121527],[-122.6044943,45.5120501],[-122.6045051,45.5120499],[-122.6063894,45.5119695],[-122.6063804,45.512023],[-122.6063928,45.5120685],[-122.6064053,45.512114],[-122.6064391,45.5121515],[-122.6064729,45.512189],[-122.6065282,45.5122185],[-122.6065831,45.5122403],[-122.6066487,45.5122543],[-122.6067032,45.512261],[-122.6082866,45.5122623],[-122.6082975,45.5122621],[-122.6091215,45.5122545],[-122.6102605,45.512264],[-122.6102714,45.5122638],[-122.6114316,45.5122576],[-122.6114964,45.5122488],[-122.6115612,45.51224],[-122.6116146,45.5122161],[-122.6116677,45.5121847],[-122.6117097,45.5121458],[-122.6117827,45.5120606],[-122.6118139,45.5120219],[-122.611834,45.5119758],[-122.6118324,45.5119301],[-122.6115565,45.5080335],[-122.6115214,45.5067082],[-122.6114921,45.5055504],[-122.6119801,45.505549],[-122.6131727,45.5055422],[-122.6179977,45.5055215],[-122.6180194,45.5055211],[-122.6183442,45.5055075],[-122.6183767,45.5055069],[-122.6185387,45.5054887],[-122.6185818,45.5054802],[-122.6187219,45.5054548],[-122.6187542,45.5054466],[-122.6188509,45.5054219],[-122.6189151,45.5053978],[-122.6190322,45.5053347],[-122.619064,45.5053113],[-122.6194353,45.5050758]]]}},{"type":"Feature","properties":{"boundary_id":"b-middle-5","school_name":null,"review_status":"unverified"},"geometry":{"type":"Polygon","coordinates":[[[-122.6872882,45.5410827],[-122.6893889,45.5430777],[-122.6909504,45.5445569],[-122.6944337,45.5478745],[-122.6944781,45.5479041],[-122.6945223,45.5479261],[-122.7085822,45.554402],[-122.7231741,45.5625888],[-122.730276,45.5665292],[-122.7250938,45.569686],[-122.7246265,45.5699694],[-122.7245308,45.5700246],[-122.7245094,45.5700326],[-122.7236388,45.5705678],[-122.7235859,45.5706069],[-122.7213618,45.5727307],[-122.721023,45.5729659],[-122.7208216,45.5730993],[-122.7207796,45.5731382],[-122.7207484,45.5731769],[-122.7207287,45.5732307],[-122.7207195,45.5732766],[-122.720732,45.5733221],[-122.7207554,45.5733674],[-122.7200836,45.5737004],[-122.719913,45.5737876],[-122.7184019,45.5743274],[-122.7182945,45.5743599],[-122.7156081,45.5748232],[-122.7140436,45.5750896],[-122.7127297,45.5750844],[-122.7123166,45.5750694],[-122.7123058,45.5750696],[-122.7120017,45.5750678],[-122.7098481,45.5749568],[-122.7088903,45.5748913],[-122.7078536,45.5747435],[-122.7067805,45.5744897],[-122.7057941,45.5742342],[-122.7044768,45.5738326],[-122.7042354,45.573761],[-122.7038057,45.5735863],[-122.7035175,45.5734241],[-122.7028195,45.5730335],[-122.7027644,45.5730117],[-122.7026985,45.5729901],[-122.7026331,45.5729837],[-122.702568,45.572985],[-122.7025032,45.5729938],[-122.7024498,45.5730177],[-122.7023966,45.5730492],[-122.7023544,45.5730805],[-122.7023123,45.5731194],[-122.7022923,45.5731656],[-122.7022939,45.5732112],[-122.7022977,45.5736151],[-122.7022926,45.5758789],[-122.7022978,45.576923],[-122.7012774,45.5769272],[-122.698715,45.5769228],[-122.6979875,45.5769214],[-122.6979767,45.5769217],[-122.6977052,45.5769192],[-122.6963045,45.5769154],[-122.6946543,45.5769164],[-122.6932536,45.5769126],[-122.6922329,45.5769092],[-122.6922221,45.5769094],[-122.6901813,45.5769177],[-122.6899097,45.5769152],[-122.6896708,45.5769122],[-122.6896599,45.5769124],[-122.6893778,45.5769177],[-122.6891606,45.5769142],[-122.6891497,45.5769144],[-122.688846,45.5769202],[-122.6886395,45.5769165],[-122.6886287,45.5769167],[-122.6883032,45.5769229],[-122.687771,45.5769178],[-122.6877602,45.576918],[-122.6872286,45.5769281],[-122.6866747,45.5769233],[-122.6866744,45.5769157],[-122.6860557,45.5769198],[-122.6855995,45.5769132],[-122.6850456,45.5769085],[-122.6840252,45.5769126],[-122.6830157,45.5769165],[-122.6830048,45.5769167],[-122.6818865,45.576915],[-122.6818757,45.5769152],[-122.6799781,45.5769817],[-122.6796306,45.5769806],[-122.6796198,45.5769808],[-122.6785676,45.5770083],[-122.6784697,45.5770026],[-122.6784046,45.5770038],[-122.6783398,45.5770126],[-122.6782752,45.5770291],[-122.6782221,45.5770606],[-122.6781798,45.5770919],[-122.678138,45.5771384],[-122.6781177,45.5771769],[-122.6781087,45.5772304],[-122.6780656,45.5811867],[-122.6780661,45.5812019],[-122.6781669,45.5825033],[-122.6781677,45.5825261],[-122.6783798,45.5835967],[-122.678392,45.5836346],[-122.6805043,45.5883504],[-122.6805385,45.5883955],[-122.6805722,45.5884254],[-122.6806058,45.5884552],[-122.6806612,45.5884847],[-122.680716,45.5884989],[-122.6807816,45.5885129],[-122.6808578,45.588519],[-122.6808795,45.5885186],[-122.6823261,45.5885827],[-122.6830703,45.5887439],[-122.6839281,45.5890478],[-122.6846135,45.5893854],[-122.6846575,45.5893998],[-122.6852405,45.5896098],[-122.6852845,45.5896242],[-122.6865662,45.5899353],[-122.686577,45.5899351],[-122.6884597,45.590349],[-122.6890188,45.5904985],[-122.6902724,45.590932],[-122.6916698,45.5914389],[-122.6930332,45.5919084],[-122.6930549,45.591908],[-122.6940754,45.5922011],[-122.6948895,45.5924905],[-122.6954851,45.5927459],[-122.6955073,45.5927607],[-122.6963985,45.5930791],[-122.6974546,45.5934554],[-122.6983465,45.5937966],[-122.6983796,45.5938112],[-122.6993228,45.5940676],[-122.699334,45.594075],[-122.6998595,45.5941946],[-122.7007037,45.5944147],[-122.7014633,45.5946975],[-122.7015401,45.5947189],[-122.7021848,45.5948285],[-122.7022176,45.5948355],[-122.7028064,45.5949005],[-122.7034163,45.5949499],[-122.7034381,45.5949494],[-122.7035252,45.5949554],[-122.7035577,45.5949548],[-122.7037639,45.5949508],[-122.7045233,45.5949287],[-122.7047729,45.5949239],[-122.7057299,45.594959],[-122.7057844,45.5949656],[-122.7064848,45.5951123],[-122.7069241,45.5952487],[-122.7079898,45.5955865],[-122.7086284,45.5958258],[-122.7091011,45.5959845],[-122.7091456,45.5960141],[-122.7092333,45.5960353],[-122.7098905,45.5961904],[-122.7099017,45.5961978],[-122.7111811,45.5964401],[-122.711192,45.5964398],[-122.7119458,45.5965626],[-122.7127043,45.5968148],[-122.7132909,45.5971161],[-122.7143426,45.5976675],[-122.7148997,45.5980532],[-122.7153563,45.5983646],[-122.7158029,45.598699],[-122.716351,45.5991381],[-122.7163736,45.5991606],[-122.7170631,45.5996047],[-122.717074,45.5996044],[-122.7180741,45.6002255],[-122.7180852,45.6002329],[-122.718551,45.6004983],[-122.718595,45.6005127],[-122.7186501,45.6005345],[-122.717448,45.6015256],[-122.711879,45.6060912],[-122.7099696,45.6076521],[-122.7055184,45.6113193],[-122.7055076,45.6113195],[-122.7046113,45.6120683],[-122.7045801,45.612107],[-122.7044342,45.6122774],[-122.7044136,45.6123083],[-122.7037789,45.6133798],[-122.7031293,45.6131407],[-122.7030633,45.6131191],[-122.7029979,45.6131127],[-122.7029328,45.6131139],[-122.7028679,45.6131228],[-122.7028142,45.6131391],[-122.702761,45.6131706],[-122.7027078,45.6132021],[-122.7024556,45.6134355],[-122.7024247,45.6134818],[-122.7023935,45.6135205],[-122.7023954,45.6135738],[-122.702397,45.6136195],[-122.7024204,45.6136648],[-122.7024546,45.6137099],[-122.7024992,45.6137395],[-122.7025437,45.6137692],[-122.7028635,45.6139003],[-122.7032514,45.6141139],[-122.7032628,45.614129],[-122.7032968,45.6141664],[-122.7034203,45.6142784],[-122.703454,45.6143082],[-122.7034988,45.6143455],[-122.703666,45.6144642],[-122.7037325,45.6145011],[-122.7039636,45.6145805],[-122.704074,45.6146318],[-122.7040849,45.6146316],[-122.7047348,45.6148783],[-122.7048013,45.6149152],[-122.7049569,45.6150113],[-122.7050011,45.6150333],[-122.7053432,45.6151792],[-122.7055202,45.6152673],[-122.7055422,45.6152745],[-122.7058174,45.6153759],[-122.7058397,45.6153908],[-122.7060153,45.6154408],[-122.7060707,45.6154702],[-122.7061364,45.6154842],[-122.7062461,45.6155126],[-122.7064,45.615563],[-122.7067638,45.6157085],[-122.7067746,45.6157083],[-122.7072592,45.6158896],[-122.7075239,45.6159989],[-122.7077012,45.6160946],[-122.7077234,45.6161094],[-122.7079441,45.6162042],[-122.7081551,45.6163298],[-122.7083995,45.6164776],[-122.7084768,45.6165142],[-122.7085208,45.6165286],[-122.7085757,45.6165428],[-122.7086305,45.616557],[-122.7086522,45.6165566],[-122.708729,45.616578],[-122.7090594,45.6167012],[-122.7091821,45.6167903],[-122.709227,45.6168276],[-122.7092932,45.6168568],[-122.7095128,45.6169212],[-122.7095576,45.6169585],[-122.7095907,45.6169731],[-122.7100803,45.6172915],[-122.7101026,45.6173063],[-122.7103353,45.6174314],[-122.7103575,45.6174462],[-122.7105671,45.6175337],[-122.7105894,45.6175485],[-122.7107984,45.6176207],[-122.7108424,45.6176351],[-122.7109412,45.6176637],[-122.7109629,45.6176633],[-122.7113899,45.6177542],[-122.7118501,45.6178598],[-122.712048,45.6179246],[-122.7126651,45.6181643],[-122.7126979,45.6181713],[-122.7127419,45.6181857],[-122.7133153,45.6184186],[-122.7133264,45.618426],[-122.7137671,45.6185929],[-122.7140769,45.618747],[-122.71411,45.6187617],[-122.7144518,45.6188999],[-122.7144629,45.6189073],[-122.714738,45.6190012],[-122.7149807,45.6191032],[-122.7150138,45.6191178],[-122.7152446,45.6191896],[-122.7153434,45.6192182],[-122.7175441,45.6202812],[-122.7230465,45.6233921],[-122.7230685,45.6233993],[-122.7257447,45.6246817],[-122.7280641,45.6260091],[-122.7281412,45.6260381],[-122.729175,45.6263764],[-122.7298215,45.6268213],[-122.7306097,45.627576],[-122.7306768,45.627628],[-122.7317955,45.6282086],[-122.7328219,45.629233],[-122.7328667,45.6292703],[-122.735128,45.6307816],[-122.7351283,45.6307892],[-122.7368751,45.6318988],[-122.7379085,45.6328164],[-122.7379419,45.6328386],[-122.7393477,45.6338328],[-122.7417099,45.6354183],[-122.7429888,45.6365064],[-122.7429681,45.6371242],[-122.7429684,45.6371318],[-122.7429267,45.6404254],[-122.7429188,45.6413936],[-122.7429168,45.6422244],[-122.7429052,45.6424991],[-122.7429055,45.6425067],[-122.7428718,45.6466081],[-122.7378263,45.6441826],[-122.73776,45.6441533],[-122.713637,45.6377337],[-122.7092433,45.635249],[-122.7092322,45.6352416],[-122.7024725,45.631628],[-122.6964463,45.628145],[-122.6931799,45.6261491],[-122.6931687,45.6261417],[-122.6893202,45.6239662],[-122.6892871,45.6239516],[-122.6826632,45.6210282],[-122.6826412,45.6210209],[-122.6750439,45.6181993],[-122.6748126,45.6181122],[-122.6748015,45.6181048],[-122.6744823,45.6179888],[-122.6720167,45.6170901],[-122.6719727,45.6170757],[-122.6703933,45.6166557],[-122.6593641,45.6138289],[-122.6413691,45.6093472],[-122.6412817,45.6093335],[-122.6354208,45.60916],[-122.6353978,45.608505],[-122.6353382,45.605877],[-122.635253,45.6009709],[-122.6352994,45.6004366],[-122.6353817,45.5993758],[-122.635537,45.5982298],[-122.6355367,45.5982222],[-122.6357079,45.596291],[-122.6357077,45.5962834],[-122.6357313,45.595719],[-122.6358202,45.5954659],[-122.6358292,45.5954124],[-122.6358352,45.5943454],[-122.6358227,45.5942999],[-122.6358105,45.594262],[-122.6357766,45.5942245],[-122.6357427,45.594187],[-122.6356874,45.5941576],[-122.6356323,45.5941357],[-122.6355667,45.5941217],[-122.6355124,45.5941227],[-122.6307449,45.5941194],[-122.6307499,45.5905376],[-122.6307483,45.5904919],[-122.630725,45.5904466],[-122.6306911,45.5904091],[-122.6306572,45.5903717],[-122.6306019,45.5903422],[-122.6305468,45.5903203],[-122.6304812,45.5903063],[-122.620545,45.5890567],[-122.6205504,45.5867171],[-122.6205428,45.5830671],[-122.6205451,45.5787691],[-122.6221847,45.5778397],[-122.6222276,45.5778236],[-122.6222808,45.5777922],[-122.6223231,45.5777609],[-122.6223649,45.5777144],[-122.622385,45.5776683],[-122.6223834,45.5776226],[-122.6223792,45.5756337],[-122.6242567,45.5753019],[-122.6243213,45.5752855],[-122.624375,45.5752693],[-122.6244173,45.575238],[-122.6244596,45.5752067],[-122.62448,45.5751683],[-122.6245001,45.5751222],[-122.6245096,45.5750839],[-122.62449,45.5726533],[-122.6244892,45.5726305],[-122.6244609,45.5724405],[-122.6244587,45.5717547],[-122.6245013,45.571731],[-122.624809,45.5715272],[-122.624851,45.5714883],[-122.6248822,45.5714496],[-122.6249023,45.5714035],[-122.6249116,45.5713576],[-122.6249093,45.5700469],[-122.6249077,45.5700013],[-122.6248844,45.569956],[-122.6248614,45.5699183],[-122.6248167,45.569881],[-122.6247616,45.5698592],[-122.6247066,45.5698373],[-122.6246518,45.5698231],[-122.6246413,45.5682763],[-122.6246288,45.5682308],[-122.6246164,45.5681853],[-122.6245825,45.5681478],[-122.6245378,45.5681106],[-122.6245156,45.5680957],[-122.6245191,45.5666401],[-122.6245839,45.5666313],[-122.6246373,45.5666075],[-122.6246905,45.566576],[-122.6247329,45.5665447],[-122.6247532,45.5665063],[-122.6247733,45.5664602],[-122.6247826,45.5664143],[-122.6247837,45.5652026],[-122.6247821,45.5651569],[-122.6247588,45.5651116],[-122.6247358,45.5650739],[-122.6246911,45.5650366],[-122.6246691,45.5650294],[-122.6246892,45.5646709],[-122.6246879,45.5646328],[-122.6246649,45.5645951],[-122.6246061,45.5644667],[-122.6246053,45.5641314],[-122.6253434,45.564133],[-122.6274275,45.5641326],[-122.6274923,45.5641237],[-122.6275463,45.5641151],[-122.6275997,45.5640913],[-122.6276529,45.5640598],[-122.6276952,45.5640285],[-122.6277264,45.5639899],[-122.6277465,45.5639438],[-122.6277449,45.5638981],[-122.6277564,45.5629834],[-122.6304801,45.5629635],[-122.6357437,45.5629421],[-122.6368834,45.5629438],[-122.6376324,45.5629451],[-122.6376311,45.564454],[-122.6376284,45.5659249],[-122.6376302,45.566283],[-122.6376426,45.5663285],[-122.6376551,45.566374],[-122.6376889,45.5664115],[-122.6377334,45.5664411],[-122.6377779,45.5664708],[-122.6378329,45.5664926],[-122.6378985,45.5665067],[-122.6379636,45.5665055],[-122.6400911,45.566504],[-122.640102,45.5665038],[-122.6408399,45.5664977],[-122.6408358,45.5682353],[-122.6408372,45.5682734],[-122.6408605,45.5683187],[-122.6408835,45.5683564],[-122.6409282,45.5683937],[-122.6409727,45.5684233],[-122.6410386,45.5684449],[-122.6410934,45.5684592],[-122.6411585,45.568458],[-122.6429712,45.5684547],[-122.6429736,45.5691405],[-122.6429752,45.5691862],[-122.6429985,45.5692315],[-122.6430324,45.569269],[-122.6430663,45.5693065],[-122.6431216,45.5693359],[-122.6431764,45.5693502],[-122.6432311,45.5693644],[-122.6432965,45.5693708],[-122.6452937,45.5693641],[-122.6464335,45.5693657],[-122.6464986,45.5693645],[-122.6465632,45.569348],[-122.6466169,45.5693318],[-122.64667,45.5693003],[-122.6467124,45.569269],[-122.6467327,45.5692305],[-122.6467528,45.5691844],[-122.646762,45.5691385],[-122.6467676,45.5686812],[-122.6478096,45.568677],[-122.6481462,45.5686783],[-122.6498396,45.5686772],[-122.6499047,45.568676],[-122.6499695,45.5686671],[-122.6500229,45.5686433],[-122.6500655,45.5686196],[-122.6501078,45.5685884],[-122.650139,45.5685497],[-122.6501594,45.5685112],[-122.6501686,45.5684653],[-122.650167,45.5684196],[-122.650128,45.5682374],[-122.6501429,45.5665072],[-122.6507295,45.5665191],[-122.6508383,45.5665247],[-122.6508491,45.5665245],[-122.6509795,45.5665296],[-122.6509904,45.5665294],[-122.6518916,45.5665355],[-122.6539109,45.5665434],[-122.6549097,45.5665476],[-122.6559196,45.5665591],[-122.6571576,45.566574],[-122.6571687,45.5665815],[-122.6581889,45.5665776],[-122.6594373,45.566577],[-122.6601874,45.5666087],[-122.6602091,45.5666083],[-122.6610126,45.566616],[-122.6611113,45.5666447],[-122.6611658,45.5666513],[-122.6612203,45.5666579],[-122.6618609,45.5666611],[-122.6618717,45.5666609],[-122.6645642,45.5666712],[-122.6646293,45.56667],[-122.6646829,45.5666537],[-122.6647366,45.5666375],[-122.6647898,45.566606],[-122.6648321,45.5665747],[-122.6648633,45.566536],[-122.6648834,45.5664899],[-122.6648926,45.566444],[-122.6649317,45.5629604],[-122.6651489,45.5629639],[-122.6656701,45.5629694],[-122.6656809,45.5629692],[-122.6667553,45.5629642],[-122.6672763,45.562962],[-122.6672871,45.5629618],[-122.6678295,45.5629516],[-122.6679382,45.5629571],[-122.6679491,45.5629569],[-122.6694902,45.5629507],[-122.669501,45.5629505],[-122.6699569,45.5629496],[-122.6727785,45.5629344],[-122.6728435,45.5629332],[-122.6728972,45.5629169],[-122.6729615,45.5628928],[-122.6730041,45.5628692],[-122.6730461,45.5628303],[-122.6730773,45.5627916],[-122.6730976,45.5627531],[-122.673096,45.5627074],[-122.6731146,45.5614038],[-122.6748293,45.5613942],[-122.6748835,45.5613932],[-122.674948,45.5613768],[-122.6750017,45.5613605],[-122.6750549,45.561329],[-122.6750972,45.5612977],[-122.6751284,45.561259],[-122.6751484,45.5612129],[-122.6751468,45.5611672],[-122.6751783,45.5584001],[-122.6751769,45.558362],[-122.6751647,45.5583241],[-122.6751061,45.5582033],[-122.6751247,45.5568997],[-122.6751245,45.556892],[-122.6751241,45.5559699],[-122.6754413,45.5557352],[-122.6758646,45.5557348],[-122.6764397,45.5557316],[-122.6765048,45.5557303],[-122.6765585,45.5557141],[-122.676623,45.5556976],[-122.6766653,45.5556663],[-122.6767076,45.555635],[-122.6767385,45.5555887],[-122.6767588,45.5555502],[-122.6767572,45.5555045],[-122.6767671,45.5548718],[-122.6769732,45.5548679],[-122.6774618,45.5548739],[-122.6785906,45.5548753],[-122.6786557,45.5548741],[-122.6787205,45.5548652],[-122.6787739,45.5548414],[-122.6788162,45.5548101],[-122.6788585,45.5547788],[-122.6788896,45.5547401],[-122.67891,45.5547016],[-122.6789192,45.5546557],[-122.6789305,45.5543659],[-122.6789754,45.5534962],[-122.6789749,45.5534809],[-122.6789596,45.5527496],[-122.6789824,45.5509581],[-122.6789894,45.5508513],[-122.6790063,45.5495019],[-122.6790093,45.5480691],[-122.6797888,45.5468043],[-122.6801144,45.5465009],[-122.6810281,45.5456528],[-122.6812184,45.545512],[-122.6814093,45.5453865],[-122.6828277,45.5443916],[-122.6832828,45.5440704],[-122.6835899,45.5438588],[-122.6841721,45.5434514],[-122.6854951,45.5425193],[-122.6858673,45.5423064],[-122.6859201,45.5422673],[-122.6872882,45.5410827]]]}},{"type":"Feature","properties":{"boundary_id":"b-middle-6","school_name":null,"review_status":"unverified"},"geometry":{"type":"Polygon","coordinates":[[[-122.6922458,45.4897395],[-122.69229,45.4897615],[-122.692345,45.4897834],[-122.6923994,45.4897899],[-122.6924539,45.4897965],[-122.6943946,45.4897973],[-122.6944596,45.4897961],[-122.6951177,45.4897072],[-122.6951822,45.4896907],[-122.6952358,45.4896744],[-122.6952781,45.4896431],[-122.6953203,45.4896118],[-122.6953514,45.4895731],[-122.6959045,45.4895777],[-122.6966743,45.4895782],[-122.6980838,45.4895815],[-122.6980844,45.4895968],[-122.6981077,45.489642],[-122.6981652,45.4897324],[-122.6981996,45.4897851],[-122.6982551,45.4898221],[-122.6983768,45.4898884],[-122.6984318,45.4899102],[-122.6987615,45.4900334],[-122.6988162,45.4900476],[-122.6990237,45.4900893],[-122.6991117,45.4901257],[-122.6991564,45.490163],[-122.6992017,45.4902155],[-122.6992264,45.4902988],[-122.6992416,45.4904205],[-122.6992444,45.4904967],[-122.6992457,45.4905347],[-122.6992482,45.4906033],[-122.6992718,45.4906562],[-122.6993415,45.4907844],[-122.6993526,45.4907918],[-122.699422,45.4909124],[-122.6994447,45.4909425],[-122.6996141,45.4911298],[-122.6996252,45.4911372],[-122.6996927,45.4912045],[-122.6997371,45.4912341],[-122.6997816,45.4912638],[-122.6998916,45.4913074],[-122.6999246,45.491322],[-122.7000563,45.4913652],[-122.7001002,45.4913796],[-122.7002966,45.4914139],[-122.7003735,45.4914429],[-122.7003957,45.4914577],[-122.7004182,45.4914801],[-122.700419,45.491503],[-122.7004212,45.4915639],[-122.7002938,45.4919399],[-122.7002844,45.4919781],[-122.7002782,45.4921078],[-122.7002793,45.4921383],[-122.7002815,45.4921992],[-122.700294,45.4922447],[-122.700317,45.4922824],[-122.7003851,45.4923649],[-122.7004081,45.4924026],[-122.7004756,45.4924699],[-122.70052,45.4924995],[-122.7005325,45.492545],[-122.7005664,45.4925825],[-122.7006111,45.4926197],[-122.7006664,45.4926491],[-122.7007214,45.4926709],[-122.7007869,45.4926849],[-122.7008519,45.4926837],[-122.7010361,45.4926801],[-122.7010469,45.4926799],[-122.701155,45.4926702],[-122.7011767,45.4926698],[-122.7013389,45.492659],[-122.701382,45.4926506],[-122.701522,45.492625],[-122.7015651,45.4926166],[-122.7021761,45.4924219],[-122.7022519,45.4924204],[-122.7023933,45.4924329],[-122.7024911,45.4924386],[-122.7026008,45.4924746],[-122.7026886,45.4925034],[-122.7027989,45.4925547],[-122.7028433,45.4925843],[-122.7028989,45.4926213],[-122.7030002,45.4927261],[-122.7030907,45.492831],[-122.7031821,45.4929589],[-122.7031929,45.4929586],[-122.7032157,45.4929887],[-122.703216,45.4929963],[-122.7032179,45.4930496],[-122.703192,45.4932331],[-122.7031555,45.4934243],[-122.7031558,45.4934319],[-122.703138,45.493539],[-122.7031402,45.4935999],[-122.7031543,45.4936911],[-122.7031893,45.493759],[-122.7032123,45.4937967],[-122.7032462,45.4938341],[-122.7032798,45.493864],[-122.7033354,45.493901],[-122.7033909,45.4939381],[-122.7034679,45.4939671],[-122.703512,45.4939891],[-122.7035665,45.4939956],[-122.7036648,45.4940166],[-122.7037409,45.4940228],[-122.7040338,45.4940247],[-122.7040885,45.4940389],[-122.7040999,45.4940539],[-122.7041015,45.4940996],[-122.704082,45.494161],[-122.7040426,45.4942685],[-122.7040428,45.4942761],[-122.7040128,45.4943453],[-122.7040139,45.4943757],[-122.703995,45.4944523],[-122.7039966,45.494498],[-122.7040099,45.4945664],[-122.7040335,45.4946193],[-122.7040566,45.4946569],[-122.7040685,45.4946872],[-122.7041143,45.4947549],[-122.7041591,45.4947921],[-122.7042035,45.4948218],[-122.7042921,45.4948734],[-122.7043254,45.4948956],[-122.7044135,45.494932],[-122.7044685,45.4949538],[-122.7045124,45.4949682],[-122.7045777,45.4949746],[-122.7046213,45.4949814],[-122.7046863,45.4949801],[-122.7047082,45.4949873],[-122.7048058,45.4949854],[-122.7048813,45.4949764],[-122.7049786,45.4949669],[-122.7050322,45.4949506],[-122.7052361,45.4948933],[-122.7053111,45.494869],[-122.7054295,45.4948438],[-122.7054942,45.494835],[-122.7056129,45.4948174],[-122.7056451,45.4948092],[-122.705894,45.4947968],[-122.7059916,45.4947949],[-122.7061002,45.4948004],[-122.7063722,45.4948256],[-122.7064161,45.49484],[-122.7064269,45.4948398],[-122.7063129,45.4949868],[-122.7059903,45.4953589],[-122.7058949,45.4954217],[-122.7058419,45.4954533],[-122.705811,45.4954996],[-122.7057802,45.4955459],[-122.7057131,45.4957911],[-122.7057039,45.495837],[-122.7057056,45.4958827],[-122.7057292,45.4959356],[-122.7057533,45.4960037],[-122.7057989,45.4960638],[-122.7058328,45.4961013],[-122.7058772,45.4961309],[-122.7059547,45.4961752],[-122.7059991,45.4962048],[-122.7060539,45.496219],[-122.7061417,45.4962478],[-122.7062181,45.4962615],[-122.7062939,45.4962601],[-122.706402,45.4962504],[-122.7070643,45.4962757],[-122.7073477,45.4963159],[-122.7078933,45.4964121],[-122.7080353,45.4964398],[-122.7081892,45.4964978],[-122.7084103,45.4966155],[-122.7088469,45.4969958],[-122.7089925,45.4971226],[-122.7090258,45.4971448],[-122.7093369,45.4973522],[-122.7096366,45.4975446],[-122.7097366,45.4976112],[-122.7098164,45.4977164],[-122.7099536,45.4979119],[-122.7103565,45.4985596],[-122.7106822,45.499468],[-122.7107055,45.4995132],[-122.7107063,45.4995361],[-122.710701,45.4996886],[-122.7106487,45.5000403],[-122.7106495,45.5000631],[-122.710649,45.5009473],[-122.7106493,45.5009549],[-122.7106176,45.5009784],[-122.7105865,45.5010171],[-122.7105662,45.5010556],[-122.7105676,45.5010937],[-122.7105692,45.5011394],[-122.7105814,45.5011773],[-122.7106178,45.5012833],[-122.7106287,45.5012831],[-122.7106642,45.5013662],[-122.7106759,45.5013888],[-122.710722,45.5014642],[-122.7107556,45.501494],[-122.7108234,45.5015689],[-122.710857,45.5015988],[-122.7109236,45.5016432],[-122.7109348,45.5016506],[-122.7109903,45.5016876],[-122.7110345,45.5017097],[-122.7111117,45.5017463],[-122.7111665,45.5017605],[-122.7112212,45.5017746],[-122.7112756,45.5017812],[-122.7115688,45.5017908],[-122.7117752,45.501802],[-122.7118733,45.5018154],[-122.7119608,45.5018366],[-122.7122481,45.5019834],[-122.713054,45.5023794],[-122.7131091,45.5024012],[-122.7131638,45.5024154],[-122.7132288,45.5024142],[-122.7132938,45.5024129],[-122.7133477,45.5024042],[-122.7134119,45.5023801],[-122.7134544,45.5023564],[-122.7134964,45.5023175],[-122.71357,45.5022551],[-122.7138443,45.502044],[-122.7138868,45.5020203],[-122.7139188,45.5020044],[-122.7142359,45.5017773],[-122.7144057,45.5016749],[-122.7144376,45.501659],[-122.7149865,45.5012444],[-122.7149973,45.5012442],[-122.7151343,45.5011348],[-122.7152404,45.5010718],[-122.7164639,45.5004231],[-122.7165601,45.5003831],[-122.7169143,45.5002847],[-122.7169793,45.5002835],[-122.7174316,45.5004958],[-122.7175089,45.5005324],[-122.7175639,45.5005542],[-122.7176186,45.5005683],[-122.7176839,45.5005747],[-122.71776,45.5005808],[-122.7178251,45.5005796],[-122.7178898,45.5005707],[-122.7179432,45.5005468],[-122.7179965,45.5005229],[-122.7180813,45.5004679],[-122.7181129,45.5004444],[-122.7181443,45.5004133],[-122.7183316,45.5001963],[-122.7183314,45.5001886],[-122.7184661,45.5000183],[-122.7185184,45.499964],[-122.7185603,45.4999251],[-122.7190377,45.4996338],[-122.7192186,45.4995388],[-122.7194211,45.4994434],[-122.7197429,45.4993457],[-122.7200869,45.4992628],[-122.7203669,45.4992116],[-122.7204317,45.4992027],[-122.7205295,45.4992084],[-122.7205839,45.499215],[-122.7205948,45.4992148],[-122.721433,45.4993052],[-122.7220759,45.4993918],[-122.7223918,45.4994314],[-122.7224571,45.4994377],[-122.7225221,45.4994365],[-122.7225758,45.4994202],[-122.7226399,45.4993961],[-122.7230662,45.4991896],[-122.7241773,45.4987335],[-122.7245621,45.4985812],[-122.7247555,45.4985317],[-122.7249385,45.4984976],[-122.7254892,45.4984335],[-122.7255867,45.4984317],[-122.7257065,45.4984446],[-122.7259354,45.4984782],[-122.7260338,45.4984992],[-122.7260994,45.4985131],[-122.7262297,45.4985182],[-122.7262841,45.4985248],[-122.726468,45.4985136],[-122.7265003,45.4985053],[-122.7267378,45.4984778],[-122.7267914,45.4984615],[-122.7270168,45.4983962],[-122.7273191,45.4983598],[-122.7273944,45.4983431],[-122.7279306,45.4981802],[-122.7288627,45.4981696],[-122.7289927,45.4981671],[-122.7293942,45.4984718],[-122.7293948,45.498487],[-122.7293956,45.4985098],[-122.7293862,45.4988454],[-122.7293865,45.498853],[-122.7293823,45.4999279],[-122.7293826,45.4999355],[-122.7294021,45.5007659],[-122.7294038,45.5008116],[-122.7294271,45.5008569],[-122.729461,45.5008944],[-122.7295057,45.5009316],[-122.729561,45.500961],[-122.7296158,45.5009752],[-122.7296814,45.5009892],[-122.729997,45.5010211],[-122.7300201,45.5010588],[-122.7300431,45.5010964],[-122.7300876,45.5011261],[-122.730132,45.5011557],[-122.7301868,45.5011699],[-122.7302523,45.5011838],[-122.7303068,45.5011904],[-122.731142,45.5011969],[-122.7311959,45.5011883],[-122.7312607,45.5011794],[-122.7313248,45.5011553],[-122.7313673,45.5011316],[-122.7314093,45.5010926],[-122.7314404,45.5010539],[-122.7314604,45.5010078],[-122.7314699,45.5009695],[-122.7314693,45.500657],[-122.73199,45.5006621],[-122.7320239,45.5006995],[-122.7320792,45.5007289],[-122.7321345,45.5007583],[-122.7322,45.5007723],[-122.732265,45.500771],[-122.7326232,45.5007793],[-122.7326288,45.5009316],[-122.7326302,45.5009697],[-122.7326535,45.501015],[-122.7326766,45.5010526],[-122.7327213,45.5010899],[-122.7327658,45.5011195],[-122.7328208,45.5011413],[-122.7328863,45.5011553],[-122.7329514,45.501154],[-122.7332659,45.5011555],[-122.7332663,45.5026494],[-122.733268,45.5026951],[-122.7332913,45.5027404],[-122.7333255,45.5027855],[-122.73337,45.5028151],[-122.7334144,45.5028447],[-122.7334803,45.5028663],[-122.7335459,45.5028803],[-122.7336109,45.502879],[-122.7336756,45.5028701],[-122.7337401,45.5028536],[-122.7339968,45.5027571],[-122.7340524,45.5027942],[-122.734108,45.5028312],[-122.7341741,45.5028604],[-122.7342397,45.5028743],[-122.7343269,45.5028879],[-122.7344031,45.502894],[-122.7344686,45.502908],[-122.7345339,45.5029143],[-122.7345987,45.5029054],[-122.7346631,45.5028889],[-122.7347273,45.5028648],[-122.7347696,45.5028335],[-122.7348115,45.5027946],[-122.7359527,45.501385],[-122.7360394,45.5013833],[-122.7349474,45.5026547],[-122.7349165,45.502701],[-122.7348965,45.5027472],[-122.7348982,45.5027929],[-122.7349107,45.5028384],[-122.7349341,45.5028836],[-122.7349791,45.5029285],[-122.7350344,45.5029579],[-122.7357413,45.50331],[-122.7356896,45.5033796],[-122.7356471,45.5034033],[-122.7354107,45.5034612],[-122.735389,45.5034617],[-122.7353354,45.503478],[-122.7352715,45.5035097],[-122.7351756,45.5035573],[-122.7351334,45.5035886],[-122.7351017,45.5036121],[-122.7350284,45.5036821],[-122.7350081,45.5037207],[-122.7349156,45.5038597],[-122.734895,45.5038906],[-122.7348044,45.5040829],[-122.7347953,45.5041288],[-122.7347125,45.5045344],[-122.7347142,45.5045801],[-122.7347267,45.5046256],[-122.7347501,45.5046709],[-122.7347948,45.5047081],[-122.7348395,45.5047454],[-122.7348946,45.5047671],[-122.7349601,45.5047811],[-122.7350254,45.5047875],[-122.7360783,45.5048126],[-122.7361653,45.5048185],[-122.7362306,45.5048249],[-122.7362953,45.504816],[-122.7363598,45.5047995],[-122.7364131,45.5047756],[-122.7364553,45.5047442],[-122.7364973,45.5047053],[-122.7365284,45.5046666],[-122.7365478,45.5046052],[-122.7367123,45.5043581],[-122.7368162,45.5042341],[-122.7369001,45.5041562],[-122.736974,45.5041014],[-122.73781,45.5035363],[-122.7380114,45.5034104],[-122.7381609,45.5033465],[-122.7383754,45.5032813],[-122.7396535,45.5029437],[-122.7396749,45.5029357],[-122.740018,45.5028299],[-122.7400502,45.5028216],[-122.7403814,45.5026855],[-122.7404131,45.502662],[-122.7404556,45.5026383],[-122.7406875,45.5024585],[-122.7407189,45.5024274],[-122.7413648,45.5017058],[-122.7413956,45.5016595],[-122.741497,45.5014669],[-122.7415067,45.5014362],[-122.7415544,45.50126],[-122.7415636,45.5012141],[-122.7415697,45.5010844],[-122.7415694,45.5010768],[-122.7415652,45.5009625],[-122.7415524,45.5009094],[-122.7415168,45.5008262],[-122.7415051,45.5008036],[-122.7414701,45.5007357],[-122.7410342,45.4997914],[-122.7410226,45.4997688],[-122.7408961,45.4995731],[-122.7408622,45.4995356],[-122.7406713,45.4993564],[-122.7405348,45.4991838],[-122.7404876,45.499078],[-122.7404623,45.4989794],[-122.7404581,45.4988651],[-122.7404572,45.4988423],[-122.7404183,45.4986677],[-122.7404058,45.4986222],[-122.7402999,45.4983956],[-122.7402996,45.498388],[-122.7402307,45.4982827],[-122.7402068,45.4982222],[-122.7401828,45.4981616],[-122.7401701,45.4981085],[-122.7401653,45.497979],[-122.7401725,45.4978798],[-122.7402647,45.4977332],[-122.740358,45.497617],[-122.7404525,45.4975313],[-122.7405583,45.4974606],[-122.7411334,45.4971749],[-122.7411548,45.4971669],[-122.7413775,45.4970329],[-122.7413989,45.4970249],[-122.7415998,45.4968838],[-122.7416209,45.4968681],[-122.7420845,45.4965007],[-122.7420948,45.4964853],[-122.7422731,45.4963217],[-122.7422839,45.4963215],[-122.7425978,45.4960104],[-122.7426189,45.4959948],[-122.7430347,45.4955064],[-122.743045,45.495491],[-122.7432405,45.4952051],[-122.7432507,45.4951896],[-122.7433529,45.4950199],[-122.7433527,45.4950123],[-122.7434943,45.4947351],[-122.743494,45.4947275],[-122.7435343,45.4946429],[-122.7435354,45.4946733],[-122.7435332,45.4949097],[-122.7435335,45.4949173],[-122.7435296,45.4959921],[-122.7435299,45.4959998],[-122.7435397,45.4962664],[-122.7435287,45.4965562],[-122.7435274,45.4979969],[-122.7435399,45.4980424],[-122.7435521,45.4980803],[-122.743586,45.4981177],[-122.7436199,45.4981552],[-122.7436752,45.4981846],[-122.7437303,45.4982064],[-122.743785,45.4982205],[-122.7438503,45.4982269],[-122.7464,45.4982683],[-122.746465,45.498267],[-122.7465295,45.4982505],[-122.7465936,45.4982263],[-122.7469318,45.4982807],[-122.7469862,45.4982872],[-122.747051,45.4982783],[-122.7471049,45.4982696],[-122.7471585,45.4982533],[-122.7472118,45.4982294],[-122.7474719,45.4982243],[-122.7475272,45.4982537],[-122.7475714,45.4982757],[-122.7476369,45.4982897],[-122.7477022,45.498296],[-122.7502953,45.4983364],[-122.7503976,45.498464],[-122.7504423,45.4985012],[-122.7504976,45.4985306],[-122.7505635,45.4985522],[-122.7506291,45.4985662],[-122.7506944,45.4985725],[-122.7508241,45.4985623],[-122.7509219,45.498568],[-122.750998,45.4985741],[-122.7510625,45.4985576],[-122.7511269,45.4985411],[-122.75118,45.4985096],[-122.7512219,45.4984706],[-122.751253,45.4984319],[-122.751273,45.4983858],[-122.7512919,45.4983092],[-122.7513027,45.498309],[-122.7514016,45.4983451],[-122.751545,45.4984109],[-122.7517782,45.4985588],[-122.7518224,45.4985808],[-122.7518663,45.4985951],[-122.7520091,45.4986457],[-122.7527663,45.4988899],[-122.7528319,45.4989039],[-122.7528972,45.4989102],[-122.7529619,45.4989013],[-122.7530267,45.4988924],[-122.7530908,45.4988683],[-122.7531439,45.4988368],[-122.7531858,45.4987978],[-122.753383,45.4985576],[-122.7534138,45.4985113],[-122.7534238,45.4984882],[-122.753476,45.4984338],[-122.7537508,45.4985351],[-122.7538056,45.4985493],[-122.7538709,45.4985556],[-122.753925,45.4985546],[-122.7539901,45.4985533],[-122.7540437,45.498537],[-122.754097,45.4985131],[-122.754182,45.4984656],[-122.7542348,45.4984265],[-122.7542875,45.4983873],[-122.7548738,45.4984063],[-122.7550263,45.4984261],[-122.7551027,45.4984398],[-122.7551789,45.498446],[-122.7553417,45.4984504],[-122.7553742,45.4984497],[-122.7555801,45.4984457],[-122.7558187,45.4984486],[-122.7560574,45.4984515],[-122.7563394,45.4984535],[-122.7574138,45.4984781],[-122.757468,45.498477],[-122.7575327,45.4984681],[-122.7575861,45.4984442],[-122.7576285,45.4984205],[-122.757695,45.4984573],[-122.7577605,45.4984712],[-122.757837,45.4984849],[-122.7583146,45.4984984],[-122.7583796,45.4984971],[-122.758444,45.4984806],[-122.7584976,45.4984643],[-122.758551,45.4984403],[-122.7585929,45.4984014],[-122.758624,45.4983627],[-122.7586443,45.4983242],[-122.7586534,45.4982782],[-122.7586824,45.4978889],[-122.7587591,45.4979103],[-122.7588911,45.497961],[-122.759177,45.4980697],[-122.7594205,45.4982021],[-122.7594424,45.4982093],[-122.7596411,45.4983044],[-122.759652,45.4983042],[-122.7598946,45.4984138],[-122.760115,45.4985085],[-122.7601369,45.4985157],[-122.7603125,45.4985732],[-122.7603234,45.498573],[-122.760499,45.4986305],[-122.7605321,45.4986451],[-122.7608491,45.4987151],[-122.76086,45.4987148],[-122.76098,45.4987353],[-122.7610453,45.4987417],[-122.7611103,45.4987404],[-122.761175,45.4987315],[-122.7615406,45.498648],[-122.7615945,45.4986393],[-122.761627,45.4986387],[-122.7618748,45.4985957],[-122.7618854,45.4985878],[-122.7624452,45.4984776],[-122.7624882,45.4984692],[-122.7625415,45.4984452],[-122.7626602,45.4984277],[-122.7627252,45.4984264],[-122.7628335,45.4984242],[-122.7635512,45.4984786],[-122.7635627,45.4990806],[-122.7636213,45.5009547],[-122.7636339,45.5010001],[-122.7636572,45.5010454],[-122.7636914,45.5010905],[-122.7637359,45.5011201],[-122.7637912,45.5011495],[-122.7638571,45.5011711],[-122.7639224,45.5011774],[-122.7640855,45.5011894],[-122.7640963,45.5011892],[-122.7643458,45.5011919],[-122.7643366,45.5015275],[-122.7643369,45.5015351],[-122.7643391,45.501596],[-122.7643174,45.5015964],[-122.7642524,45.5015977],[-122.764188,45.5016142],[-122.7641238,45.5016384],[-122.7640816,45.5016697],[-122.7640397,45.5017087],[-122.7640086,45.5017474],[-122.7639586,45.5018627],[-122.7639492,45.501901],[-122.7639506,45.5019391],[-122.763952,45.5019772],[-122.7640147,45.5022046],[-122.764038,45.5022499],[-122.7640611,45.5022876],[-122.7640948,45.5023174],[-122.7641392,45.502347],[-122.7641943,45.5023688],[-122.764249,45.502383],[-122.7643143,45.5023893],[-122.7643149,45.5024045],[-122.7640999,45.5024545],[-122.7640354,45.502471],[-122.7639821,45.502495],[-122.7639401,45.5025339],[-122.7639088,45.502565],[-122.7638888,45.5026111],[-122.7638796,45.5026571],[-122.7638813,45.5027028],[-122.7638939,45.5027483],[-122.7639762,45.502922],[-122.7639765,45.5029296],[-122.7639701,45.5033413],[-122.7639704,45.503349],[-122.7639583,45.505072],[-122.7639706,45.5051098],[-122.7639831,45.5051553],[-122.764017,45.5051928],[-122.7640618,45.50523],[-122.7641063,45.5052596],[-122.7641613,45.5052814],[-122.7641655,45.5053956],[-122.7641235,45.5057243],[-122.7641238,45.5057319],[-122.7641175,45.505854],[-122.7616733,45.5057423],[-122.7616624,45.5057425],[-122.7600021,45.5057143],[-122.7595353,45.5057007],[-122.7595136,45.5057011],[-122.759156,45.5057082],[-122.7591452,45.5057084],[-122.7583977,45.5057308],[-122.758311,45.5057325],[-122.7582571,45.5057412],[-122.7581924,45.5057501],[-122.7581391,45.505774],[-122.758086,45.5058055],[-122.7580438,45.5058369],[-122.7580235,45.5058754],[-122.7580035,45.5059215],[-122.7579941,45.5059598],[-122.7580033,45.5076747],[-122.7551942,45.5076692],[-122.7551834,45.5076694],[-122.7510958,45.5076966],[-122.7510308,45.5076978],[-122.7509772,45.5077141],[-122.7509127,45.5077307],[-122.7508705,45.507762],[-122.7508283,45.5077933],[-122.7507972,45.507832],[-122.7507772,45.5078782],[-122.750768,45.5079241],[-122.7507667,45.5081833],[-122.7472868,45.5082212],[-122.7472221,45.5082301],[-122.7471574,45.508239],[-122.747104,45.5082629],[-122.7470509,45.5082944],[-122.7470198,45.5083332],[-122.7469887,45.5083719],[-122.7469687,45.508418],[-122.7469704,45.5084637],[-122.746797,45.5084671],[-122.7466839,45.5083398],[-122.7466497,45.5082947],[-122.7465944,45.5082653],[-122.7465285,45.5082437],[-122.7464629,45.5082298],[-122.7463976,45.5082234],[-122.7462134,45.508227],[-122.7460316,45.5080019],[-122.7459977,45.5079645],[-122.7459424,45.5079351],[-122.7458873,45.5079133],[-122.7458326,45.5078991],[-122.745767,45.5078852],[-122.745702,45.5078865],[-122.7456484,45.5079027],[-122.745014,45.5080524],[-122.7449495,45.5080689],[-122.7448965,45.5081005],[-122.7448437,45.5081396],[-122.7448126,45.5081783],[-122.7447926,45.5082245],[-122.7447834,45.5082704],[-122.744838,45.5106399],[-122.7448704,45.5121104],[-122.7438611,45.5120921],[-122.7437961,45.5120934],[-122.7437424,45.5121097],[-122.743678,45.5121262],[-122.7436249,45.5121577],[-122.7435827,45.512189],[-122.7435518,45.5122354],[-122.7435316,45.5122739],[-122.7435332,45.5123196],[-122.7435297,45.5157651],[-122.7435305,45.5166721],[-122.7435296,45.5172362],[-122.7435297,45.5195992],[-122.7435048,45.5212843],[-122.7434964,45.5231214],[-122.7434978,45.5231595],[-122.7435104,45.523205],[-122.7435443,45.5232425],[-122.743589,45.5232797],[-122.7436335,45.5233093],[-122.7436886,45.5233311],[-122.7437542,45.5233451],[-122.7438192,45.5233438],[-122.7569787,45.5233749],[-122.7576299,45.523385],[-122.7576408,45.5233848],[-122.7579334,45.523379],[-122.7589857,45.5233811],[-122.7589906,45.526735],[-122.7589922,45.5267807],[-122.7590156,45.526826],[-122.7590387,45.5268637],[-122.7590835,45.5269009],[-122.759128,45.5269305],[-122.759183,45.5269523],[-122.7592483,45.5269586],[-122.7593137,45.526965],[-122.7617334,45.5269782],[-122.7617345,45.5270087],[-122.7617197,45.5274892],[-122.7617212,45.5275273],[-122.7617229,45.527573],[-122.7617462,45.5276183],[-122.7617696,45.5276636],[-122.7618144,45.5277008],[-122.7618697,45.5277302],[-122.7619248,45.527752],[-122.7619904,45.5277659],[-122.7620554,45.5277646],[-122.7626733,45.5277524],[-122.7628362,45.5277568],[-122.7628215,45.5297009],[-122.7628218,45.5297086],[-122.7628252,45.5298],[-122.7628269,45.5298457],[-122.7628503,45.5298909],[-122.7628842,45.5299284],[-122.762929,45.5299656],[-122.762984,45.5299874],[-122.7630499,45.530009],[-122.7631152,45.5300153],[-122.7631197,45.5310138],[-122.76312,45.5310214],[-122.7631157,45.5311968],[-122.7631279,45.5312347],[-122.7631404,45.5312802],[-122.7631744,45.5313176],[-122.7632192,45.5313549],[-122.7632637,45.5313845],[-122.7633184,45.5313986],[-122.763384,45.5314126],[-122.7634385,45.5314191],[-122.7640787,45.5314217],[-122.7641021,45.531467],[-122.764136,45.5315045],[-122.76417,45.5315419],[-122.7642253,45.5315713],[-122.7642804,45.5315931],[-122.7643349,45.5315996],[-122.7644002,45.531606],[-122.765702,45.5316031],[-122.7656925,45.5328077],[-122.7657098,45.5338593],[-122.7657223,45.5339048],[-122.7657346,45.5339427],[-122.7657685,45.5339801],[-122.7658133,45.5340174],[-122.7658578,45.534047],[-122.7659129,45.5340687],[-122.7659785,45.5340827],[-122.7660435,45.5340814],[-122.7707736,45.5340717],[-122.7718478,45.5340733],[-122.7718587,45.5340731],[-122.7723249,45.5340638],[-122.773106,45.5340636],[-122.774722,45.5340468],[-122.7747871,45.5340455],[-122.7748407,45.5340292],[-122.7748941,45.5340053],[-122.7749474,45.5339814],[-122.7749894,45.5339424],[-122.7750205,45.5339037],[-122.7750299,45.5338654],[-122.775039,45.5338195],[-122.7750596,45.5320429],[-122.775059,45.5320277],[-122.7750556,45.5319363],[-122.7750393,45.5309151],[-122.7750473,45.530549],[-122.7750907,45.5305482],[-122.7751015,45.530548],[-122.7781176,45.5305491],[-122.7795509,45.5305815],[-122.7794729,45.5319781],[-122.7794732,45.5319857],[-122.779437,45.5339227],[-122.7794387,45.5339684],[-122.779451,45.5340063],[-122.7794852,45.5340513],[-122.7795297,45.5340809],[-122.7795742,45.5341106],[-122.7796293,45.5341323],[-122.779684,45.5341465],[-122.7797494,45.5341528],[-122.7811063,45.5341716],[-122.7836144,45.5342208],[-122.7841682,45.5342326],[-122.784494,45.5342414],[-122.7844749,45.5363381],[-122.7843977,45.5406543],[-122.784398,45.5406619],[-122.7843817,45.5419658],[-122.784376,45.5421031],[-122.7823792,45.5420971],[-122.7823144,45.542106],[-122.7822496,45.5421149],[-122.7821962,45.5421389],[-122.7821429,45.5421628],[-122.7821115,45.5421939],[-122.7820804,45.5422326],[-122.7820604,45.5422788],[-122.782051,45.5423171],[-122.7820527,45.5423628],[-122.7820653,45.5424083],[-122.7820884,45.5424459],[-122.782974,45.5434956],[-122.7828137,45.5435597],[-122.7826576,45.5434485],[-122.7826131,45.5434189],[-122.7825583,45.5434047],[-122.7824926,45.5433908],[-122.7824381,45.5433842],[-122.7823731,45.5433855],[-122.7823083,45.5433944],[-122.7822549,45.5434184],[-122.7822124,45.5434421],[-122.7821705,45.543481],[-122.7821391,45.5435122],[-122.7820055,45.543713],[-122.7812602,45.5432247],[-122.7808485,45.5429508],[-122.7797585,45.5422407],[-122.7797032,45.5422113],[-122.7796481,45.5421895],[-122.7795825,45.5421756],[-122.7795174,45.5421769],[-122.7794635,45.5421855],[-122.7793987,45.5421945],[-122.7793454,45.5422184],[-122.7792923,45.5422499],[-122.7792609,45.542281],[-122.7792298,45.5423198],[-122.7792098,45.5423659],[-122.7792115,45.5424116],[-122.7792132,45.5424573],[-122.7798026,45.5442904],[-122.7801811,45.5454187],[-122.7803748,45.5459561],[-122.780364,45.5459563],[-122.7802556,45.5459585],[-122.7801782,45.5459219],[-122.7800561,45.5458481],[-122.7800341,45.5458409],[-122.7786499,45.5450984],[-122.7775423,45.5444953],[-122.7774869,45.5444659],[-122.7774213,45.544452],[-122.7773559,45.5444457],[-122.7772909,45.544447],[-122.7772264,45.5444635],[-122.7771727,45.5444798],[-122.7771194,45.5445037],[-122.7770774,45.5445427],[-122.7765431,45.5450564],[-122.776512,45.5450951],[-122.776492,45.5451412],[-122.7764829,45.5451872],[-122.7764843,45.5452253],[-122.7765077,45.5452705],[-122.7765311,45.5453158],[-122.7765759,45.545353],[-122.7766201,45.545375],[-122.7768521,45.5454848],[-122.7780805,45.5461236],[-122.7780129,45.5483813],[-122.7780146,45.548427],[-122.7780271,45.5484725],[-122.7780611,45.54851],[-122.778095,45.5485474],[-122.7781504,45.5485768],[-122.7782055,45.5485986],[-122.7782603,45.5486128],[-122.7783256,45.5486191],[-122.7794545,45.5486272],[-122.7826239,45.5486405],[-122.7841763,45.5486553],[-122.7843827,45.5486588],[-122.7843752,45.5499092],[-122.7843755,45.5499168],[-122.7843697,45.5517922],[-122.7843771,45.5545973],[-122.7843782,45.5554968],[-122.7832828,45.5555186],[-122.7832177,45.5555199],[-122.7831641,45.5555362],[-122.7831104,45.5555525],[-122.7830679,45.5555762],[-122.7830259,45.5556152],[-122.7829945,45.5556463],[-122.7825333,45.556372],[-122.7821705,45.5565393],[-122.7821388,45.5565628],[-122.7820966,45.5565941],[-122.7819293,45.5567652],[-122.7809749,45.5573635],[-122.7808644,45.5573123],[-122.7808533,45.5573049],[-122.7800704,45.5569774],[-122.7799269,45.5569116],[-122.7797933,45.5568228],[-122.7797382,45.556801],[-122.7796831,45.5567792],[-122.7796178,45.5567729],[-122.7795633,45.5567664],[-122.7794985,45.5567753],[-122.779434,45.5567918],[-122.7793803,45.5568081],[-122.7793381,45.5568394],[-122.7792536,45.5569021],[-122.7792113,45.5569334],[-122.7791911,45.5569719],[-122.7791711,45.5570181],[-122.7791617,45.5570564],[-122.7792006,45.5610043],[-122.7792044,45.562849],[-122.7792053,45.5628718],[-122.7792187,45.5629402],[-122.7792155,45.5637254],[-122.7792157,45.563733],[-122.7792217,45.563893],[-122.7792234,45.564518],[-122.7792873,45.5697156],[-122.7747561,45.5695995],[-122.7747299,45.5674427],[-122.7747193,45.5662842],[-122.774719,45.5662766],[-122.7746745,45.5627557],[-122.774662,45.5627102],[-122.7746497,45.5626724],[-122.7746157,45.5626349],[-122.7745818,45.5625975],[-122.7737564,45.562004],[-122.7676874,45.5575882],[-122.7640949,45.5549606],[-122.7640841,45.5549608],[-122.7639169,45.5548421],[-122.7639219,45.5543923],[-122.7639346,45.5532715],[-122.7639718,45.5513498],[-122.7640237,45.548071],[-122.7640112,45.5480255],[-122.7639987,45.54798],[-122.7639647,45.5479426],[-122.7639308,45.5479051],[-122.7638754,45.5478757],[-122.7638203,45.547854],[-122.7637547,45.54784],[-122.7636897,45.5478413],[-122.7548138,45.5478711],[-122.7475556,45.5479219],[-122.7476084,45.5443459],[-122.7475958,45.5443004],[-122.7475833,45.5442549],[-122.7475494,45.5442174],[-122.7475046,45.5441802],[-122.7474601,45.5441506],[-122.7473942,45.544129],[-122.7473397,45.5441225],[-122.7470781,45.5440895],[-122.7468915,45.5440321],[-122.7467268,45.543982],[-122.7465386,45.543879],[-122.7463606,45.5437605],[-122.7458024,45.5433369],[-122.7457691,45.5433147],[-122.7456692,45.5432557],[-122.7455919,45.5432191],[-122.7455043,45.5431979],[-122.7454168,45.5431768],[-122.7452755,45.5431719],[-122.745221,45.5431654],[-122.7451671,45.543174],[-122.7450375,45.5431918],[-122.7449839,45.5432081],[-122.7449305,45.543232],[-122.7448451,45.5432718],[-122.7448026,45.5432955],[-122.7447389,45.5433349],[-122.7446967,45.5433662],[-122.7443195,45.5437318],[-122.7442564,45.5437864],[-122.7441925,45.5438181],[-122.7441168,45.5438272],[-122.7440192,45.5438291],[-122.7439756,45.5438224],[-122.7438215,45.5437644],[-122.7429915,45.5433233],[-122.7427373,45.5431987],[-122.7425491,45.5430956],[-122.7423602,45.5429774],[-122.740479,45.5416878],[-122.7404345,45.5416582],[-122.7403795,45.5416364],[-122.7403139,45.5416224],[-122.7402597,45.5416235],[-122.7401946,45.5416247],[-122.7401298,45.5416336],[-122.7400764,45.5416575],[-122.7400233,45.5416891],[-122.7399919,45.5417202],[-122.7399608,45.5417589],[-122.7399405,45.5417974],[-122.7399313,45.5418433],[-122.7398421,45.5444367],[-122.7397882,45.5444453],[-122.7397342,45.544454],[-122.7395738,45.5445181],[-122.7395313,45.5445418],[-122.7394782,45.5445734],[-122.7392674,45.5447452],[-122.7392458,45.5447456],[-122.7377312,45.5445769],[-122.7376984,45.5445699],[-122.7374704,45.5445668],[-122.7374054,45.544568],[-122.7373406,45.5445769],[-122.7372872,45.5446008],[-122.7372338,45.5446247],[-122.7371916,45.544656],[-122.7370553,45.5447883],[-122.7370348,45.5448192],[-122.7370142,45.5448501],[-122.736823,45.5452578],[-122.7368141,45.5453113],[-122.736816,45.5453646],[-122.7368422,45.5454861],[-122.7368544,45.5455239],[-122.7368775,45.5455616],[-122.7369114,45.5455991],[-122.7370458,45.5457108],[-122.7370903,45.5457404],[-122.7371345,45.5457624],[-122.7372001,45.5457764],[-122.7372549,45.5457905],[-122.737494,45.5458011],[-122.7375593,45.5458075],[-122.7376241,45.5457986],[-122.7376883,45.5457745],[-122.7377417,45.5457506],[-122.7378799,45.5456716],[-122.7379327,45.5456325],[-122.7379744,45.545586],[-122.7380258,45.5455087],[-122.7380364,45.5455009],[-122.7382733,45.5454506],[-122.73832,45.5455411],[-122.7383542,45.5455862],[-122.7384098,45.5456232],[-122.7384652,45.5456526],[-122.7385864,45.5457036],[-122.7384263,45.5457753],[-122.7383729,45.5457992],[-122.7383201,45.5458384],[-122.7382892,45.5458847],[-122.7382278,45.545985],[-122.7382078,45.5460311],[-122.7382097,45.5460844],[-122.7382223,45.5461299],[-122.7382456,45.5461752],[-122.7382804,45.5462355],[-122.7382042,45.5462294],[-122.7381394,45.5462383],[-122.7380641,45.546255],[-122.7379245,45.5462958],[-122.7378606,45.5463275],[-122.7377969,45.5463669],[-122.7376921,45.546468],[-122.7375091,45.5465097],[-122.7374555,45.546526],[-122.7374024,45.5465575],[-122.7372536,45.5466443],[-122.7372114,45.5466756],[-122.7371802,45.5467143],[-122.7371491,45.546753],[-122.7371399,45.5467989],[-122.7371305,45.5468372],[-122.737034,45.5468696],[-122.7369698,45.5468937],[-122.7369275,45.546925],[-122.7368855,45.546964],[-122.7368652,45.5470025],[-122.7368249,45.5470871],[-122.7368046,45.5471256],[-122.7368063,45.5471713],[-122.7368186,45.5472092],[-122.7363634,45.5472257],[-122.7362772,45.5472426],[-122.7360728,45.5472923],[-122.7360083,45.5473088],[-122.7356666,45.5474603],[-122.7356549,45.5474376],[-122.7356307,45.5473695],[-122.7356185,45.5473316],[-122.7355954,45.547294],[-122.7355618,45.5472641],[-122.7354502,45.5471825],[-122.7353946,45.5471454],[-122.7353287,45.5471239],[-122.7352409,45.5470951],[-122.7351864,45.5470885],[-122.7351427,45.5470817],[-122.7350231,45.5470764],[-122.7349581,45.5470777],[-122.7345691,45.5471234],[-122.7339624,45.5471504],[-122.7339298,45.5471511],[-122.7340618,45.5466073],[-122.7340816,45.5465536],[-122.734091,45.5465153],[-122.7340896,45.5464772],[-122.7340741,45.5463479],[-122.7340615,45.5463024],[-122.7340273,45.5462574],[-122.7339934,45.5462199],[-122.7339489,45.5461903],[-122.7338939,45.5461685],[-122.733828,45.5461469],[-122.7337626,45.5461406],[-122.7336975,45.5461418],[-122.733633,45.5461583],[-122.7335794,45.5461746],[-122.7335263,45.5462061],[-122.7329541,45.5465831],[-122.7308146,45.5480196],[-122.7291513,45.5491266],[-122.7290862,45.5491279],[-122.7290323,45.5491366],[-122.7289786,45.5491528],[-122.7289252,45.5491767],[-122.7277343,45.5498477],[-122.7276917,45.5498714],[-122.7276497,45.5499103],[-122.7276294,45.5499489],[-122.7276094,45.549995],[-122.7276111,45.5500407],[-122.7276236,45.5500862],[-122.7276467,45.5501238],[-122.7276806,45.5501613],[-122.7278266,45.5502957],[-122.7264874,45.5519604],[-122.725386,45.5515168],[-122.7253201,45.5514952],[-122.7252656,45.5514886],[-122.7252002,45.5514823],[-122.7251354,45.5514911],[-122.7250709,45.5515076],[-122.7250175,45.5515315],[-122.7249752,45.5515628],[-122.7249332,45.5516018],[-122.7230533,45.5539172],[-122.7230219,45.5539483],[-122.7230127,45.5539942],[-122.7230033,45.5540325],[-122.7230104,45.5551223],[-122.7229861,45.557135],[-122.7230418,45.5619359],[-122.7089813,45.5540361],[-122.7089594,45.5540289],[-122.6949218,45.5475679],[-122.6914724,45.5442878],[-122.6886639,45.5416205],[-122.6875627,45.5405669],[-122.6875182,45.5405372],[-122.6831893,45.5378225],[-122.6821881,45.5371328],[-122.6803298,45.5358344],[-122.6743553,45.5316798],[-122.6693292,45.527629],[-122.6692622,45.5275769],[-122.6692284,45.5275394],[-122.6692045,45.5274789],[-122.6682116,45.5230468],[-122.6685239,45.5205411],[-122.6698409,45.5179249],[-122.6698507,45.5178942],[-122.6712594,45.513287],[-122.6712686,45.5132411],[-122.671267,45.5131954],[-122.6699366,45.5075046],[-122.6699244,45.5074667],[-122.6668742,45.5012826],[-122.6685392,45.5011444],[-122.6725408,45.5008473],[-122.6730057,45.500808],[-122.6733086,45.500787],[-122.6735247,45.5007677],[-122.6737951,45.5007473],[-122.6738059,45.5007471],[-122.6740438,45.5007273],[-122.674228,45.5007238],[-122.6742497,45.5007234],[-122.674358,45.5007213],[-122.6743797,45.5007209],[-122.6752872,45.5006274],[-122.6762815,45.5005323],[-122.6768116,45.5004993],[-122.6768225,45.5004991],[-122.6769847,45.5004884],[-122.6778286,45.5004342],[-122.6783587,45.5004012],[-122.6783696,45.500401],[-122.6785535,45.5003899],[-122.6788781,45.5003685],[-122.6798872,45.5003873],[-122.6805379,45.5003902],[-122.6806029,45.5003889],[-122.6806677,45.5003801],[-122.680721,45.5003562],[-122.6807636,45.5003325],[-122.6808055,45.5002936],[-122.6808367,45.5002549],[-122.680857,45.5002164],[-122.6808662,45.5001705],[-122.6808648,45.5001324],[-122.6808524,45.5000869],[-122.6804798,45.49937],[-122.6804792,45.4993547],[-122.6800527,45.4986464],[-122.6796695,45.4979373],[-122.6792994,45.4972889],[-122.6792883,45.4972815],[-122.6792195,45.4971761],[-122.6791718,45.4970551],[-122.6791122,45.4969038],[-122.6791113,45.496881],[-122.6789829,45.4966243],[-122.6789826,45.4966167],[-122.6789477,45.4965487],[-122.6788436,45.4963678],[-122.6788434,45.4963602],[-122.6787973,45.4962848],[-122.6787862,45.4962774],[-122.678683,45.4961193],[-122.6786827,45.4961117],[-122.6786144,45.4960216],[-122.6786141,45.496014],[-122.6783982,45.4957361],[-122.6783871,45.4957287],[-122.6782736,45.495586],[-122.6782622,45.495571],[-122.6781162,45.495429],[-122.6777106,45.4950023],[-122.6775919,45.4947149],[-122.6774156,45.4943296],[-122.6773107,45.4938209],[-122.6773104,45.4938133],[-122.6771952,45.4933201],[-122.6771941,45.4932896],[-122.6771814,45.4929317],[-122.6771906,45.4928858],[-122.677206,45.4927102],[-122.6772225,45.4925651],[-122.677262,45.4924576],[-122.6774459,45.4921416],[-122.6775702,45.4919792],[-122.6776116,45.491925],[-122.6776953,45.4918396],[-122.6778313,45.4916998],[-122.6779153,45.491622],[-122.6780729,45.4914818],[-122.6782741,45.4913484],[-122.6783589,45.4912934],[-122.6786982,45.4910812],[-122.6790728,45.4909445],[-122.6795233,45.4908063],[-122.6804274,45.4906214],[-122.6804379,45.4906135],[-122.681072,45.4904566],[-122.6810934,45.4904486],[-122.6814046,45.4903588],[-122.6814474,45.4903427],[-122.6816714,45.4902394],[-122.6816819,45.4902315],[-122.6817461,45.4902075],[-122.6817567,45.4901996],[-122.6818206,45.4901679],[-122.6818309,45.4901525],[-122.682001,45.4900578],[-122.6820221,45.4900421],[-122.6822545,45.48987],[-122.682265,45.4898622],[-122.6823176,45.4898155],[-122.6823281,45.4898076],[-122.6823912,45.4897531],[-122.6825865,45.489757],[-122.6825973,45.4897568],[-122.684398,45.4897833],[-122.6843999,45.4898366],[-122.6843768,45.490401],[-122.6843892,45.4904465],[-122.6844014,45.4904844],[-122.6844356,45.4905295],[-122.6844694,45.4905669],[-122.6845247,45.4905964],[-122.6845797,45.4906182],[-122.684645,45.4906246],[-122.6847102,45.4906309],[-122.6856753,45.4906353],[-122.6863804,45.4906447],[-122.6864356,45.4906741],[-122.686512,45.4906879],[-122.6865881,45.4906941],[-122.6901343,45.4907175],[-122.6901993,45.4907163],[-122.6902532,45.4907076],[-122.6903065,45.4906837],[-122.6903599,45.4906599],[-122.6904021,45.4906286],[-122.6904333,45.4905899],[-122.6904536,45.4905514],[-122.6906319,45.490083],[-122.6906316,45.4900754],[-122.6907588,45.4896919],[-122.6907786,45.4896381],[-122.6909961,45.4896568],[-122.6910611,45.4896556],[-122.6911366,45.4896465],[-122.6912008,45.4896224],[-122.6912539,45.4895909],[-122.6912647,45.4895907],[-122.6914308,45.4896866],[-122.6914969,45.4897158],[-122.6915625,45.4897298],[-122.6916386,45.4897359],[-122.6922458,45.4897395]]]}},{"type":"Feature","properties":{"boundary_id":"b-middle-7","school_name":null,"review_status":"unverified"},"geometry":{"type":"Polygon","coordinates":[[[-122.6798639,45.5361557],[-122.6817225,45.5374617],[-122.6817333,45.5374615],[-122.6827345,45.5381513],[-122.6827457,45.5381587],[-122.6868525,45.5407328],[-122.6854318,45.5419641],[-122.6850702,45.5421691],[-122.6850494,45.5421924],[-122.6837156,45.5431247],[-122.6831333,45.5435321],[-122.6828262,45.5437438],[-122.6828154,45.543744],[-122.6823606,45.5440727],[-122.6809527,45.5450598],[-122.6807618,45.5451854],[-122.6807621,45.545193],[-122.6805504,45.5453418],[-122.6805295,45.5453651],[-122.6795946,45.5462288],[-122.6792482,45.5465555],[-122.6792065,45.546602],[-122.678386,45.5479361],[-122.6783657,45.5479746],[-122.6783567,45.5480281],[-122.678355,45.5494991],[-122.6783381,45.5508484],[-122.6783384,45.550856],[-122.6783311,45.5509552],[-122.6783086,45.5527543],[-122.6783089,45.5527619],[-122.6783239,45.5534857],[-122.6782787,45.5543477],[-122.678279,45.5543554],[-122.6782811,45.5544163],[-122.6764469,45.5544129],[-122.6763818,45.5544142],[-122.6763173,45.5544306],[-122.6762639,45.5544545],[-122.6762105,45.5544784],[-122.6761793,45.5545171],[-122.6761481,45.5545558],[-122.6761278,45.5545943],[-122.6761186,45.5546402],[-122.6761089,45.5552805],[-122.6758591,45.5552777],[-122.6752949,45.5552807],[-122.6752409,45.5552894],[-122.6751761,45.5552982],[-122.6751227,45.5553221],[-122.6750696,45.5553536],[-122.6745617,45.5557214],[-122.6745194,45.5557527],[-122.6744883,45.5557914],[-122.674479,45.5558373],[-122.6744698,45.5558832],[-122.6744734,45.5568967],[-122.6744562,45.5582384],[-122.6744575,45.5582765],[-122.6744697,45.5583144],[-122.6745283,45.5584352],[-122.6744984,45.5609432],[-122.6727944,45.5609449],[-122.6727296,45.5609538],[-122.6726648,45.5609626],[-122.6726113,45.5609865],[-122.6725579,45.5610104],[-122.6725267,45.5610491],[-122.6724956,45.5610878],[-122.6724752,45.5611263],[-122.672466,45.5611722],[-122.6724473,45.5624758],[-122.6699514,45.5624924],[-122.6693654,45.5624958],[-122.6679545,45.5624996],[-122.6678458,45.562494],[-122.6678132,45.5624946],[-122.6672709,45.5625048],[-122.6667608,45.5625068],[-122.6667499,45.562507],[-122.6656864,45.5625118],[-122.6651543,45.5625066],[-122.6651435,45.5625068],[-122.6646009,45.5625094],[-122.6645358,45.5625106],[-122.6644821,45.5625268],[-122.6644175,45.5625433],[-122.6643752,45.5625746],[-122.6643329,45.5626059],[-122.664302,45.5626522],[-122.6642817,45.5626907],[-122.6642833,45.5627364],[-122.6642497,45.5651529],[-122.6642439,45.5662124],[-122.6618772,45.5662035],[-122.6612909,45.5661993],[-122.6611814,45.5661708],[-122.6611377,45.566164],[-122.6610832,45.5661574],[-122.6602249,45.5661355],[-122.6594644,45.5661192],[-122.6594536,45.5661194],[-122.6581836,45.5661204],[-122.6571742,45.5661241],[-122.655936,45.5661016],[-122.6549261,45.56609],[-122.6549152,45.5660902],[-122.6518971,45.5660781],[-122.6510068,45.5660719],[-122.6508872,45.5660665],[-122.6507785,45.5660609],[-122.6507568,45.5660613],[-122.6498659,45.5660398],[-122.6498008,45.5660411],[-122.6497363,45.5660575],[-122.6496717,45.566074],[-122.6496294,45.5661052],[-122.6495874,45.5661441],[-122.6495562,45.5661828],[-122.6495361,45.5662289],[-122.6494973,45.5663592],[-122.649488,45.5664051],[-122.6494763,45.5682267],[-122.6481518,45.568221],[-122.6478152,45.5682196],[-122.6464367,45.5682225],[-122.6463827,45.5682311],[-122.6463179,45.5682399],[-122.6462644,45.5682638],[-122.646211,45.5682877],[-122.646169,45.5683265],[-122.6461378,45.5683652],[-122.6461174,45.5684037],[-122.646119,45.5684494],[-122.6461134,45.5689068],[-122.6452993,45.5689067],[-122.6452884,45.5689069],[-122.6436278,45.568915],[-122.6436254,45.5682291],[-122.6436129,45.5681837],[-122.6436005,45.5681382],[-122.6435666,45.5681007],[-122.6435327,45.5680632],[-122.6434774,45.5680338],[-122.6434224,45.5680119],[-122.643357,45.5680055],[-122.6433025,45.5679989],[-122.6414898,45.5680022],[-122.6414941,45.5662722],[-122.6414817,45.5662267],[-122.6414692,45.5661812],[-122.6414353,45.5661437],[-122.6413906,45.5661064],[-122.6413461,45.5660768],[-122.6412911,45.5660549],[-122.6412255,45.5660409],[-122.6411604,45.5660421],[-122.6400968,45.5660467],[-122.6382841,45.5660499],[-122.6382796,45.5659204],[-122.6382825,45.5644572],[-122.6382864,45.5627119],[-122.6382848,45.5626662],[-122.6382617,45.5626286],[-122.6382276,45.5625835],[-122.638194,45.5625536],[-122.6381387,45.5625242],[-122.6380836,45.5625023],[-122.6380289,45.5624881],[-122.6379635,45.5624817],[-122.6363573,45.5624887],[-122.6357494,45.5624847],[-122.630475,45.5625063],[-122.6264057,45.5625359],[-122.6257332,45.5625483],[-122.6253315,45.5625481],[-122.62123,45.5625857],[-122.6202423,45.5625887],[-122.6143258,45.5625604],[-122.6143685,45.5606621],[-122.6146725,45.5606642],[-122.6147375,45.560663],[-122.6148021,45.5606465],[-122.6148558,45.5606303],[-122.614909,45.5605989],[-122.6149513,45.5605676],[-122.6149825,45.5605289],[-122.6150026,45.5604828],[-122.6150119,45.5604369],[-122.6150259,45.5592784],[-122.6150135,45.5592329],[-122.6149884,45.5591343],[-122.6149881,45.5591267],[-122.6149643,45.5590661],[-122.6149797,45.5582581],[-122.6150014,45.5573204],[-122.6150011,45.5573127],[-122.6150009,45.5566803],[-122.6150085,45.5556513],[-122.6150578,45.5555057],[-122.6150564,45.5554676],[-122.6150808,45.5539811],[-122.6160683,45.5539782],[-122.6201172,45.5540026],[-122.6202145,45.5539932],[-122.620441,45.5539509],[-122.624293,45.5539332],[-122.6253562,45.5539211],[-122.6264527,45.5539313],[-122.6284819,45.5539242],[-122.6301857,45.5539232],[-122.6301831,45.5554016],[-122.6301847,45.5554473],[-122.6302078,45.555485],[-122.6302308,45.5555227],[-122.6302755,45.5555599],[-122.6303199,45.5555896],[-122.630375,45.5556114],[-122.6304406,45.5556255],[-122.6305059,45.5556319],[-122.6320905,45.555633],[-122.6336753,45.5556417],[-122.6337293,45.555633],[-122.6337941,45.5556242],[-122.6338475,45.5556004],[-122.633901,45.5555765],[-122.633943,45.5555376],[-122.6339742,45.5554989],[-122.6339943,45.5554529],[-122.633993,45.5554148],[-122.6340165,45.5532958],[-122.6367517,45.5533059],[-122.6377719,45.5533098],[-122.6387814,45.5533139],[-122.6388465,45.5533127],[-122.638911,45.5532962],[-122.6389755,45.5532798],[-122.6390287,45.5532483],[-122.6390599,45.5532096],[-122.6390908,45.5531633],[-122.6391109,45.5531172],[-122.6391093,45.5530715],[-122.6391069,45.553003],[-122.6403474,45.5512423],[-122.6404531,45.5511641],[-122.6404955,45.5511329],[-122.6405269,45.5511018],[-122.6405473,45.5510633],[-122.6405568,45.551025],[-122.6405642,45.5509258],[-122.640585,45.5509026],[-122.6407284,45.5509685],[-122.6407835,45.5509903],[-122.6408382,45.5510046],[-122.6409036,45.551011],[-122.6409684,45.5510021],[-122.6410223,45.5509935],[-122.6410757,45.5509696],[-122.6411292,45.5509458],[-122.6411715,45.5509145],[-122.6412027,45.5508758],[-122.6412228,45.5508297],[-122.641232,45.5507838],[-122.6412833,45.5494645],[-122.641283,45.5494568],[-122.641306,45.5467129],[-122.6413057,45.5467053],[-122.6412925,45.5454024],[-122.6420085,45.5453966],[-122.6492688,45.545421],[-122.6550425,45.5454423],[-122.6550326,45.5457778],[-122.6543489,45.5457754],[-122.6542839,45.5457767],[-122.6542193,45.5457931],[-122.6541657,45.5458094],[-122.6541125,45.5458408],[-122.6540702,45.5458721],[-122.6540393,45.5459184],[-122.6540298,45.5459567],[-122.6540206,45.5460026],[-122.6539921,45.5482666],[-122.6540045,45.5483121],[-122.6540167,45.54835],[-122.6540509,45.5483951],[-122.6540953,45.5484247],[-122.6541398,45.5484544],[-122.6541948,45.5484762],[-122.6542604,45.5484902],[-122.6543149,45.5484968],[-122.6575273,45.5485051],[-122.6584499,45.5485106],[-122.658515,45.5485094],[-122.6585795,45.5484929],[-122.6586332,45.5484767],[-122.6586866,45.5484528],[-122.6587287,45.5484139],[-122.6587598,45.5483752],[-122.6587802,45.5483367],[-122.6587786,45.548291],[-122.6587769,45.5482454],[-122.6587648,45.5482075],[-122.6587526,45.5481696],[-122.6587781,45.5449073],[-122.6613394,45.54492],[-122.6614042,45.5449112],[-122.6614688,45.5448947],[-122.6616301,45.5448536],[-122.6616835,45.5448297],[-122.6617258,45.5447985],[-122.6617678,45.5447596],[-122.661799,45.5447209],[-122.6618193,45.5446824],[-122.6618177,45.5446367],[-122.6618142,45.5442328],[-122.6618139,45.5442252],[-122.661792,45.5439131],[-122.6617893,45.543837],[-122.6618047,45.5421295],[-122.6618166,45.5409328],[-122.6618509,45.5373121],[-122.6640644,45.5373161],[-122.6641295,45.5373148],[-122.664194,45.5372984],[-122.6642477,45.5372821],[-122.6643008,45.5372506],[-122.6643431,45.5372193],[-122.6643743,45.5371806],[-122.6643943,45.5371345],[-122.6643927,45.5370888],[-122.6644052,45.5365246],[-122.6643928,45.5364791],[-122.6643806,45.5364413],[-122.6643464,45.5363962],[-122.6643128,45.5363663],[-122.6642575,45.5363369],[-122.6642025,45.5363151],[-122.6641477,45.5363009],[-122.6640824,45.5362945],[-122.6638873,45.5362981],[-122.6638998,45.5360388],[-122.6645834,45.5360411],[-122.6646482,45.5360323],[-122.6647129,45.5360234],[-122.6647663,45.5359996],[-122.6648197,45.5359757],[-122.6648618,45.5359368],[-122.6648821,45.5358983],[-122.6649024,45.5358598],[-122.6649116,45.5358139],[-122.6649166,45.5353413],[-122.665611,45.5353434],[-122.6666524,45.535339],[-122.6669237,45.5353415],[-122.6669346,45.5353413],[-122.6676399,45.5353432],[-122.6676507,45.535343],[-122.6683121,45.5353305],[-122.6683771,45.5353293],[-122.6684417,45.5353128],[-122.6684951,45.535289],[-122.6689111,45.5350906],[-122.6689323,45.5350749],[-122.6699195,45.5344618],[-122.6713129,45.5336809],[-122.671568,45.5335312],[-122.67209,45.5332622],[-122.6721006,45.5332544],[-122.6726535,45.5329391],[-122.6740897,45.5321421],[-122.6798639,45.5361557]]]}},{"type":"Feature","properties":{"boundary_id":"b-middle-8","school_name":null,"review_status":"unverified"},"geometry":{"type":"Polygon","coordinates":[[[-122.6350038,45.5309866],[-122.635154,45.5309381],[-122.6353581,45.5308809],[-122.6356809,45.5308063],[-122.6358533,45.5307726],[-122.6362095,45.5307203],[-122.6364475,45.5307006],[-122.6370215,45.5306746],[-122.6370324,45.5306744],[-122.6409528,45.5304793],[-122.6434331,45.5303644],[-122.6444294,45.5303153],[-122.6444249,45.5308031],[-122.6444268,45.5314737],[-122.644415,45.5336078],[-122.6444089,45.5340499],[-122.6443892,45.5350334],[-122.6444017,45.5350789],[-122.6444141,45.5351244],[-122.644448,45.5351619],[-122.6444927,45.5351991],[-122.6445372,45.5352288],[-122.6445922,45.5352506],[-122.6446578,45.5352647],[-122.6447228,45.5352634],[-122.6483471,45.5352794],[-122.650376,45.5352795],[-122.651396,45.5352833],[-122.6524051,45.5352872],[-122.6534251,45.5352909],[-122.6564742,45.5353022],[-122.6605322,45.5353097],[-122.6615416,45.5353211],[-122.6615419,45.5353287],[-122.6625619,45.5353324],[-122.6642655,45.5353384],[-122.6642633,45.5355823],[-122.6635688,45.5355801],[-122.6635149,45.5355888],[-122.6634501,45.5355976],[-122.6633967,45.5356215],[-122.6633433,45.5356454],[-122.6633013,45.5356843],[-122.6632701,45.535723],[-122.6632498,45.5357614],[-122.6632514,45.5358071],[-122.6632334,45.5365239],[-122.6632459,45.5365694],[-122.6632581,45.5366072],[-122.6632922,45.5366523],[-122.6633367,45.536682],[-122.6633811,45.5367116],[-122.6634362,45.5367334],[-122.6635018,45.5367475],[-122.6635671,45.5367538],[-122.6637514,45.5367504],[-122.6637444,45.5368572],[-122.6615308,45.5368532],[-122.6614766,45.5368542],[-122.6614121,45.5368707],[-122.6613584,45.5368869],[-122.6613053,45.5369184],[-122.661263,45.5369497],[-122.6612318,45.5369884],[-122.6612118,45.5370345],[-122.6612026,45.5370804],[-122.661167,45.5412804],[-122.6611382,45.543834],[-122.6611411,45.5439178],[-122.6611414,45.5439254],[-122.6611636,45.5442451],[-122.6611603,45.5444585],[-122.658458,45.5444484],[-122.6583932,45.5444572],[-122.6583284,45.5444661],[-122.658275,45.5444899],[-122.6582216,45.5445138],[-122.6581796,45.5445527],[-122.6581592,45.5445912],[-122.6581389,45.5446297],[-122.6581297,45.5446756],[-122.6580973,45.5480524],[-122.6575437,45.5480475],[-122.6575328,45.5480477],[-122.654646,45.5480409],[-122.654669,45.5462343],[-122.6553636,45.5462365],[-122.6554284,45.5462277],[-122.6554823,45.546219],[-122.6555357,45.5461952],[-122.6555889,45.5461637],[-122.6556312,45.5461324],[-122.6556623,45.5460937],[-122.6556824,45.5460476],[-122.6556919,45.5460093],[-122.6556964,45.5452167],[-122.655684,45.5451712],[-122.6556718,45.5451333],[-122.6556379,45.5450958],[-122.655604,45.5450584],[-122.6555487,45.5450289],[-122.6554937,45.5450071],[-122.6554281,45.5449931],[-122.6553736,45.5449865],[-122.6482217,45.5449605],[-122.6440869,45.5449463],[-122.6420141,45.5449393],[-122.6409617,45.5449437],[-122.6408969,45.5449525],[-122.6408321,45.5449613],[-122.6407787,45.5449852],[-122.6407255,45.5450166],[-122.6406941,45.5450477],[-122.6406629,45.5450864],[-122.6406428,45.5451325],[-122.6406336,45.5451784],[-122.6406548,45.5467098],[-122.6406318,45.5494537],[-122.6405991,45.5503765],[-122.6405335,45.5503625],[-122.6404576,45.5503639],[-122.6403931,45.5503803],[-122.6403285,45.5503968],[-122.6402754,45.5504282],[-122.6402331,45.5504595],[-122.6399813,45.5507081],[-122.639961,45.5507465],[-122.6399404,45.5507774],[-122.6399309,45.5508157],[-122.639923,45.5508997],[-122.6398486,45.5509468],[-122.6398172,45.5509779],[-122.6397857,45.5510089],[-122.6384831,45.5528546],[-122.6377776,45.5528524],[-122.6367573,45.5528486],[-122.6336857,45.552837],[-122.6336317,45.5528457],[-122.6335669,45.5528545],[-122.6335135,45.5528783],[-122.6334603,45.5529098],[-122.633418,45.5529411],[-122.6333868,45.5529798],[-122.6333667,45.5530259],[-122.6333683,45.5530716],[-122.6333445,45.5551829],[-122.630837,45.5551685],[-122.6308396,45.55369],[-122.6308382,45.5536519],[-122.630815,45.5536067],[-122.6307811,45.5535692],[-122.6307472,45.5535317],[-122.6306919,45.5535022],[-122.6306369,45.5534804],[-122.6305821,45.5534662],[-122.6305171,45.5534674],[-122.6284876,45.5534669],[-122.6264584,45.553474],[-122.6253619,45.5534638],[-122.6253511,45.553464],[-122.624288,45.553476],[-122.6222588,45.553483],[-122.6203923,45.553487],[-122.6203058,45.5534962],[-122.6200796,45.5535461],[-122.6160741,45.5535209],[-122.6150866,45.5535238],[-122.6150959,45.552853],[-122.6151134,45.5524183],[-122.6151131,45.5524107],[-122.615106,45.5518927],[-122.6151046,45.5518546],[-122.6150814,45.5518093],[-122.6150583,45.5517716],[-122.6150136,45.5517343],[-122.6149692,45.5517047],[-122.6149142,45.5516828],[-122.6148488,45.5516764],[-122.6147835,45.55167],[-122.6098338,45.5516391],[-122.6098304,45.5515401],[-122.6098761,45.5494131],[-122.6098942,45.5483688],[-122.6098815,45.5483157],[-122.6098582,45.5482704],[-122.6098241,45.5482253],[-122.6097236,45.5481433],[-122.6096681,45.5481062],[-122.6096128,45.5480768],[-122.6095472,45.5480627],[-122.609471,45.5480565],[-122.6047171,45.5480294],[-122.6047837,45.5424196],[-122.6047824,45.5423816],[-122.6047821,45.5423739],[-122.607212,45.5414149],[-122.6072459,45.5414524],[-122.6072903,45.5414821],[-122.6073345,45.5415041],[-122.6073895,45.541526],[-122.6074442,45.5415402],[-122.6074985,45.5415392],[-122.6102442,45.5415573],[-122.6102987,45.5415639],[-122.6103426,45.5415784],[-122.6103976,45.5416002],[-122.6104312,45.5416301],[-122.6104426,45.5416451],[-122.6104545,45.5416754],[-122.6104659,45.5416904],[-122.6104791,45.5417588],[-122.6104965,45.541949],[-122.610509,45.5419944],[-122.610532,45.5420321],[-122.6105658,45.5420696],[-122.6106102,45.5420993],[-122.6106547,45.5421289],[-122.6107203,45.542143],[-122.610775,45.5421572],[-122.6108401,45.542156],[-122.6109049,45.5421472],[-122.6109588,45.5421386],[-122.6110122,45.5421147],[-122.6110546,45.5420835],[-122.611277,45.541927],[-122.6113299,45.5418879],[-122.6113939,45.5418562],[-122.6115013,45.5418238],[-122.6115872,45.5417993],[-122.6118041,45.5417954],[-122.6118589,45.5418096],[-122.6121326,45.5418808],[-122.6121873,45.541895],[-122.6123508,45.5419148],[-122.6124053,45.5419215],[-122.6124923,45.5419275],[-122.6126668,45.5419547],[-122.6126885,45.5419543],[-122.6128631,45.5419816],[-122.6129281,45.5419804],[-122.6132751,45.541974],[-122.613286,45.5419738],[-122.6133833,45.5419644],[-122.6134373,45.5419558],[-122.613491,45.5419396],[-122.6135446,45.5419233],[-122.6136512,45.541868],[-122.6136618,45.5418602],[-122.6138454,45.541834],[-122.6138887,45.5418332],[-122.6139104,45.5418328],[-122.6148327,45.541831],[-122.6148977,45.5418298],[-122.6149517,45.5418212],[-122.6150051,45.5417974],[-122.6150585,45.5417735],[-122.6151006,45.5417347],[-122.6151318,45.541696],[-122.6151522,45.5416575],[-122.6151614,45.5416116],[-122.6151582,45.5415202],[-122.6151693,45.5412152],[-122.6151649,45.5404608],[-122.6151728,45.5385022],[-122.6151726,45.5384946],[-122.6151681,45.5383651],[-122.6151829,45.5378543],[-122.6151824,45.5378391],[-122.6151805,45.5377858],[-122.6151972,45.5351411],[-122.6152015,45.5340132],[-122.6159393,45.5340148],[-122.6168291,45.5340213],[-122.6202042,45.5340504],[-122.6202151,45.5340502],[-122.6207897,45.5340396],[-122.6211803,45.53404],[-122.622136,45.534068],[-122.6221685,45.5340674],[-122.6227643,45.5340411],[-122.6236756,45.5340395],[-122.6247035,45.5342719],[-122.6247689,45.5342783],[-122.6248448,45.5342769],[-122.6249204,45.5342679],[-122.6249846,45.5342439],[-122.6251875,45.5341487],[-122.6254228,45.5340528],[-122.6255513,45.5340047],[-122.6257655,45.5339246],[-122.6257761,45.5339167],[-122.6259366,45.5338528],[-122.6289642,45.5326307],[-122.6324838,45.5312088],[-122.6328693,45.5310644],[-122.6342177,45.5305363],[-122.6345024,45.5309197],[-122.6345362,45.5309572],[-122.6345807,45.5309868],[-122.634636,45.5310163],[-122.6347015,45.5310303],[-122.6347669,45.5310367],[-122.6348319,45.5310355],[-122.6348967,45.5310267],[-122.6349504,45.5310104],[-122.6350038,45.5309866]]]}},{"type":"Feature","properties":{"boundary_id":"b-middle-9","school_name":null,"review_status":"unverified"},"geometry":{"type":"Polygon","coordinates":[[[-122.5535225,45.4644542],[-122.5535035,45.4613153],[-122.5580976,45.4613008],[-122.558423,45.4613102],[-122.5584341,45.4613176],[-122.559063,45.461329],[-122.564031,45.4614752],[-122.5647796,45.4614997],[-122.565344,45.4615276],[-122.5653657,45.4615272],[-122.5671443,45.4615711],[-122.5686414,45.4616201],[-122.5686523,45.4616199],[-122.570441,45.4616407],[-122.5713515,45.461647],[-122.5720887,45.4616564],[-122.5728589,45.4616805],[-122.5728697,45.4616803],[-122.5738018,45.4616862],[-122.5787678,45.4617708],[-122.5787668,45.4642854],[-122.5787671,45.4642931],[-122.578763,45.4644913],[-122.5787586,45.4669069],[-122.5787589,45.4669145],[-122.578769,45.4672115],[-122.5787755,45.4674019],[-122.5787598,45.4675775],[-122.5787498,45.4676005],[-122.5787532,45.4680196],[-122.5787433,45.4686827],[-122.5787499,45.4695132],[-122.5787464,45.4700466],[-122.5787467,45.4700542],[-122.5787503,45.4701609],[-122.578762,45.4705036],[-122.5787694,45.4710368],[-122.5787655,45.4712426],[-122.5787596,45.4713875],[-122.5787599,45.4713951],[-122.5787608,45.4720581],[-122.5780557,45.4720405],[-122.5770252,45.4720135],[-122.5769602,45.4720147],[-122.5768957,45.4720311],[-122.5768421,45.4720474],[-122.5767889,45.4720788],[-122.5767467,45.4721101],[-122.5767157,45.4721563],[-122.5766954,45.4721948],[-122.5766861,45.4722407],[-122.5766985,45.4722862],[-122.5767109,45.4723317],[-122.5767219,45.4723391],[-122.5767246,45.4756005],[-122.5766052,45.475595],[-122.57654,45.4755886],[-122.5764747,45.4755822],[-122.5755418,45.475561],[-122.5754771,45.4755698],[-122.5754124,45.4755786],[-122.575359,45.4756025],[-122.5753056,45.4756263],[-122.5752633,45.4756576],[-122.5752321,45.4756962],[-122.575212,45.4757423],[-122.5752027,45.4757882],[-122.5751552,45.4769397],[-122.5751437,45.4775571],[-122.5750754,45.4793719],[-122.5750769,45.4794176],[-122.5751002,45.4794629],[-122.5751231,45.4795006],[-122.5751677,45.4795379],[-122.5752121,45.4795676],[-122.5752671,45.4795894],[-122.5753217,45.4796037],[-122.575387,45.4796101],[-122.5755931,45.479614],[-122.5755762,45.4803915],[-122.5748713,45.4803815],[-122.5748063,45.4803827],[-122.5747526,45.4803989],[-122.5746881,45.4804153],[-122.5746458,45.4804466],[-122.5746035,45.4804778],[-122.5745723,45.4805165],[-122.5745522,45.4805626],[-122.574543,45.4806085],[-122.574523,45.4816147],[-122.574505,45.4820417],[-122.5742883,45.4820457],[-122.5741258,45.4820486],[-122.5740608,45.4820498],[-122.5740072,45.482066],[-122.5739427,45.4820824],[-122.5739004,45.4821137],[-122.5738581,45.4821449],[-122.5738269,45.4821836],[-122.5738068,45.4822297],[-122.5738083,45.4822754],[-122.5737819,45.4834112],[-122.5737768,45.483579],[-122.5737771,45.4835866],[-122.5737793,45.4846076],[-122.5737798,45.4846229],[-122.5737821,45.4846914],[-122.573788,45.485819],[-122.5737733,45.4863451],[-122.573764,45.486391],[-122.5737651,45.4864214],[-122.5737502,45.4869399],[-122.5737238,45.4883958],[-122.5737256,45.4884491],[-122.5737375,45.4884793],[-122.573698,45.4901869],[-122.5736996,45.4902326],[-122.5737228,45.4902779],[-122.5737566,45.4903154],[-122.5738012,45.4903527],[-122.5738564,45.4903822],[-122.5739114,45.490404],[-122.5739767,45.4904105],[-122.5748793,45.4904931],[-122.5749229,45.4905],[-122.5757791,45.490492],[-122.5764403,45.4904876],[-122.5764355,45.490983],[-122.5764481,45.4910361],[-122.5764605,45.4910816],[-122.5764542,45.4915313],[-122.5764666,45.4915768],[-122.576479,45.4916223],[-122.5765128,45.4916598],[-122.5765466,45.4916972],[-122.5766018,45.4917267],[-122.5766567,45.4917486],[-122.576722,45.491755],[-122.5767873,45.4917615],[-122.5774485,45.491757],[-122.5784352,45.4917619],[-122.5783899,45.4955194],[-122.5783607,45.4968916],[-122.5783356,45.4974254],[-122.5783358,45.4974331],[-122.5783417,45.4985607],[-122.5783276,45.5000545],[-122.5783112,45.5005272],[-122.5783006,45.5005351],[-122.578321,45.5014491],[-122.5783237,45.5021653],[-122.5782909,45.5034309],[-122.5782959,45.5048481],[-122.5782972,45.5048862],[-122.5783204,45.5049315],[-122.5783434,45.5049691],[-122.578388,45.5050064],[-122.5784322,45.5050285],[-122.5784871,45.5050503],[-122.5785418,45.5050646],[-122.5796543,45.5052501],[-122.5806906,45.5054294],[-122.5811703,45.5055045],[-122.5811811,45.5055043],[-122.5817694,45.505585],[-122.5820853,45.505625],[-122.5821397,45.5056316],[-122.5828013,45.5056348],[-122.5851652,45.5056298],[-122.5852521,45.5056358],[-122.5853066,45.5056424],[-122.5862716,45.5056401],[-122.5862825,45.5056399],[-122.5867054,45.5056398],[-122.5897417,45.5056377],[-122.5897525,45.5056375],[-122.5906951,45.5056126],[-122.5915306,45.5056278],[-122.5920294,45.5056263],[-122.5920403,45.5056261],[-122.5933307,45.5056253],[-122.5933231,45.5069819],[-122.5924339,45.5069829],[-122.5923688,45.5069841],[-122.5923152,45.5070003],[-122.5922507,45.5070167],[-122.5922084,45.507048],[-122.592166,45.5070793],[-122.5921351,45.5071255],[-122.5921147,45.507164],[-122.5921163,45.5072097],[-122.5921158,45.507827],[-122.5920883,45.5079722],[-122.591837,45.5082359],[-122.5916995,45.5083375],[-122.5916784,45.5083531],[-122.5915419,45.5084852],[-122.5915105,45.5085162],[-122.5913348,45.5087709],[-122.5913243,45.5087787],[-122.5909241,45.5094414],[-122.5904792,45.5100668],[-122.5904588,45.5101052],[-122.590309,45.5104814],[-122.5903093,45.510489],[-122.5902198,45.5107268],[-122.5902103,45.5107651],[-122.5901753,45.5110096],[-122.5901756,45.5110172],[-122.5901501,45.5112234],[-122.5901504,45.511231],[-122.5901419,45.5112998],[-122.5901421,45.5113074],[-122.5901304,45.5115972],[-122.5901307,45.5116048],[-122.5901287,45.5118639],[-122.5901419,45.5119322],[-122.5902121,45.5120834],[-122.590284,45.5122802],[-122.5902845,45.5122954],[-122.5903436,45.5124391],[-122.59036,45.5125988],[-122.5903268,45.5128966],[-122.5903165,45.5129121],[-122.5903156,45.5132016],[-122.5903163,45.5132245],[-122.590357,45.51346],[-122.5903577,45.5134828],[-122.5905378,45.5139901],[-122.5905381,45.5139977],[-122.5907739,45.5145497],[-122.5907861,45.5145875],[-122.590957,45.5148283],[-122.5909573,45.5148359],[-122.5910254,45.5149261],[-122.5910368,45.5149411],[-122.5912397,45.515166],[-122.5912625,45.5151961],[-122.5915304,45.5154198],[-122.5915638,45.515442],[-122.591808,45.5156052],[-122.5918193,45.5156202],[-122.5918098,45.5156585],[-122.5918,45.5156892],[-122.591807,45.5174722],[-122.5918056,45.5190115],[-122.5885619,45.5189945],[-122.5884863,45.5190035],[-122.5884217,45.5190199],[-122.5883683,45.5190438],[-122.5883152,45.5190752],[-122.5882305,45.5191377],[-122.5881991,45.5191688],[-122.5881679,45.5192074],[-122.5881583,45.5192457],[-122.5881488,45.519284],[-122.5881379,45.5199167],[-122.5881387,45.5199395],[-122.5881514,45.5199926],[-122.5881638,45.5200381],[-122.5881757,45.5200684],[-122.5881104,45.5200619],[-122.5880564,45.5200705],[-122.5879916,45.5200793],[-122.587938,45.5200956],[-122.5878954,45.5201192],[-122.5877679,45.5201977],[-122.5877256,45.520229],[-122.5876835,45.5202678],[-122.5876634,45.5203139],[-122.5876539,45.5203522],[-122.5876555,45.5203979],[-122.5876679,45.5204434],[-122.5876911,45.5204887],[-122.5877355,45.5205184],[-122.5878026,45.5205781],[-122.5878581,45.5206152],[-122.5886633,45.5210044],[-122.5896117,45.5214595],[-122.5906144,45.5219137],[-122.5906474,45.5219283],[-122.5911309,45.52211],[-122.5915269,45.5222704],[-122.5915393,45.5223159],[-122.591502,45.5231243],[-122.5915144,45.5231698],[-122.5915268,45.5232153],[-122.5915606,45.5232528],[-122.5915945,45.5232903],[-122.5916497,45.5233197],[-122.5917047,45.5233416],[-122.5917594,45.5233558],[-122.5918247,45.5233623],[-122.5920527,45.5233657],[-122.5926177,45.5233935],[-122.5926393,45.5233931],[-122.5931383,45.5233916],[-122.5931491,45.5233914],[-122.5936367,45.5233749],[-122.5960226,45.5233617],[-122.5970421,45.5233583],[-122.5971178,45.5233493],[-122.5975276,45.5232808],[-122.5975382,45.523273],[-122.5983357,45.5231213],[-122.5984657,45.5231189],[-122.5994961,45.5231152],[-122.5995069,45.523115],[-122.6008845,45.5231126],[-122.6018934,45.523117],[-122.601867,45.5242377],[-122.6018444,45.525785],[-122.6018184,45.5272333],[-122.6018187,45.527241],[-122.6018222,45.5279724],[-122.6018129,45.5283308],[-122.6017999,45.5285825],[-122.6018001,45.5285901],[-122.6017948,45.5287502],[-122.6017853,45.5287885],[-122.6002728,45.5296011],[-122.5990156,45.5302642],[-122.596702,45.531442],[-122.5941119,45.5327848],[-122.5928011,45.5334717],[-122.5915968,45.5341033],[-122.5902518,45.534745],[-122.5899847,45.5348642],[-122.5897059,45.5349607],[-122.5892124,45.5351221],[-122.5887718,45.5352444],[-122.5883626,45.5353357],[-122.5878985,45.5354051],[-122.5874555,45.5354589],[-122.5870334,45.5354894],[-122.5864365,45.5354851],[-122.5857847,45.5354588],[-122.5853925,45.5354126],[-122.5850654,45.5353652],[-122.5844755,45.5352464],[-122.5843332,45.5352109],[-122.5840485,45.5351322],[-122.5836648,45.5350173],[-122.5824565,45.534582],[-122.5818611,45.5343033],[-122.5818392,45.534296],[-122.581092,45.53402],[-122.5810809,45.5340126],[-122.5802795,45.5337376],[-122.5790385,45.5332953],[-122.5790277,45.5332955],[-122.5748797,45.5319152],[-122.5748686,45.5319078],[-122.5742764,45.5317204],[-122.5742656,45.5317206],[-122.5739475,45.5316197],[-122.5739148,45.5316126],[-122.5736089,45.5315496],[-122.5735869,45.5315424],[-122.5727358,45.5313978],[-122.5727139,45.5313905],[-122.5721475,45.5313246],[-122.5721258,45.531325],[-122.5716147,45.5312885],[-122.5715819,45.5312815],[-122.5709525,45.5312776],[-122.5709417,45.5312778],[-122.5703015,45.5312741],[-122.5702798,45.5312745],[-122.5695761,45.5313177],[-122.5695653,45.5313179],[-122.5687759,45.5313931],[-122.5687934,45.5299907],[-122.5688016,45.5299144],[-122.5688114,45.5298837],[-122.5688381,45.5277954],[-122.5688466,45.5270866],[-122.5688548,45.5263702],[-122.5688543,45.526355],[-122.5688507,45.5262483],[-122.5689054,45.5227499],[-122.5689145,45.5226964],[-122.5689235,45.5226429],[-122.5689101,45.5225669],[-122.5688977,45.5225214],[-122.5688745,45.5224761],[-122.5688298,45.5224388],[-122.5687743,45.5224017],[-122.5687193,45.5223798],[-122.5686538,45.5223658],[-122.5685885,45.5223593],[-122.5676882,45.5223604],[-122.567723,45.5205081],[-122.5677883,45.5205146],[-122.567853,45.5205058],[-122.567907,45.5204972],[-122.5679498,45.5204812],[-122.5680033,45.5204573],[-122.5680572,45.5204487],[-122.5681217,45.5204323],[-122.5681754,45.5204161],[-122.5682177,45.5203849],[-122.5682492,45.5203538],[-122.568618,45.5203548],[-122.5686831,45.5203536],[-122.5687368,45.5203374],[-122.5688013,45.520321],[-122.5688436,45.5202898],[-122.5688859,45.5202585],[-122.5689172,45.5202199],[-122.5689373,45.5201738],[-122.5689466,45.5201279],[-122.5689481,45.5198535],[-122.5689471,45.5198231],[-122.5689453,45.5197698],[-122.5689403,45.5196251],[-122.5689563,45.5194572],[-122.5689643,45.5193732],[-122.5689636,45.5193504],[-122.5689682,45.5191674],[-122.5689679,45.5191598],[-122.5689653,45.5190836],[-122.5689749,45.5184053],[-122.5689625,45.5183598],[-122.5689503,45.5183219],[-122.5689163,45.5182768],[-122.5688719,45.5182471],[-122.5688275,45.5182175],[-122.5687725,45.5181956],[-122.5687069,45.5181815],[-122.5686416,45.5181751],[-122.566147,45.5181744],[-122.5647484,45.518192],[-122.5647221,45.514215],[-122.5647265,45.5140244],[-122.5647141,45.5139789],[-122.564702,45.513941],[-122.5646682,45.5139035],[-122.5646235,45.5138663],[-122.5645791,45.5138366],[-122.5645242,45.5138147],[-122.5644586,45.5138006],[-122.5644044,45.5138016],[-122.5639812,45.513794],[-122.5639918,45.5134662],[-122.5640623,45.5110647],[-122.564061,45.5110266],[-122.5640478,45.5109583],[-122.5640698,45.5100054],[-122.5641028,45.5077798],[-122.5672595,45.5078066],[-122.5673245,45.5078054],[-122.567389,45.507789],[-122.5674427,45.5077728],[-122.5674958,45.5077414],[-122.5675382,45.5077101],[-122.5675585,45.5076717],[-122.5675787,45.5076256],[-122.5675879,45.5075797],[-122.5675897,45.5057128],[-122.5676018,45.5044705],[-122.5676002,45.5044248],[-122.5675772,45.5043872],[-122.5675543,45.5043495],[-122.5675096,45.5043122],[-122.5674652,45.5042825],[-122.5674103,45.5042606],[-122.5673447,45.5042466],[-122.5672903,45.5042399],[-122.5663248,45.5042269],[-122.5663139,45.5042271],[-122.5658913,45.5042348],[-122.5654134,45.5042129],[-122.5654026,45.5042131],[-122.5650336,45.5042045],[-122.5637427,45.5041898],[-122.5631889,45.5041693],[-122.5631781,45.5041695],[-122.5626685,45.5041711],[-122.562636,45.5041716],[-122.5623761,45.5041839],[-122.557439,45.5040901],[-122.5563107,45.5040723],[-122.5553993,45.5040582],[-122.5553885,45.5040584],[-122.5545641,45.5040503],[-122.5537399,45.5040499],[-122.5533165,45.5040347],[-122.5533057,45.5040349],[-122.5532515,45.5040358],[-122.5532786,45.5025876],[-122.5532869,45.5021912],[-122.5533182,45.5021526],[-122.5533386,45.5021141],[-122.5533589,45.5020756],[-122.5533685,45.5020374],[-122.5533831,45.499896],[-122.5581434,45.4999018],[-122.5582084,45.4999006],[-122.5582732,45.4998918],[-122.5583266,45.499868],[-122.5583689,45.4998367],[-122.5584112,45.4998055],[-122.5584424,45.4997668],[-122.5584628,45.4997284],[-122.5584721,45.4996825],[-122.5585294,45.4975251],[-122.5585291,45.4975175],[-122.5585325,45.4972964],[-122.5590967,45.4973091],[-122.5637936,45.4973691],[-122.5638584,45.4973603],[-122.5639231,45.4973515],[-122.5639765,45.4973277],[-122.56403,45.4973039],[-122.564072,45.497265],[-122.5641032,45.4972264],[-122.5641236,45.4971879],[-122.5641329,45.497142],[-122.5641375,45.496639],[-122.5644306,45.4966489],[-122.5644956,45.4966478],[-122.5645601,45.4966314],[-122.5646246,45.496615],[-122.5646778,45.4965835],[-122.5647198,45.4965447],[-122.5647511,45.496506],[-122.5647604,45.4964601],[-122.5650181,45.4954268],[-122.5650282,45.4954037],[-122.5651053,45.4944803],[-122.5652046,45.4935718],[-122.5652031,45.4935261],[-122.5651907,45.4934806],[-122.5651675,45.4934353],[-122.5651228,45.493398],[-122.5650676,45.4933685],[-122.5650127,45.4933467],[-122.5649471,45.4933326],[-122.5648819,45.4933262],[-122.5644915,45.4933256],[-122.5639495,45.4933278],[-122.5633639,45.4933231],[-122.5627672,45.4933111],[-122.5610526,45.4932658],[-122.5610934,45.4931889],[-122.5611032,45.4931582],[-122.5611329,45.4930739],[-122.5611313,45.4930282],[-122.561149,45.4916258],[-122.5611474,45.4915801],[-122.5611242,45.4915348],[-122.5610904,45.4914973],[-122.5610566,45.4914599],[-122.5610014,45.4914304],[-122.5609465,45.4914085],[-122.5608812,45.4914021],[-122.5608159,45.4913956],[-122.5607509,45.4913968],[-122.559774,45.4913611],[-122.5597631,45.4913613],[-122.5586131,45.4913363],[-122.5586377,45.4898195],[-122.5586362,45.4897739],[-122.558613,45.4897286],[-122.55859,45.4896909],[-122.5585454,45.4896536],[-122.558501,45.4896239],[-122.5584353,45.4896022],[-122.5583808,45.4895956],[-122.5583156,45.4895891],[-122.5572422,45.4895856],[-122.5560496,45.4895843],[-122.5560437,45.4890891],[-122.5560316,45.4890512],[-122.5560192,45.4890057],[-122.5559854,45.4889682],[-122.5559516,45.4889307],[-122.5558967,45.4889089],[-122.5558418,45.488887],[-122.5557871,45.4888728],[-122.5557218,45.4888663],[-122.5554073,45.4888644],[-122.5553844,45.4888267],[-122.5553614,45.488789],[-122.5553168,45.4887517],[-122.5552727,45.4887296],[-122.5552178,45.4887078],[-122.5551631,45.4886935],[-122.5550978,45.4886871],[-122.5545664,45.4886814],[-122.5545339,45.488682],[-122.5543933,45.4886921],[-122.5534719,45.4886935],[-122.5534794,45.4882743],[-122.5535228,45.4882735],[-122.5535336,45.4882733],[-122.5539236,45.4882663],[-122.554672,45.4882756],[-122.5547584,45.4882665],[-122.5548879,45.4882489],[-122.5557332,45.4882413],[-122.5581831,45.4882352],[-122.5582809,45.4882411],[-122.5583459,45.4882399],[-122.5584104,45.4882235],[-122.558464,45.4882073],[-122.558528,45.4881757],[-122.5585703,45.4881444],[-122.5586013,45.4880981],[-122.5586217,45.4880597],[-122.5586307,45.4880062],[-122.5585935,45.483694],[-122.5585919,45.4836484],[-122.5585687,45.4836031],[-122.5585349,45.4835656],[-122.5585012,45.4835281],[-122.558446,45.4834986],[-122.5583913,45.4834843],[-122.5583258,45.4834703],[-122.5582605,45.4834638],[-122.5557809,45.4835467],[-122.5557048,45.4835404],[-122.5556723,45.483541],[-122.5544597,45.4835857],[-122.554438,45.4835861],[-122.5543408,45.4835955],[-122.5534852,45.4836185],[-122.5534802,45.4828262],[-122.5534786,45.4827805],[-122.5534554,45.4827352],[-122.5534325,45.4826975],[-122.5533879,45.4826602],[-122.5533327,45.4826307],[-122.5531346,45.4825428],[-122.5531556,45.4818795],[-122.5531866,45.4818333],[-122.5532175,45.481787],[-122.553216,45.4817413],[-122.5532504,45.4785785],[-122.5564269,45.4785974],[-122.5583023,45.4786017],[-122.5583562,45.4785931],[-122.5584209,45.4785843],[-122.5584743,45.4785605],[-122.5585275,45.478529],[-122.5585698,45.4784978],[-122.558601,45.4784591],[-122.5586211,45.478413],[-122.5586198,45.478375],[-122.5586385,45.4770031],[-122.5586259,45.47695],[-122.5586135,45.4769045],[-122.5585687,45.4768595],[-122.5585243,45.4768299],[-122.5584691,45.4768004],[-122.5584033,45.4767787],[-122.5582396,45.4767436],[-122.5575087,45.4766044],[-122.5565374,45.4764086],[-122.5565265,45.4764088],[-122.5558833,45.4762984],[-122.5558803,45.475567],[-122.5559446,45.475543],[-122.5559871,45.4755194],[-122.55604,45.4754803],[-122.5560712,45.4754416],[-122.5560913,45.4753956],[-122.5560898,45.4753499],[-122.5561112,45.4718063],[-122.5560988,45.4717608],[-122.5560759,45.4717231],[-122.5560527,45.4716778],[-122.5560083,45.4716481],[-122.5559531,45.4716187],[-122.5558982,45.4715968],[-122.5558327,45.4715827],[-122.5557785,45.4715837],[-122.5535364,45.4716242],[-122.5535356,45.4716013],[-122.5558255,45.4713695],[-122.5558902,45.4713607],[-122.5559436,45.4713369],[-122.555997,45.4713131],[-122.5560499,45.471274],[-122.5560811,45.4712354],[-122.5561012,45.4711893],[-122.5560997,45.4711436],[-122.5561124,45.4702366],[-122.5561558,45.4702358],[-122.5562429,45.4702495],[-122.5563079,45.4702483],[-122.5563727,45.4702395],[-122.5564266,45.4702309],[-122.5564799,45.4702071],[-122.5565331,45.4701757],[-122.5565645,45.4701446],[-122.5565957,45.470106],[-122.5566159,45.4700599],[-122.5566143,45.4700142],[-122.5566103,45.4695723],[-122.5565979,45.4695268],[-122.5565858,45.4694889],[-122.556552,45.4694514],[-122.5565182,45.469414],[-122.556463,45.4693845],[-122.5564081,45.4693626],[-122.5563537,45.469356],[-122.5562885,45.4693495],[-122.5561257,45.4693449],[-122.5561214,45.4692154],[-122.5563813,45.4692107],[-122.5564463,45.4692095],[-122.5565108,45.4691931],[-122.5565644,45.4691769],[-122.5566175,45.4691455],[-122.5566596,45.4691066],[-122.55668,45.4690681],[-122.5567003,45.4690297],[-122.5567096,45.4689838],[-122.5567063,45.4688848],[-122.5567705,45.4688608],[-122.5568239,45.468837],[-122.5568659,45.4687981],[-122.5568971,45.4687594],[-122.5569173,45.4687134],[-122.5569157,45.4686677],[-122.5569008,45.468226],[-122.5568993,45.4681803],[-122.5568761,45.468135],[-122.5568423,45.4680975],[-122.5567979,45.4680678],[-122.5567536,45.4680381],[-122.5566987,45.4680163],[-122.5566332,45.4680022],[-122.5565682,45.4680034],[-122.5561133,45.4680116],[-122.5561141,45.4677144],[-122.5564285,45.4677164],[-122.556808,45.4677248],[-122.5568189,45.4677246],[-122.556873,45.4677236],[-122.5568748,45.4677769],[-122.5568761,45.467815],[-122.5568993,45.4678603],[-122.5569334,45.4679054],[-122.5569669,45.4679352],[-122.5570221,45.4679647],[-122.557077,45.4679866],[-122.5571422,45.467993],[-122.5572075,45.4679995],[-122.5574782,45.4679946],[-122.557543,45.4679858],[-122.5576074,45.4679694],[-122.5576611,45.4679532],[-122.5577034,45.4679219],[-122.5577457,45.4678907],[-122.5577766,45.4678444],[-122.5577862,45.4678061],[-122.5577955,45.4677602],[-122.5577942,45.4677222],[-122.5583468,45.4677198],[-122.5584118,45.4677186],[-122.5584763,45.4677022],[-122.5585296,45.4676784],[-122.5585722,45.4676548],[-122.5586142,45.4676159],[-122.5586454,45.4675772],[-122.5586658,45.4675388],[-122.5586751,45.4674929],[-122.5586791,45.466327],[-122.5586714,45.4657785],[-122.5587261,45.4657927],[-122.5587369,45.4657925],[-122.5590316,45.4658558],[-122.5590644,45.4658628],[-122.5591732,45.4658761],[-122.5592276,45.4658827],[-122.5592924,45.4658739],[-122.5593571,45.4658651],[-122.5594105,45.4658413],[-122.5594636,45.4658099],[-122.559495,45.4657788],[-122.5595263,45.4657402],[-122.5595464,45.4656941],[-122.5595559,45.4656558],[-122.5595761,45.4646496],[-122.5595637,45.4646041],[-122.5595516,45.4645663],[-122.5595176,45.4645212],[-122.5594732,45.4644915],[-122.5594289,45.4644618],[-122.559374,45.4644399],[-122.5593085,45.4644259],[-122.5592432,45.4644194],[-122.5569681,45.4644377],[-122.5569573,45.4644379],[-122.5568165,45.4644405],[-122.5557652,45.4644366],[-122.5535225,45.4644542]]]}},{"type":"Feature","properties":{"boundary_id":"b-middle-10","school_name":null,"review_status":"unverified"},"geometry":{"type":"Polygon","coordinates":[[[-122.6047133,45.5284452],[-122.6047066,45.530137],[-122.6046989,45.5302286],[-122.60466,45.5303589],[-122.6046616,45.5304046],[-122.604627,45.531914],[-122.6045703,45.5321589],[-122.6045608,45.5321972],[-122.6045378,45.5337293],[-122.6045394,45.533775],[-122.6045518,45.5338205],[-122.6045856,45.533858],[-122.6046303,45.5338953],[-122.6046747,45.5339249],[-122.6047297,45.5339468],[-122.6047953,45.5339608],[-122.6048604,45.5339596],[-122.6087231,45.5339725],[-122.6108061,45.5339723],[-122.6109693,45.5339845],[-122.610991,45.5339841],[-122.6111753,45.5339807],[-122.6145501,45.5340024],[-122.6145464,45.5351455],[-122.6145297,45.5377901],[-122.6145299,45.5377978],[-122.6145318,45.5378511],[-122.614517,45.5383619],[-122.6145193,45.5390553],[-122.6145182,45.5405871],[-122.6145182,45.5412119],[-122.6145132,45.5413797],[-122.6139163,45.5413754],[-122.6138401,45.5413692],[-122.6137859,45.5413702],[-122.6137428,45.5413786],[-122.6134838,45.5414215],[-122.6134407,45.5414299],[-122.6133656,45.5414542],[-122.6133016,45.5414858],[-122.6132376,45.5415175],[-122.612934,45.5415231],[-122.6128142,45.54151],[-122.6126177,45.5414756],[-122.6125523,45.5414691],[-122.6124545,45.5414633],[-122.6123455,45.5414501],[-122.6120715,45.5413713],[-122.6120171,45.5413647],[-122.6119078,45.5413438],[-122.6118317,45.5413376],[-122.6115389,45.541343],[-122.6114416,45.5413524],[-122.6112802,45.5413935],[-122.6112263,45.5414021],[-122.6110871,45.541458],[-122.6110657,45.541466],[-122.6110443,45.541474],[-122.6110216,45.541444],[-122.6109874,45.5413989],[-122.610965,45.5413764],[-122.6108973,45.5413015],[-122.6108639,45.5412792],[-122.6108306,45.541257],[-122.6106981,45.5411908],[-122.6106209,45.5411541],[-122.6105006,45.5411259],[-122.610435,45.5411118],[-122.610326,45.5410986],[-122.6102718,45.5410996],[-122.6078407,45.5410833],[-122.6078392,45.5410376],[-122.6078376,45.5409919],[-122.6078254,45.540954],[-122.6077913,45.5409089],[-122.6077577,45.5408791],[-122.6077133,45.5408494],[-122.6076583,45.5408276],[-122.6075927,45.5408135],[-122.6075382,45.5408069],[-122.6074732,45.5408081],[-122.6074084,45.5408169],[-122.6073547,45.5408331],[-122.6042612,45.5420558],[-122.604208,45.5420873],[-122.6041548,45.5421187],[-122.6041236,45.5421574],[-122.6041035,45.5422035],[-122.6040942,45.5422494],[-122.6040958,45.5422951],[-122.6041333,45.5424392],[-122.6040709,45.5481708],[-122.6040626,45.5482472],[-122.6040642,45.5482929],[-122.6040766,45.5483383],[-122.6041105,45.5483758],[-122.6041443,45.5484133],[-122.6041996,45.5484428],[-122.6042549,45.5484722],[-122.6043205,45.5484863],[-122.6043856,45.5484851],[-122.6091938,45.5485112],[-122.6092249,45.5494098],[-122.6091794,45.5515444],[-122.6091797,45.551552],[-122.6091868,45.5517576],[-122.6091905,45.5518642],[-122.6091921,45.5519099],[-122.6092045,45.5519554],[-122.6092383,45.5519929],[-122.609283,45.5520302],[-122.6093272,45.5520522],[-122.6093822,45.5520741],[-122.6094478,45.5520881],[-122.6095132,45.5520945],[-122.6144629,45.5521255],[-122.6144618,45.5524075],[-122.6144444,45.5528422],[-122.6144202,45.5546486],[-122.6144043,45.5554415],[-122.614366,45.555587],[-122.6143673,45.555625],[-122.6143498,45.5566846],[-122.6143498,45.5573095],[-122.6143283,45.5582548],[-122.614314,45.5590933],[-122.6143265,45.5591388],[-122.6143511,45.5592222],[-122.6143754,45.5592979],[-122.6143635,45.560205],[-122.6140595,45.560203],[-122.6139944,45.5602042],[-122.6139299,45.5602206],[-122.6138762,45.5602368],[-122.613823,45.5602683],[-122.6137806,45.5602995],[-122.6137494,45.5603382],[-122.6137293,45.5603843],[-122.6137201,45.5604302],[-122.6136716,45.5627858],[-122.613684,45.5628313],[-122.6136964,45.5628768],[-122.6137303,45.5629143],[-122.6137641,45.5629518],[-122.6138194,45.5629812],[-122.6138745,45.5630031],[-122.613929,45.5630097],[-122.6139943,45.5630161],[-122.6202366,45.563046],[-122.623264,45.5630207],[-122.6253366,45.5630053],[-122.6257383,45.5630055],[-122.6257491,45.5630053],[-122.6264216,45.5629928],[-122.6271053,45.5629878],[-122.6270967,45.5636738],[-122.6253492,45.5636756],[-122.6253383,45.5636758],[-122.6242747,45.5636802],[-122.6242099,45.5636891],[-122.624156,45.5636977],[-122.6240917,45.5637217],[-122.6240491,45.5637454],[-122.624007,45.5637842],[-122.6239758,45.5638229],[-122.6239557,45.563869],[-122.623957,45.5639071],[-122.623956,45.5645015],[-122.6239574,45.5645396],[-122.6239693,45.5645699],[-122.6240391,45.5647057],[-122.6240209,45.5651176],[-122.6240225,45.5651633],[-122.6240458,45.5652086],[-122.6240688,45.5652463],[-122.6241136,45.5652835],[-122.6241358,45.5652984],[-122.6241343,45.56619],[-122.6240698,45.5662064],[-122.6240163,45.5662303],[-122.6239629,45.5662541],[-122.6239208,45.566293],[-122.6238896,45.5663317],[-122.6238801,45.56637],[-122.6238708,45.5664159],[-122.6238676,45.5681915],[-122.6238692,45.5682372],[-122.6238925,45.5682825],[-122.6239264,45.56832],[-122.6239602,45.5683575],[-122.6239933,45.5683721],[-122.6239975,45.5700485],[-122.6240099,45.570094],[-122.6240224,45.5701395],[-122.6240563,45.570177],[-122.6240901,45.5702145],[-122.6241452,45.5702363],[-122.6242002,45.5702582],[-122.6242658,45.5702722],[-122.624257,45.571263],[-122.6240556,45.5714039],[-122.6239175,45.5714903],[-122.6238754,45.5715292],[-122.6238334,45.5715681],[-122.6238133,45.5716141],[-122.6238149,45.5716598],[-122.6238099,45.5724525],[-122.6238107,45.5724753],[-122.6238391,45.5726653],[-122.623852,45.5749055],[-122.6219746,45.5752373],[-122.6219098,45.5752461],[-122.6218563,45.57527],[-122.621814,45.5753012],[-122.6217716,45.5753325],[-122.6217513,45.575371],[-122.6217312,45.5754171],[-122.6217216,45.5754553],[-122.6217388,45.5775049],[-122.6200245,45.5784738],[-122.6199714,45.5785053],[-122.6199295,45.5785518],[-122.6199094,45.5785979],[-122.6199004,45.5786514],[-122.6198915,45.5830714],[-122.6198991,45.5867215],[-122.6199016,45.5889771],[-122.6195528,45.5889378],[-122.619048,45.5884746],[-122.6190144,45.5884447],[-122.6189702,45.5884227],[-122.6184625,45.5881881],[-122.6184075,45.5881663],[-122.6183418,45.5881523],[-122.6174255,45.5880319],[-122.6173493,45.5880257],[-122.616601,45.5880547],[-122.6165468,45.5880557],[-122.6165036,45.5880641],[-122.6153737,45.5883591],[-122.6153997,45.5862935],[-122.6153881,45.5853336],[-122.6153875,45.5853183],[-122.6153725,45.5851967],[-122.6153894,45.58131],[-122.6153932,45.5798544],[-122.6153916,45.5798087],[-122.6153685,45.579771],[-122.6153344,45.5797259],[-122.6153008,45.5796961],[-122.6152455,45.5796666],[-122.6151904,45.5796448],[-122.6151357,45.5796305],[-122.6150703,45.5796241],[-122.6139956,45.5796286],[-122.6139305,45.5796298],[-122.6138659,45.5796462],[-122.6138122,45.5796624],[-122.6137699,45.5796937],[-122.6127203,45.5804216],[-122.6116853,45.5796938],[-122.6116408,45.5796641],[-122.6115858,45.5796423],[-122.6115204,45.5796358],[-122.6114551,45.5796294],[-122.6048647,45.5796281],[-122.6024858,45.5786504],[-122.6024417,45.5786283],[-122.5995375,45.577843],[-122.5994827,45.5778288],[-122.5994174,45.5778224],[-122.5980394,45.5778475],[-122.5979743,45.5778486],[-122.5979097,45.5778651],[-122.5960852,45.5784774],[-122.5960317,45.5785012],[-122.5960385,45.5771219],[-122.5960369,45.5770762],[-122.5960137,45.5770309],[-122.5959906,45.5769932],[-122.5959459,45.5769559],[-122.5959015,45.5769262],[-122.5958359,45.5769122],[-122.5957811,45.5768979],[-122.5957157,45.5768915],[-122.5913197,45.576918],[-122.5888015,45.5769332],[-122.5884326,45.5769399],[-122.5864026,45.5769462],[-122.583384,45.5769323],[-122.5779658,45.5769082],[-122.5779332,45.5769088],[-122.5777276,45.5769277],[-122.5776731,45.5769211],[-122.5776406,45.5769217],[-122.5772714,45.5769207],[-122.5754145,45.5769085],[-122.5754258,45.5734184],[-122.5754242,45.5733727],[-122.575401,45.5733274],[-122.575378,45.5732897],[-122.5753333,45.5732524],[-122.5752889,45.5732227],[-122.5752338,45.5732009],[-122.5751682,45.5731868],[-122.5751031,45.573188],[-122.5736811,45.5731907],[-122.5657087,45.5730673],[-122.565734,45.5699733],[-122.5667333,45.5699934],[-122.566809,45.5699845],[-122.5668738,45.5699757],[-122.5669273,45.5699519],[-122.5669805,45.5699204],[-122.5670226,45.5698816],[-122.5670536,45.5698353],[-122.5670738,45.5697892],[-122.5670918,45.5696822],[-122.5673545,45.568786],[-122.5673542,45.5687784],[-122.5673638,45.5687401],[-122.5677109,45.5687339],[-122.5679173,45.5687378],[-122.5679824,45.5687366],[-122.5680473,45.5687278],[-122.5681007,45.568704],[-122.5681542,45.5686802],[-122.5681963,45.5686413],[-122.5682275,45.5686027],[-122.5682477,45.5685566],[-122.568257,45.5685107],[-122.5682515,45.5677107],[-122.5682491,45.5670021],[-122.5682806,45.5666511],[-122.5682801,45.5666358],[-122.5682602,45.5663695],[-122.5683006,45.5630847],[-122.5683003,45.5630771],[-122.5682967,45.5629704],[-122.5682962,45.5629552],[-122.5701193,45.5629453],[-122.5710421,45.5629515],[-122.571053,45.5629513],[-122.5725288,45.56294],[-122.5731148,45.5629371],[-122.5767182,45.562933],[-122.5767291,45.5629328],[-122.5782914,45.5629122],[-122.5783562,45.5629035],[-122.5784099,45.5628872],[-122.5784636,45.562871],[-122.5785168,45.5628396],[-122.5785483,45.5628085],[-122.5785796,45.5627699],[-122.5786,45.5627314],[-122.5786092,45.5626855],[-122.5786151,45.5625406],[-122.5786149,45.562533],[-122.5786446,45.5602237],[-122.5786662,45.5599032],[-122.578666,45.5598956],[-122.5787038,45.5581424],[-122.5787087,45.557967],[-122.5787303,45.5566941],[-122.5788133,45.5524483],[-122.5788117,45.5524026],[-122.5787887,45.5523649],[-122.5787658,45.5523272],[-122.5787319,45.5522898],[-122.5786767,45.5522603],[-122.5786325,45.5522382],[-122.5785669,45.5522242],[-122.5785016,45.5522177],[-122.5784473,45.5522187],[-122.5783825,45.5522275],[-122.5783291,45.5522513],[-122.576124,45.5531446],[-122.5761709,45.5513379],[-122.5783849,45.5513435],[-122.5783958,45.5513433],[-122.5785151,45.5513412],[-122.5785799,45.5513324],[-122.5786444,45.551316],[-122.5787087,45.551292],[-122.5787508,45.5512531],[-122.5787929,45.5512142],[-122.578813,45.5511682],[-122.5788422,45.5510686],[-122.5788512,45.5510151],[-122.578854,45.5507788],[-122.5788562,45.5502073],[-122.5788595,45.5499862],[-122.5788582,45.5499482],[-122.5788349,45.5499029],[-122.5788117,45.5498576],[-122.5787673,45.5498279],[-122.5787228,45.5497982],[-122.5786678,45.5497763],[-122.5786022,45.5497623],[-122.5785369,45.5497559],[-122.5699199,45.5497362],[-122.5696268,45.5497338],[-122.5694097,45.5497301],[-122.5693449,45.5497389],[-122.56928,45.5497477],[-122.5692266,45.5497715],[-122.5691731,45.5497954],[-122.5691311,45.5498342],[-122.5690998,45.5498729],[-122.5690903,45.5499111],[-122.569081,45.549957],[-122.5690496,45.5525483],[-122.5684051,45.5524228],[-122.5684167,45.5521254],[-122.5684043,45.5520799],[-122.5683922,45.552042],[-122.5683692,45.5520043],[-122.5683245,45.551967],[-122.5682801,45.5519374],[-122.5682359,45.5519153],[-122.5679614,45.5518212],[-122.5659245,45.5509587],[-122.5657812,45.5508927],[-122.5656815,45.5508335],[-122.5655485,45.5507521],[-122.5653149,45.550581],[-122.5638089,45.5493737],[-122.5637867,45.5493589],[-122.5632866,45.5490097],[-122.5632192,45.5489424],[-122.5631843,45.5488744],[-122.5631593,45.5487758],[-122.5631681,45.5487147],[-122.5631977,45.5486303],[-122.5632285,45.5485765],[-122.5633021,45.5485066],[-122.5633873,45.5484593],[-122.563473,45.5484273],[-122.5635698,45.5484027],[-122.5636347,45.5483939],[-122.5637106,45.5483925],[-122.5637976,45.5483986],[-122.5640486,45.5484398],[-122.5640811,45.5484392],[-122.5641901,45.5484525],[-122.5642118,45.5484521],[-122.5643205,45.5484578],[-122.5643744,45.5484492],[-122.5645583,45.5484306],[-122.5646445,45.5484139],[-122.5647519,45.5483814],[-122.5648056,45.5483652],[-122.5671061,45.548362],[-122.5671277,45.5483616],[-122.5672687,45.548359],[-122.5673335,45.5483502],[-122.5673978,45.5483262],[-122.5674513,45.5483024],[-122.5675042,45.5482634],[-122.5675357,45.5482323],[-122.5675566,45.5482091],[-122.56763,45.5481316],[-122.56764,45.5481085],[-122.5677436,45.5479619],[-122.5677536,45.5479388],[-122.5678241,45.5477776],[-122.5678342,45.5477545],[-122.5678729,45.5476167],[-122.5678832,45.5476012],[-122.5679493,45.5473105],[-122.568445,45.5465701],[-122.5684652,45.546524],[-122.5684742,45.5464705],[-122.5684727,45.5464248],[-122.5684941,45.5464168],[-122.5685364,45.5463855],[-122.5685785,45.5463467],[-122.5686098,45.546308],[-122.5686407,45.5462617],[-122.5686611,45.5462233],[-122.5686921,45.546177],[-122.5687009,45.5461159],[-122.5687086,45.5460243],[-122.5686962,45.5459788],[-122.5686211,45.545683],[-122.568619,45.5456221],[-122.5686175,45.5455764],[-122.5686053,45.5455385],[-122.5685823,45.5455008],[-122.5685795,45.5454171],[-122.5686306,45.5450047],[-122.5686303,45.5449971],[-122.5686278,45.5449209],[-122.568627,45.5448981],[-122.5686247,45.5448295],[-122.5686239,45.5448067],[-122.5685991,45.5447157],[-122.5685872,45.5446854],[-122.5685518,45.5446022],[-122.5685405,45.5445872],[-122.568448,45.5444212],[-122.5684142,45.5443837],[-122.5683698,45.5443541],[-122.5683254,45.5443244],[-122.5682704,45.5443025],[-122.5682048,45.5442885],[-122.5681503,45.5442818],[-122.5668916,45.5442816],[-122.5660019,45.5442824],[-122.5632779,45.5442704],[-122.5632978,45.5426166],[-122.5646649,45.5426149],[-122.56473,45.5426137],[-122.5647946,45.5425973],[-122.5648483,45.5425811],[-122.5649014,45.5425497],[-122.5649438,45.5425184],[-122.564975,45.5424798],[-122.5649843,45.5424339],[-122.5649936,45.542388],[-122.5650292,45.5408786],[-122.5650168,45.5408331],[-122.5650047,45.5407953],[-122.5649706,45.5407502],[-122.5649371,45.5407203],[-122.5648818,45.5406908],[-122.5648268,45.5406689],[-122.5647721,45.5406547],[-122.5647068,45.5406482],[-122.5630033,45.5406484],[-122.5629382,45.5406496],[-122.5628737,45.540666],[-122.56282,45.5406822],[-122.5627668,45.5407136],[-122.5627353,45.5407446],[-122.5627041,45.5407833],[-122.5626839,45.5408294],[-122.5626744,45.5408677],[-122.5626421,45.542156],[-122.5620451,45.5421514],[-122.5599071,45.5421365],[-122.5598854,45.5421369],[-122.5598952,45.5421062],[-122.5598947,45.542091],[-122.5599383,45.5417778],[-122.5599771,45.5413199],[-122.5599769,45.5413123],[-122.5600063,45.5409003],[-122.5600471,45.5405034],[-122.5601477,45.5393053],[-122.5602701,45.5381144],[-122.5603734,45.5376401],[-122.5605,45.5372112],[-122.5606606,45.5368273],[-122.560824,45.5365272],[-122.5610613,45.5361648],[-122.5613825,45.5357171],[-122.5618007,45.5352524],[-122.5621472,45.5349109],[-122.5625804,45.5345678],[-122.5637354,45.5337546],[-122.5670756,45.5337173],[-122.5675963,45.5337155],[-122.5676071,45.5337153],[-122.56803,45.5337077],[-122.5684097,45.5337085],[-122.5684745,45.5336997],[-122.5685393,45.5336909],[-122.5685928,45.5336671],[-122.5686462,45.5336433],[-122.5686883,45.5336044],[-122.5687195,45.5335657],[-122.5687396,45.5335197],[-122.5687381,45.533474],[-122.5687401,45.5332149],[-122.5687584,45.5321554],[-122.5687659,45.5320562],[-122.56877,45.531858],[-122.5688562,45.5318412],[-122.569635,45.5317738],[-122.570317,45.531731],[-122.571044,45.5317331],[-122.5715541,45.5317391],[-122.5720543,45.5317758],[-122.5725882,45.5318424],[-122.5734176,45.5319874],[-122.5737019,45.5320508],[-122.5740635,45.5321586],[-122.5746008,45.5323241],[-122.5787487,45.5337044],[-122.5799897,45.5341467],[-122.5807911,45.5344217],[-122.5815163,45.5346905],[-122.5821117,45.5349693],[-122.5821448,45.5349839],[-122.583375,45.5354264],[-122.583397,45.5354336],[-122.5837915,45.5355484],[-122.5838026,45.5355558],[-122.5840873,45.5356344],[-122.5841093,45.5356417],[-122.5842735,45.5356844],[-122.5842843,45.5356842],[-122.5848854,45.5358104],[-122.5849182,45.5358175],[-122.5852669,45.5358645],[-122.5852886,45.5358641],[-122.5857025,45.5359099],[-122.5857242,45.5359095],[-122.586398,45.535943],[-122.5864197,45.5359426],[-122.5870382,45.5359465],[-122.5870707,45.535946],[-122.5875254,45.5359148],[-122.5875468,45.5359068],[-122.5880117,45.5358603],[-122.5880223,45.5358524],[-122.5885081,45.5357826],[-122.5885404,45.5357744],[-122.5889712,45.5356828],[-122.5890035,45.5356745],[-122.5894655,45.5355442],[-122.5894872,45.5355438],[-122.5899913,45.5353746],[-122.5900019,45.5353668],[-122.5902913,45.5352625],[-122.5903127,45.5352544],[-122.5906013,45.5351273],[-122.5906121,45.5351271],[-122.5919677,45.5344775],[-122.5919783,45.5344697],[-122.5931825,45.5338381],[-122.5964759,45.5321243],[-122.5975632,45.5315634],[-122.599397,45.5306307],[-122.6007397,45.5299279],[-122.6022947,45.5290916],[-122.6032433,45.5286017],[-122.6038627,45.528316],[-122.6043447,45.5281395],[-122.6045058,45.5280908],[-122.6047133,45.5284452]]]}},{"type":"Feature","properties":{"boundary_id":"b-middle-11","school_name":null,"review_status":"unverified"},"geometry":{"type":"Polygon","coordinates":[[[-122.6397185,45.4644056],[-122.6401937,45.4643586],[-122.6404756,45.4643609],[-122.6405733,45.4643667],[-122.6407149,45.4643869],[-122.6407693,45.4643935],[-122.640824,45.4644077],[-122.6409003,45.4644215],[-122.6411629,45.4644928],[-122.6411849,45.4645],[-122.6412501,45.4645064],[-122.6412829,45.4645134],[-122.6415769,45.4645536],[-122.641631,45.4645526],[-122.6418371,45.4645563],[-122.6530864,45.4645651],[-122.6590902,45.4645657],[-122.660098,45.4645618],[-122.6612254,45.4645709],[-122.6614961,45.4645658],[-122.6639242,45.4645806],[-122.6649536,45.4645763],[-122.6654016,45.4655966],[-122.6661306,45.4711769],[-122.6661417,45.4711843],[-122.6685172,45.4834402],[-122.6685178,45.4834554],[-122.6687807,45.4844488],[-122.6688197,45.484631],[-122.6688016,45.4847304],[-122.6688034,45.4847837],[-122.668967,45.4854208],[-122.6689678,45.4854437],[-122.6690336,45.4857702],[-122.6689859,45.4877831],[-122.6678878,45.4916604],[-122.6663897,45.4952709],[-122.6663802,45.4953092],[-122.6662686,45.4958296],[-122.6662499,45.4959138],[-122.6662396,45.4959292],[-122.6656331,45.4990045],[-122.6656353,45.4990654],[-122.6661095,45.5011219],[-122.6661219,45.5011673],[-122.6693001,45.5076005],[-122.6706175,45.5132306],[-122.6692285,45.5177841],[-122.6678906,45.5204235],[-122.6678816,45.520477],[-122.6675604,45.5230363],[-122.6675626,45.5230972],[-122.6685673,45.5275595],[-122.6685679,45.5275748],[-122.6686047,45.527696],[-122.668628,45.5277413],[-122.668673,45.5277862],[-122.6687516,45.5278609],[-122.66883,45.527928],[-122.6688408,45.5279278],[-122.6736439,45.5318076],[-122.6725483,45.5324228],[-122.6722502,45.5325809],[-122.6722505,45.5325885],[-122.6716973,45.5328962],[-122.6711755,45.5331728],[-122.6711647,45.5331731],[-122.6701011,45.5337724],[-122.6695164,45.5341112],[-122.6695058,45.534119],[-122.6685184,45.5347245],[-122.6682091,45.5348752],[-122.6676453,45.5348858],[-122.6669292,45.5348841],[-122.6666579,45.5348816],[-122.666647,45.5348818],[-122.6656165,45.5348861],[-122.6625674,45.534875],[-122.6615582,45.5348712],[-122.6605377,45.5348523],[-122.6544506,45.5348372],[-122.6534306,45.5348335],[-122.6524107,45.5348298],[-122.6514015,45.5348259],[-122.6493833,45.534818],[-122.6465624,45.5348175],[-122.6450431,45.5348078],[-122.64506,45.534053],[-122.6450661,45.5336109],[-122.6450722,45.5325515],[-122.6450778,45.5314768],[-122.6450775,45.5314692],[-122.6450759,45.5308062],[-122.6450827,45.5300744],[-122.6450811,45.5300287],[-122.6450578,45.5299835],[-122.6450237,45.5299384],[-122.6449792,45.5299087],[-122.644924,45.5298793],[-122.6448689,45.5298574],[-122.6448034,45.5298434],[-122.6447383,45.5298446],[-122.6423448,45.529958],[-122.6404711,45.5300463],[-122.6369838,45.5302181],[-122.6363989,45.5302442],[-122.6363881,45.5302444],[-122.6361176,45.5302647],[-122.6360853,45.5302729],[-122.6357075,45.5303257],[-122.6356752,45.5303339],[-122.6353199,45.5304091],[-122.6351477,45.5304504],[-122.6351369,45.5304506],[-122.6349328,45.5305078],[-122.6347394,45.5302523],[-122.634715,45.5301765],[-122.6347105,45.5300471],[-122.6347297,45.5271889],[-122.6347375,45.52648],[-122.6347492,45.5243383],[-122.6347371,45.5243005],[-122.6347246,45.524255],[-122.6346908,45.5242175],[-122.6346461,45.5241802],[-122.6346017,45.5241506],[-122.6345467,45.5241287],[-122.6344811,45.5241147],[-122.634416,45.5241159],[-122.6319317,45.5241088],[-122.6319366,45.5236286],[-122.6319363,45.523621],[-122.6319322,45.5228819],[-122.6319386,45.5221349],[-122.6319262,45.5220894],[-122.6319137,45.5220439],[-122.6318796,45.5219988],[-122.6318352,45.5219692],[-122.6317799,45.5219397],[-122.6317141,45.5219181],[-122.6316596,45.5219115],[-122.6315835,45.5219053],[-122.6314645,45.5219151],[-122.6298046,45.5219079],[-122.6297938,45.5219081],[-122.6294794,45.5219139],[-122.6294686,45.5219141],[-122.6293927,45.5219156],[-122.6293605,45.5219238],[-122.6292632,45.5219332],[-122.6292201,45.5219416],[-122.6289298,45.5220156],[-122.6288436,45.5220325],[-122.6287788,45.5220413],[-122.6286596,45.5220435],[-122.6284856,45.5220315],[-122.6283547,45.5220111],[-122.6282233,45.5219754],[-122.6281908,45.521976],[-122.6280816,45.5219552],[-122.6280488,45.5219482],[-122.6279182,45.5219353],[-122.6278746,45.5219285],[-122.6277442,45.5219233],[-122.6277117,45.5219239],[-122.6273868,45.5219376],[-122.6273653,45.5219456],[-122.6263924,45.5220399],[-122.6263816,45.5220401],[-122.6262412,45.5220579],[-122.6262303,45.5220581],[-122.626101,45.5220834],[-122.6260796,45.5220914],[-122.6260148,45.5221002],[-122.6257991,45.5221347],[-122.6257883,45.5221349],[-122.625282,45.5222358],[-122.6248835,45.5223194],[-122.6248727,45.5223196],[-122.6243238,45.5224441],[-122.6241623,45.5224775],[-122.6237953,45.5225301],[-122.6236332,45.5225483],[-122.6234492,45.5225594],[-122.6232649,45.5225628],[-122.6232791,45.5217242],[-122.6232756,45.5210003],[-122.6232731,45.5203069],[-122.6232811,45.5202229],[-122.6232808,45.5202153],[-122.6232971,45.5197501],[-122.6232966,45.5197349],[-122.6232601,45.5193088],[-122.6232788,45.5185998],[-122.6232785,45.5185921],[-122.6232397,45.5171678],[-122.623232,45.5166345],[-122.6232312,45.5166116],[-122.6232061,45.516513],[-122.6231937,45.5164675],[-122.6231704,45.5164223],[-122.6231365,45.5163848],[-122.6230813,45.5163553],[-122.6230263,45.5163335],[-122.6229716,45.5163193],[-122.6229063,45.5163128],[-122.6228412,45.516314],[-122.6227765,45.5163229],[-122.6227231,45.5163467],[-122.6226802,45.5163628],[-122.6216717,45.5163662],[-122.6211075,45.5163614],[-122.6196757,45.5163575],[-122.6196809,45.51526],[-122.6201039,45.5152598],[-122.6201578,45.5152512],[-122.6202226,45.5152424],[-122.620276,45.5152185],[-122.6203294,45.5151947],[-122.6203714,45.5151558],[-122.6204026,45.5151171],[-122.6204227,45.515071],[-122.6204214,45.5150329],[-122.6204452,45.512289],[-122.6227663,45.5122917],[-122.622831,45.5122829],[-122.6228955,45.5122665],[-122.62296,45.51225],[-122.6230132,45.5122186],[-122.6230552,45.5121797],[-122.6230753,45.5121336],[-122.6230954,45.5120875],[-122.6230938,45.5120418],[-122.6230795,45.511943],[-122.6230743,45.5108609],[-122.6230741,45.5108533],[-122.623038,45.5095051],[-122.6229809,45.5075553],[-122.6229202,45.5054988],[-122.6229397,45.5048126],[-122.6229394,45.504805],[-122.6229036,45.5040893],[-122.6229053,45.5019555],[-122.6229175,45.5007512],[-122.625726,45.5007523],[-122.6261925,45.5007589],[-122.6262573,45.50075],[-122.626322,45.5007412],[-122.6263754,45.5007174],[-122.6264288,45.5006935],[-122.6264708,45.5006546],[-122.626502,45.5006159],[-122.6265221,45.5005698],[-122.6265205,45.5005241],[-122.6265254,45.5000439],[-122.6285531,45.5000443],[-122.6286073,45.5000433],[-122.6286718,45.5000268],[-122.6287255,45.5000106],[-122.6287786,45.4999791],[-122.6288206,45.4999402],[-122.6288518,45.4999015],[-122.6288721,45.4998631],[-122.6288705,45.4998174],[-122.6288701,45.4991848],[-122.6288691,45.4991544],[-122.628855,45.4990632],[-122.6288318,45.4990179],[-122.6288085,45.4989726],[-122.6287638,45.4989353],[-122.6287194,45.4989057],[-122.6286536,45.498884],[-122.6285881,45.49887],[-122.628523,45.4988712],[-122.628176,45.4988701],[-122.6265279,45.4988703],[-122.6265163,45.4976055],[-122.626516,45.4975978],[-122.626508,45.4970569],[-122.6264956,45.4970114],[-122.6264832,45.4969659],[-122.6264491,45.4969208],[-122.6264047,45.4968912],[-122.6263494,45.4968617],[-122.6262836,45.4968401],[-122.6262183,45.4968337],[-122.6261533,45.4968349],[-122.6261425,45.4968351],[-122.6261158,45.4966908],[-122.626092,45.4966303],[-122.626046,45.4965549],[-122.626023,45.4965172],[-122.6259786,45.4964876],[-122.6259342,45.4964579],[-122.6258462,45.4964215],[-122.6258242,45.4964143],[-122.6247797,45.4959993],[-122.6247578,45.4959921],[-122.6245714,45.4959346],[-122.6245387,45.4959276],[-122.6244512,45.4959064],[-122.6244184,45.4958993],[-122.6242876,45.4958789],[-122.6242659,45.4958793],[-122.6241354,45.4958665],[-122.6241029,45.4958671],[-122.6238967,45.4958633],[-122.6238859,45.4958635],[-122.6229424,45.4958582],[-122.6229562,45.4940747],[-122.6229527,45.4933508],[-122.6229511,45.4933051],[-122.6229278,45.4932598],[-122.6229048,45.4932221],[-122.6228602,45.4931849],[-122.622816,45.4931628],[-122.6227611,45.493141],[-122.6226955,45.4931269],[-122.6226303,45.4931205],[-122.6193015,45.4931138],[-122.6192907,45.493114],[-122.619278,45.4930609],[-122.619284,45.4919863],[-122.6193043,45.4910104],[-122.6193019,45.490317],[-122.6193003,45.4902713],[-122.6192771,45.490226],[-122.6192432,45.4901885],[-122.6192094,45.4901511],[-122.6191542,45.4901216],[-122.6190995,45.4901074],[-122.6190448,45.4900931],[-122.6189795,45.4900867],[-122.618123,45.4900874],[-122.6181159,45.4895693],[-122.6181166,45.4883424],[-122.6203718,45.4883462],[-122.6204365,45.4883374],[-122.6205012,45.4883286],[-122.6205546,45.4883047],[-122.6206077,45.4882733],[-122.6206497,45.4882344],[-122.6206809,45.4881957],[-122.6207113,45.4881342],[-122.6207216,45.4881187],[-122.620831,45.4878347],[-122.6208408,45.4878041],[-122.6208878,45.4875974],[-122.620887,45.4875746],[-122.6208931,45.4874373],[-122.6209078,45.4869264],[-122.6226534,45.4869321],[-122.6227181,45.4869232],[-122.6227829,45.4869144],[-122.6228363,45.4868906],[-122.6228894,45.4868591],[-122.6229316,45.4868278],[-122.6229628,45.4867891],[-122.6229721,45.4867432],[-122.6229813,45.4866973],[-122.6229817,45.4854628],[-122.6229786,45.4835043],[-122.6229838,45.4830317],[-122.6236235,45.483035],[-122.6236885,45.4830338],[-122.623753,45.4830174],[-122.6238066,45.4830012],[-122.6238597,45.4829697],[-122.6238912,45.4829386],[-122.6239221,45.4828923],[-122.6239424,45.4828538],[-122.6239517,45.4828079],[-122.6239487,45.4820993],[-122.6239548,45.4807198],[-122.6239863,45.4806887],[-122.6240064,45.4806426],[-122.6240153,45.4805891],[-122.6240287,45.4800402],[-122.6240163,45.4799947],[-122.6240042,45.4799568],[-122.623969,45.4798812],[-122.6239647,45.4794469],[-122.6263823,45.4794552],[-122.6263931,45.479455],[-122.6265664,45.4794518],[-122.6267511,45.4794636],[-122.6269258,45.4794984],[-122.6270568,45.4795265],[-122.6270679,45.4795339],[-122.6272862,45.4795755],[-122.6273514,45.4795819],[-122.6275903,45.4795927],[-122.6276336,45.4795919],[-122.6279258,45.4795788],[-122.6279692,45.479578],[-122.628325,45.4795256],[-122.6283359,45.4795254],[-122.6286268,45.4794743],[-122.6286376,45.4794741],[-122.6289174,45.4794155],[-122.6290363,45.4794057],[-122.629221,45.4794175],[-122.6292318,45.4794173],[-122.6293185,45.4794156],[-122.6293945,45.4794218],[-122.6295037,45.4794427],[-122.629547,45.4794419],[-122.6296775,45.4794547],[-122.6296992,45.4794543],[-122.6298836,45.4794584],[-122.6299164,45.4794654],[-122.6302844,45.4794509],[-122.6303383,45.4794423],[-122.6304786,45.4794245],[-122.630705,45.4793897],[-122.6310073,45.4793536],[-122.6311264,45.4793514],[-122.6313539,45.4793471],[-122.631452,45.4793605],[-122.6316808,45.4793944],[-122.6320848,45.4794783],[-122.6321392,45.4794849],[-122.6323347,45.4794964],[-122.6324106,45.479495],[-122.6325403,45.479485],[-122.6325725,45.4794768],[-122.632702,45.4794591],[-122.6327342,45.4794509],[-122.6329059,45.4794019],[-122.6329596,45.4793857],[-122.6332589,45.4792658],[-122.6333125,45.4792495],[-122.6336245,45.4791827],[-122.6341199,45.4790896],[-122.6344549,45.4790605],[-122.6345194,45.479044],[-122.634573,45.4790278],[-122.6346264,45.4790039],[-122.6347112,45.478949],[-122.6347532,45.4789101],[-122.634816,45.478848],[-122.6348371,45.4788323],[-122.6348686,45.4788012],[-122.6348894,45.478778],[-122.6349098,45.4787395],[-122.6349198,45.4787165],[-122.6349605,45.4786395],[-122.6349805,45.4785934],[-122.6349995,45.4785168],[-122.634999,45.4785016],[-122.6350077,45.4784405],[-122.6350169,45.4783946],[-122.6350048,45.4783567],[-122.6349575,45.4782432],[-122.6349228,45.4781829],[-122.6348327,45.4780855],[-122.6347991,45.4780557],[-122.6347656,45.4780258],[-122.6346107,45.4779373],[-122.6345888,45.4779301],[-122.6344453,45.4778566],[-122.6344115,45.4778191],[-122.6343877,45.4777586],[-122.6343869,45.4777357],[-122.6344178,45.4776894],[-122.6344283,45.4776816],[-122.6345971,45.4775489],[-122.6346286,45.4775178],[-122.634848,45.4772851],[-122.6349003,45.4772307],[-122.6349421,45.4771842],[-122.6350234,45.4770303],[-122.6350337,45.4770148],[-122.635054,45.4769764],[-122.6350641,45.4769533],[-122.6351037,45.4768459],[-122.6351034,45.4768383],[-122.6351227,45.4767693],[-122.6351221,45.4767541],[-122.6351411,45.4766775],[-122.6351406,45.4766623],[-122.6351464,45.4765174],[-122.6351461,45.4765098],[-122.6351606,45.4763037],[-122.6351603,45.4762961],[-122.635152,45.47606],[-122.6351512,45.4760372],[-122.6351131,45.4758778],[-122.6351126,45.4758626],[-122.6350996,45.4758019],[-122.6350883,45.4757868],[-122.6350407,45.4756658],[-122.6350293,45.4756508],[-122.6349593,45.4755073],[-122.6349479,45.4754923],[-122.6349133,45.4754319],[-122.6349022,45.4754245],[-122.6347996,45.4752817],[-122.6347761,45.4752287],[-122.6347637,45.4751833],[-122.6347993,45.4749616],[-122.6348518,45.4749149],[-122.6350005,45.4748283],[-122.6351717,45.4747641],[-122.6353218,45.4747155],[-122.6355476,45.4746656],[-122.6359143,45.474613],[-122.6376918,45.4746101],[-122.6377026,45.4746099],[-122.6385253,45.4745793],[-122.6385361,45.474579],[-122.6395963,45.474521],[-122.6396613,45.4745198],[-122.6397255,45.4744958],[-122.6397789,45.4744719],[-122.6398209,45.474433],[-122.6398628,45.4743941],[-122.6398829,45.474348],[-122.6398921,45.4743021],[-122.6398905,45.4742564],[-122.6392505,45.4717687],[-122.6389909,45.4705466],[-122.6382053,45.4669947],[-122.6379368,45.4658261],[-122.6379122,45.4657428],[-122.637912,45.4657351],[-122.6376315,45.4645363],[-122.6384544,45.4645132],[-122.638476,45.4645128],[-122.6388115,45.4644989],[-122.6388329,45.4644909],[-122.6391895,45.4644613],[-122.6392003,45.4644611],[-122.6397185,45.4644056]]]}},{"type":"Feature","properties":{"boundary_id":"b-middle-12","school_name":null,"review_status":"unverified"},"geometry":{"type":"Polygon","coordinates":[[[-122.5967231,45.4794025],[-122.5967139,45.4800809],[-122.5967263,45.4801264],[-122.5967387,45.4801719],[-122.5967725,45.4802094],[-122.5968063,45.4802469],[-122.5968613,45.4802687],[-122.5969162,45.4802906],[-122.5969817,45.4803046],[-122.5970362,45.4803112],[-122.599291,45.4803155],[-122.5992676,45.48184],[-122.5992556,45.4830671],[-122.5992572,45.4831128],[-122.5992804,45.4831581],[-122.5993142,45.4831955],[-122.5993481,45.483233],[-122.599403,45.4832549],[-122.599458,45.4832767],[-122.5995127,45.483291],[-122.5995779,45.4832974],[-122.601822,45.4833018],[-122.6018095,45.4838811],[-122.6017899,45.4851998],[-122.6014865,45.4852054],[-122.6014538,45.4851984],[-122.6013882,45.4851844],[-122.6013341,45.4851854],[-122.6012693,45.4851942],[-122.6012048,45.4852106],[-122.6011515,45.4852345],[-122.6011092,45.4852657],[-122.6010777,45.4852968],[-122.6010465,45.4853355],[-122.6010373,45.4853814],[-122.601028,45.4854272],[-122.6010296,45.4854729],[-122.6009892,45.4887047],[-122.60098,45.4893831],[-122.6009681,45.4902978],[-122.6009803,45.4903357],[-122.6009927,45.4903812],[-122.6010265,45.4904186],[-122.6010603,45.4904561],[-122.6011156,45.4904856],[-122.6011705,45.4905074],[-122.6012361,45.4905215],[-122.6012905,45.4905281],[-122.6036432,45.4905305],[-122.603654,45.4905303],[-122.6039249,45.4905253],[-122.6046949,45.4905339],[-122.6047058,45.4905337],[-122.6078499,45.4905367],[-122.6089886,45.4905461],[-122.6099754,45.4905508],[-122.6101273,45.4905556],[-122.610149,45.4905552],[-122.6109619,45.4905478],[-122.6138891,45.4905469],[-122.6148645,45.4905365],[-122.616816,45.4905384],[-122.6186484,45.4905425],[-122.6186537,45.4910073],[-122.6186252,45.4923719],[-122.6186178,45.493096],[-122.61863,45.4931339],[-122.6186419,45.4931641],[-122.6187125,45.4933229],[-122.618736,45.4933758],[-122.6187806,45.493413],[-122.6188361,45.4934501],[-122.6190232,45.4935305],[-122.6190782,45.4935523],[-122.6191329,45.4935665],[-122.6191982,45.493573],[-122.6222992,45.4935763],[-122.6222888,45.4960837],[-122.6223013,45.4961292],[-122.6223137,45.4961747],[-122.6223475,45.4962122],[-122.6223922,45.4962495],[-122.6224366,45.4962791],[-122.6224916,45.496301],[-122.6225569,45.4963074],[-122.6226221,45.4963138],[-122.6238801,45.4963209],[-122.6240643,45.4963174],[-122.6241624,45.4963309],[-122.6242713,45.4963441],[-122.624326,45.4963583],[-122.6244795,45.4964088],[-122.6254799,45.4968017],[-122.625545,45.4971129],[-122.6255574,45.4971584],[-122.6255807,45.4972037],[-122.6256253,45.497241],[-122.6256806,45.4972705],[-122.6257356,45.4972923],[-122.6258011,45.4973063],[-122.6258664,45.4973127],[-122.6258659,45.4976099],[-122.6258746,45.4991034],[-122.6258762,45.4991491],[-122.6258992,45.4991868],[-122.6259224,45.4992321],[-122.6259668,45.4992618],[-122.6260221,45.4992912],[-122.6260771,45.4993131],[-122.6261318,45.4993273],[-122.6261971,45.4993337],[-122.6281811,45.4993272],[-122.6282245,45.4993264],[-122.6282227,45.4995856],[-122.626195,45.4995852],[-122.6261411,45.4995938],[-122.6260763,45.4996027],[-122.6260229,45.4996265],[-122.6259696,45.4996504],[-122.6259275,45.4996893],[-122.6258964,45.4997279],[-122.6258763,45.499774],[-122.6258776,45.4998121],[-122.6258729,45.5002999],[-122.6257318,45.5002949],[-122.6225982,45.5002999],[-122.6225332,45.5003011],[-122.6224687,45.5003175],[-122.6224151,45.5003337],[-122.6223619,45.5003652],[-122.6223197,45.5003965],[-122.6222885,45.5004352],[-122.6222792,45.5004811],[-122.62227,45.500527],[-122.6222545,45.5019523],[-122.6222532,45.5040938],[-122.6222534,45.5041014],[-122.622281,45.504581],[-122.6214349,45.5045738],[-122.6203287,45.5045715],[-122.6198082,45.5045735],[-122.6197974,45.5045737],[-122.6195159,45.5045865],[-122.6194617,45.5045875],[-122.619343,45.504605],[-122.6193,45.5046134],[-122.6192032,45.5046381],[-122.6191607,45.5046617],[-122.619075,45.5046938],[-122.6190111,45.5047255],[-122.61864,45.5049686],[-122.6185654,45.5050081],[-122.6185223,45.5050165],[-122.6184256,45.5050411],[-122.6182958,45.5050512],[-122.6179926,45.5050644],[-122.6131677,45.5050851],[-122.6110751,45.5050933],[-122.6110101,45.5050945],[-122.6109564,45.5051107],[-122.6108922,45.5051348],[-122.6108499,45.505166],[-122.6108078,45.5052049],[-122.6107766,45.5052436],[-122.6107566,45.5052897],[-122.6107581,45.5053354],[-122.6107706,45.5053809],[-122.6108422,45.5055701],[-122.6108838,45.5073982],[-122.6109062,45.5080455],[-122.6109065,45.5080532],[-122.611096,45.5107092],[-122.6111774,45.5118051],[-122.6102664,45.5118066],[-122.6091273,45.5117972],[-122.6091165,45.5117974],[-122.6082925,45.5118049],[-122.6070453,45.511805],[-122.6070445,45.5117822],[-122.6070432,45.5117441],[-122.607031,45.5117062],[-122.607008,45.5116686],[-122.6069628,45.5116161],[-122.6069288,45.511571],[-122.6068735,45.5115415],[-122.6068183,45.511512],[-122.6067527,45.511498],[-122.6066766,45.5114918],[-122.6066115,45.511493],[-122.6065576,45.5115016],[-122.6044677,45.5115934],[-122.6021173,45.5116823],[-122.6020775,45.5098999],[-122.6020651,45.5098544],[-122.6020419,45.5098091],[-122.6020189,45.5097714],[-122.6019742,45.5097341],[-122.6019301,45.5097121],[-122.6018751,45.5096902],[-122.6018095,45.5096762],[-122.6017442,45.5096698],[-122.5980678,45.5096687],[-122.5980304,45.5082673],[-122.5980397,45.5082214],[-122.5980389,45.5081985],[-122.5980143,45.5071702],[-122.5980019,45.5071247],[-122.5979898,45.5070869],[-122.5979559,45.5070494],[-122.5979113,45.5070121],[-122.5978669,45.5069824],[-122.5978011,45.5069608],[-122.5977466,45.5069541],[-122.5976813,45.5069477],[-122.5960988,45.5069691],[-122.5939736,45.5069776],[-122.5939844,45.5054],[-122.5939829,45.5053543],[-122.5939596,45.505309],[-122.5939258,45.5052715],[-122.593892,45.505234],[-122.5938368,45.5052046],[-122.5937818,45.5051827],[-122.5937271,45.5051685],[-122.5936621,45.5051697],[-122.5920354,45.505169],[-122.5915366,45.5051705],[-122.5907011,45.5051553],[-122.5906795,45.5051557],[-122.5897369,45.5051805],[-122.5867114,45.5051825],[-122.5867006,45.5051827],[-122.5862668,45.505183],[-122.5853343,45.5051847],[-122.5852474,45.5051787],[-122.5851929,45.5051721],[-122.5828074,45.5051775],[-122.5821783,45.5051737],[-122.5818952,45.5051407],[-122.5813069,45.50506],[-122.580838,45.5049847],[-122.5798017,45.5048055],[-122.578951,45.5046609],[-122.5789417,45.5034343],[-122.5789744,45.5021687],[-122.5789742,45.5021611],[-122.5789696,45.5013916],[-122.5789513,45.5005385],[-122.5789786,45.5000655],[-122.5789783,45.5000579],[-122.5789924,45.4985641],[-122.5789922,45.4985565],[-122.5789865,45.4974365],[-122.5790117,45.4969026],[-122.5790588,45.4941509],[-122.5790662,45.4927792],[-122.5790855,45.4914377],[-122.5790839,45.491392],[-122.579061,45.4913543],[-122.5790378,45.491309],[-122.5789934,45.4912793],[-122.578949,45.4912497],[-122.578894,45.4912278],[-122.5788285,45.4912137],[-122.5787632,45.4912073],[-122.5787091,45.4912083],[-122.5786446,45.4912247],[-122.5785909,45.4912409],[-122.5785378,45.4912724],[-122.5784847,45.4913038],[-122.5774546,45.4912997],[-122.5771078,45.491306],[-122.5771199,45.4910239],[-122.5771075,45.4909784],[-122.5770843,45.4909331],[-122.577094,45.4902623],[-122.5770924,45.4902166],[-122.5770692,45.4901714],[-122.5770354,45.4901339],[-122.5770018,45.490104],[-122.5769466,45.4900745],[-122.5768917,45.4900527],[-122.576837,45.4900384],[-122.5767717,45.490032],[-122.5757744,45.4900349],[-122.5749399,45.4900424],[-122.5743525,45.4899845],[-122.5743873,45.4884599],[-122.5743744,45.4883992],[-122.5743734,45.4883687],[-122.574401,45.4869509],[-122.5744164,45.4864477],[-122.5744254,45.4863942],[-122.5744244,45.4863637],[-122.5744277,45.4858227],[-122.5744383,45.4858148],[-122.5744321,45.4846796],[-122.5744316,45.4846643],[-122.5744296,45.4846034],[-122.5744276,45.48359],[-122.5744327,45.4834223],[-122.5744447,45.4825],[-122.5748783,45.4824997],[-122.5749325,45.4824988],[-122.574997,45.4824823],[-122.5750506,45.4824661],[-122.5751037,45.4824347],[-122.575146,45.4824034],[-122.5751664,45.482365],[-122.5751868,45.4823265],[-122.5751961,45.4822806],[-122.5751945,45.4822349],[-122.5751824,45.482197],[-122.5751591,45.4821517],[-122.5751483,45.4821519],[-122.5751627,45.4819383],[-122.5752393,45.4819598],[-122.5757534,45.4820952],[-122.5757643,45.482095],[-122.5767806,45.4823356],[-122.5773055,45.4824708],[-122.5782612,45.482842],[-122.5782721,45.4828418],[-122.5787988,45.4830303],[-122.5788646,45.483052],[-122.5789299,45.4830584],[-122.5789946,45.4830496],[-122.5790594,45.4830408],[-122.5791236,45.4830168],[-122.579177,45.482993],[-122.579219,45.4829541],[-122.5792502,45.4829154],[-122.5792595,45.4828695],[-122.5792688,45.4828236],[-122.579263,45.4826561],[-122.5792956,45.481703],[-122.5792953,45.4816954],[-122.5792936,45.4810096],[-122.57932,45.4801938],[-122.5793372,45.4797439],[-122.5808902,45.4798298],[-122.5814767,45.4798648],[-122.5815309,45.4798639],[-122.5816175,45.4798623],[-122.5817039,45.4798531],[-122.5841537,45.479854],[-122.5867338,45.4798602],[-122.5880126,45.479852],[-122.5880451,45.4798514],[-122.5893104,45.4797673],[-122.5894082,45.4797731],[-122.589419,45.4797729],[-122.5914897,45.4797806],[-122.5915438,45.4797796],[-122.5915977,45.479771],[-122.5916514,45.4797548],[-122.5917048,45.479731],[-122.5921081,45.4794797],[-122.5921292,45.4794641],[-122.5922246,45.4794014],[-122.5967231,45.4794025]]]}},{"type":"Feature","properties":{"boundary_id":"b-middle-13","school_name":null,"review_status":"unverified"},"geometry":{"type":"Polygon","coordinates":[[[-122.6523696,45.4556084],[-122.6526761,45.4581557],[-122.6527031,45.4583077],[-122.6527159,45.4583608],[-122.65275,45.4584058],[-122.6528065,45.4584734],[-122.6528512,45.4585106],[-122.6528956,45.4585403],[-122.6529613,45.4585619],[-122.6530269,45.4585759],[-122.6530918,45.4585747],[-122.6531565,45.4585658],[-122.6533504,45.4585317],[-122.6539885,45.4584967],[-122.6551994,45.4584204],[-122.6552103,45.4584202],[-122.6561186,45.4583649],[-122.6571026,45.4583081],[-122.6594704,45.4581565],[-122.6595243,45.4581479],[-122.6611605,45.4578424],[-122.661677,45.4586557],[-122.6616994,45.4586782],[-122.6618015,45.4588058],[-122.6636448,45.4615907],[-122.6647532,45.4641228],[-122.6639296,45.4641232],[-122.6614258,45.4641098],[-122.6614149,45.46411],[-122.6610681,45.464109],[-122.6601035,45.4641044],[-122.6590849,45.4641085],[-122.6510979,45.4641073],[-122.6451374,45.4641055],[-122.6418427,45.4640989],[-122.6416691,45.4640946],[-122.6414082,45.464069],[-122.6413754,45.464062],[-122.6411239,45.4639981],[-122.6411128,45.4639907],[-122.6410254,45.4639695],[-122.6410145,45.4639697],[-122.6409382,45.4639559],[-122.6409271,45.4639485],[-122.6408619,45.4639421],[-122.6408399,45.4639349],[-122.6406767,45.4639151],[-122.640655,45.4639155],[-122.6405245,45.4639027],[-122.6404812,45.4639035],[-122.6401669,45.4639018],[-122.6401346,45.46391],[-122.6396375,45.4639499],[-122.6396267,45.4639501],[-122.6390221,45.4640148],[-122.638763,45.4640425],[-122.6384275,45.4640564],[-122.6375289,45.4640809],[-122.6372576,45.4640708],[-122.6372035,45.4640718],[-122.6371388,45.4640807],[-122.6370746,45.4641047],[-122.6370321,45.4641284],[-122.6369901,45.4641673],[-122.6369481,45.4642062],[-122.6369278,45.4642447],[-122.6369185,45.4642906],[-122.636931,45.464336],[-122.6372751,45.4658081],[-122.6372889,45.4658916],[-122.6372891,45.4658993],[-122.6375577,45.4670678],[-122.6383538,45.4706119],[-122.6386028,45.4718418],[-122.6386031,45.4718495],[-122.6391801,45.4740868],[-122.6384876,45.4741227],[-122.6376866,45.474153],[-122.6358872,45.4741486],[-122.6358117,45.4741576],[-122.6353911,45.4742189],[-122.6353589,45.4742271],[-122.6351008,45.4742853],[-122.6350794,45.4742933],[-122.6348968,45.4743425],[-122.6348754,45.4743505],[-122.6346509,45.4744385],[-122.6345978,45.47447],[-122.6344068,45.4745879],[-122.6343857,45.4746035],[-122.6342486,45.4747128],[-122.6342066,45.4747517],[-122.6341755,45.4747904],[-122.6341665,45.4748439],[-122.634113,45.4751726],[-122.6341148,45.4752259],[-122.6341399,45.4753245],[-122.6341521,45.4753624],[-122.6341984,45.4754453],[-122.6342103,45.4754756],[-122.6343239,45.4756259],[-122.6343472,45.4756712],[-122.6344167,45.4757994],[-122.6344638,45.4759052],[-122.6344759,45.4759431],[-122.6345026,45.4760874],[-122.6345101,45.4763007],[-122.6344954,45.4764991],[-122.6344893,45.4766364],[-122.6344806,45.4766975],[-122.6344714,45.4767434],[-122.6344313,45.4768356],[-122.6344215,45.4768663],[-122.6343499,45.4769895],[-122.6343185,45.4770206],[-122.6343079,45.4770284],[-122.634099,45.4772534],[-122.6339408,45.4773783],[-122.6339199,45.4774015],[-122.6338777,45.4774328],[-122.6338465,45.4774715],[-122.6337644,45.4776026],[-122.6337337,45.4776565],[-122.6337356,45.4777098],[-122.6337502,45.4778162],[-122.6337518,45.4778619],[-122.6337991,45.4779753],[-122.6338335,45.478028],[-122.6339127,45.4781256],[-122.6339577,45.4781705],[-122.6340129,45.4782],[-122.6342113,45.4782953],[-122.634311,45.4783544],[-122.6343451,45.4783995],[-122.634357,45.4784298],[-122.6343575,45.478445],[-122.6343485,45.4784985],[-122.6343179,45.4785524],[-122.6343076,45.4785679],[-122.6342865,45.4785835],[-122.634255,45.4786146],[-122.6340067,45.4786421],[-122.6339745,45.4786503],[-122.6334574,45.4787438],[-122.6334466,45.478744],[-122.6331021,45.4788114],[-122.6330484,45.4788277],[-122.6329629,45.4788598],[-122.6329415,45.4788678],[-122.6326527,45.4789799],[-122.632524,45.4790204],[-122.6324271,45.4790375],[-122.6323513,45.4790389],[-122.6322427,45.4790333],[-122.6318606,45.4789566],[-122.6318278,45.4789496],[-122.6315773,45.4789162],[-122.6315662,45.4789088],[-122.6314357,45.478896],[-122.6313813,45.4788894],[-122.6311213,45.4788942],[-122.6310996,45.4788946],[-122.6309588,45.4788973],[-122.6309155,45.4788981],[-122.6306027,45.478942],[-122.6305918,45.4789422],[-122.6303543,45.4789695],[-122.6303438,45.4789773],[-122.6302251,45.4789948],[-122.6299002,45.4790009],[-122.6297374,45.4789963],[-122.6296396,45.4789905],[-122.6295305,45.4789697],[-122.6294872,45.4789705],[-122.6293783,45.4789573],[-122.6293458,45.4789579],[-122.6292592,45.4789595],[-122.6290528,45.4789481],[-122.6290095,45.4789489],[-122.6288256,45.47896],[-122.6287717,45.4789686],[-122.6284594,45.4790278],[-122.6281902,45.4790785],[-122.6278666,45.4791227],[-122.6276177,45.4791349],[-122.627433,45.4791231],[-122.6272475,45.4790885],[-122.6271164,45.4790605],[-122.6271056,45.4790607],[-122.6268874,45.479019],[-122.6268438,45.4790122],[-122.6266155,45.4789936],[-122.626583,45.4789942],[-122.626388,45.4789979],[-122.6236452,45.478988],[-122.6235802,45.4789892],[-122.6235158,45.4790057],[-122.6234624,45.4790295],[-122.623409,45.4790534],[-122.6233779,45.4790921],[-122.6233467,45.4791307],[-122.6233264,45.4791692],[-122.6233171,45.4792151],[-122.6233201,45.4799238],[-122.6233214,45.4799619],[-122.6233336,45.4799998],[-122.6233687,45.4800753],[-122.6233738,45.4805325],[-122.6233532,45.4805633],[-122.6233223,45.4806096],[-122.6233133,45.4806631],[-122.6232981,45.4820961],[-122.623304,45.4825761],[-122.6226643,45.4825728],[-122.6225993,45.482574],[-122.6225457,45.4825902],[-122.6224815,45.4826143],[-122.6224389,45.482638],[-122.6223969,45.4826768],[-122.6223658,45.4827155],[-122.6223454,45.482754],[-122.6223362,45.4827999],[-122.6223283,45.4835088],[-122.6223312,45.4854596],[-122.6223339,45.4864731],[-122.6205883,45.4864675],[-122.6205344,45.4864761],[-122.6204697,45.486485],[-122.6204163,45.4865088],[-122.6203629,45.4865327],[-122.6203209,45.4865715],[-122.6202897,45.4866102],[-122.6202694,45.4866487],[-122.620271,45.4866944],[-122.6202422,45.4874265],[-122.6202356,45.4875486],[-122.6202092,45.4877243],[-122.6201389,45.4878857],[-122.6177974,45.4878911],[-122.6177324,45.4878923],[-122.6176679,45.4879087],[-122.6176143,45.4879249],[-122.6175612,45.4879564],[-122.6175297,45.4879875],[-122.6174986,45.4880262],[-122.6174785,45.4880723],[-122.6174692,45.4881182],[-122.6174653,45.4895662],[-122.6174655,45.4895738],[-122.6174724,45.4900842],[-122.6158354,45.4900841],[-122.6148594,45.4900793],[-122.6138841,45.4900898],[-122.6109569,45.4900906],[-122.6101549,45.4900978],[-122.6100029,45.490093],[-122.6099921,45.4900932],[-122.6089945,45.4900888],[-122.6078558,45.4900793],[-122.6047117,45.4900764],[-122.6039308,45.4900679],[-122.60392,45.4900681],[-122.6036491,45.4900731],[-122.6016215,45.4900648],[-122.6016306,45.4893864],[-122.6016397,45.488708],[-122.6016864,45.485659],[-122.6021092,45.4856588],[-122.6021742,45.4856576],[-122.6022387,45.4856412],[-122.6022921,45.4856173],[-122.6023455,45.4855935],[-122.6023767,45.4855548],[-122.6024078,45.4855161],[-122.6024282,45.4854777],[-122.6024375,45.4854318],[-122.6024677,45.4834804],[-122.6024675,45.4834728],[-122.6024752,45.4830687],[-122.6024631,45.4830308],[-122.6024507,45.4829854],[-122.6024169,45.4829479],[-122.6023831,45.4829104],[-122.6023278,45.4828809],[-122.6022729,45.4828591],[-122.6022074,45.482845],[-122.6021532,45.482846],[-122.5999091,45.4828417],[-122.5999181,45.4818432],[-122.5999445,45.4800901],[-122.599932,45.4800446],[-122.5999196,45.4799991],[-122.5998858,45.4799616],[-122.599852,45.4799241],[-122.5997968,45.4798946],[-122.5997419,45.4798728],[-122.5996872,45.4798586],[-122.5996222,45.4798598],[-122.5973674,45.4798555],[-122.5973874,45.479177],[-122.597375,45.4791315],[-122.5973628,45.4790936],[-122.5973288,45.4790485],[-122.5972844,45.4790188],[-122.59724,45.4789892],[-122.5971851,45.4789673],[-122.5971195,45.4789533],[-122.5970543,45.4789469],[-122.5920898,45.4789466],[-122.5920248,45.4789478],[-122.5919603,45.4789643],[-122.5919067,45.4789805],[-122.5918535,45.4790119],[-122.5916736,45.4791372],[-122.5913657,45.4793257],[-122.589425,45.4793156],[-122.5893165,45.4793099],[-122.5892731,45.4793107],[-122.5879969,45.4793951],[-122.586729,45.479403],[-122.5841598,45.4793967],[-122.5816992,45.479396],[-122.5816883,45.4793962],[-122.5815911,45.4794055],[-122.5815803,45.4794057],[-122.5815044,45.4794071],[-122.5809504,45.4793715],[-122.5790392,45.4792692],[-122.5789742,45.4792704],[-122.5789094,45.4792792],[-122.5788449,45.4792956],[-122.5787918,45.4793271],[-122.5787495,45.4793583],[-122.5787186,45.4794046],[-122.5786982,45.4794431],[-122.5786889,45.479489],[-122.5786692,45.4801828],[-122.5786431,45.4810062],[-122.5786451,45.4816996],[-122.5786166,45.4824545],[-122.5785727,45.4824401],[-122.5776059,45.4820615],[-122.5775512,45.4820472],[-122.5769935,45.481905],[-122.5769825,45.4818976],[-122.5759772,45.4816644],[-122.575474,45.4815288],[-122.5754631,45.481529],[-122.5751681,45.4814581],[-122.5751904,45.4808405],[-122.5758845,45.4808507],[-122.5759495,45.4808496],[-122.576014,45.4808331],[-122.5760676,45.4808169],[-122.5761207,45.4807855],[-122.576163,45.4807542],[-122.5761942,45.4807156],[-122.5762144,45.4806695],[-122.5762128,45.4806238],[-122.5762469,45.4793963],[-122.5762453,45.4793506],[-122.5762224,45.479313],[-122.5761991,45.4792677],[-122.5761548,45.479238],[-122.5761104,45.4792083],[-122.5760555,45.4791865],[-122.5760008,45.4791722],[-122.5759355,45.4791658],[-122.5757294,45.4791619],[-122.5757944,45.4775681],[-122.5758059,45.4769507],[-122.5758504,45.4760279],[-122.5764253,45.4760403],[-122.5764797,45.4760469],[-122.5765449,45.4760533],[-122.577044,45.4760671],[-122.577109,45.4760659],[-122.5771735,45.4760495],[-122.5772271,45.4760333],[-122.5772802,45.4760018],[-122.5773225,45.4759706],[-122.5773535,45.4759243],[-122.5773738,45.4758858],[-122.5773723,45.4758401],[-122.577377,45.4724796],[-122.578028,45.4724982],[-122.5790694,45.4725249],[-122.5791343,45.4725237],[-122.5791988,45.4725073],[-122.5792525,45.4724911],[-122.5793056,45.4724596],[-122.5793479,45.4724284],[-122.5793791,45.4723897],[-122.5793992,45.4723436],[-122.5794084,45.4722977],[-122.5794103,45.4713985],[-122.5794162,45.4712536],[-122.5794159,45.471246],[-122.5794148,45.4708955],[-122.5794122,45.4704993],[-122.5794005,45.4701566],[-122.5794002,45.470149],[-122.5793968,45.47005],[-122.5794001,45.4695089],[-122.5793937,45.4686861],[-122.5794036,45.4680229],[-122.5794004,45.4676115],[-122.5794264,45.4674205],[-122.5794256,45.4673977],[-122.579409,45.4669103],[-122.5794191,45.4624371],[-122.5794181,45.4617741],[-122.579635,45.4617778],[-122.5796458,45.4617776],[-122.5800573,45.4617701],[-122.5821377,45.4617625],[-122.5821485,45.4617623],[-122.5822027,45.4617613],[-122.5823112,45.4617669],[-122.5823221,45.4617667],[-122.5844885,45.4617423],[-122.5855287,45.4617385],[-122.5861581,45.4617651],[-122.586169,45.4617649],[-122.5868845,45.4617746],[-122.5868953,45.4617744],[-122.5875456,45.4617777],[-122.58851,45.4617752],[-122.5894311,45.4617736],[-122.5928656,45.4617562],[-122.5945997,45.4617624],[-122.5946105,45.4617622],[-122.595629,45.4617586],[-122.5963008,45.4617539],[-122.5974601,45.4617478],[-122.5987065,45.4617553],[-122.5997573,45.4617435],[-122.6001474,45.4617439],[-122.6023358,45.4617264],[-122.6025204,45.4617382],[-122.6025637,45.4617374],[-122.6027584,45.4617262],[-122.6030619,45.4617282],[-122.6039832,45.461734],[-122.604059,45.4617326],[-122.6040807,45.4617322],[-122.6057931,45.4617386],[-122.6066711,45.4617452],[-122.6067796,45.4617508],[-122.6067904,45.4617506],[-122.6086653,45.461754],[-122.6108975,45.4617507],[-122.6109083,45.4617505],[-122.6130537,45.4617412],[-122.6132053,45.4617384],[-122.6189582,45.4617],[-122.6202258,45.4616916],[-122.6219488,45.46169],[-122.6219596,45.4616898],[-122.6223281,45.4616905],[-122.6225232,45.4616945],[-122.6225341,45.4616943],[-122.6249509,45.4617025],[-122.6270315,45.4617018],[-122.6280284,45.4616984],[-122.6288089,45.4617066],[-122.6330787,45.4617105],[-122.6352568,45.4617077],[-122.6367309,45.4617182],[-122.6390398,45.4617358],[-122.6390506,45.4617356],[-122.6399933,45.4617331],[-122.6405572,45.4617453],[-122.6406439,45.4617437],[-122.6407083,45.4617272],[-122.6407408,45.4617266],[-122.6408818,45.4617316],[-122.6408927,45.4617314],[-122.6414344,45.4617288],[-122.6414452,45.4617286],[-122.6415102,45.4617274],[-122.6415858,45.4617184],[-122.6416502,45.4617019],[-122.6417033,45.4616704],[-122.6417564,45.4616389],[-122.6417983,45.4616],[-122.6418184,45.4615539],[-122.6418274,45.4615004],[-122.6418331,45.4613555],[-122.6418328,45.4613479],[-122.6418059,45.4599614],[-122.6418053,45.4599461],[-122.641694,45.4589346],[-122.6420189,45.4589285],[-122.6420405,45.4589281],[-122.6421271,45.4589265],[-122.6429393,45.4589112],[-122.6435893,45.4589065],[-122.6440991,45.4589198],[-122.6450967,45.4589391],[-122.6451075,45.4589389],[-122.6469823,45.4589416],[-122.6470578,45.4589326],[-122.6471223,45.4589161],[-122.6471756,45.4588923],[-122.6472287,45.4588608],[-122.6472709,45.4588295],[-122.647291,45.4587834],[-122.647311,45.4587373],[-122.6473094,45.4586916],[-122.6472322,45.4580376],[-122.6469742,45.455939],[-122.648304,45.455853],[-122.6523696,45.4556084]]]}},{"type":"Feature","properties":{"boundary_id":"b-middle-14","school_name":null,"review_status":"unverified"},"geometry":{"type":"Polygon","coordinates":[[[-122.6209365,45.5495571],[-122.6208145,45.5495535],[-122.6206959,45.5495416],[-122.6205813,45.5495216],[-122.6204714,45.5494941],[-122.6203667,45.5494595],[-122.6202679,45.5494181],[-122.6201756,45.5493705],[-122.6200903,45.5493169],[-122.6200127,45.5492579],[-122.6199434,45.5491938],[-122.6198829,45.5491251],[-122.619832,45.5490521],[-122.6197911,45.5489754],[-122.6197609,45.5488953],[-122.619742,45.5488122],[-122.6197349,45.5487265],[-122.6197403,45.5486408],[-122.6197575,45.5485575],[-122.6197861,45.548477],[-122.6198255,45.5483998],[-122.619875,45.5483262],[-122.6199341,45.5482567],[-122.6200021,45.5481918],[-122.6200786,45.5481318],[-122.6201628,45.5480772],[-122.6202541,45.5480284],[-122.6203521,45.5479858],[-122.6204561,45.5479499],[-122.6205654,45.547921],[-122.6206796,45.5478997],[-122.6207979,45.5478862],[-122.6209199,45.5478812],[-122.6210419,45.5478847],[-122.6211605,45.5478967],[-122.6212751,45.5479166],[-122.621385,45.5479441],[-122.6214896,45.5479788],[-122.6215884,45.5480201],[-122.6216808,45.5480678],[-122.6217661,45.5481213],[-122.6218437,45.5481804],[-122.621913,45.5482445],[-122.6219735,45.5483132],[-122.6220244,45.5483861],[-122.6220653,45.5484629],[-122.6220955,45.548543],[-122.6221144,45.5486261],[-122.6221215,45.5487117],[-122.6221162,45.5487974],[-122.6220989,45.5488808],[-122.6220703,45.5489612],[-122.6220309,45.5490385],[-122.6219814,45.549112],[-122.6219223,45.5491815],[-122.6218543,45.5492464],[-122.6217779,45.5493064],[-122.6216937,45.549361],[-122.6216023,45.5494099],[-122.6215043,45.5494524],[-122.6214004,45.5494884],[-122.621291,45.5495172],[-122.6211769,45.5495386],[-122.6210585,45.549552],[-122.6209365,45.5495571]]]}},{"type":"Feature","properties":{"boundary_id":"b-middle-15","school_name":null,"review_status":"unverified"},"geometry":{"type":"Polygon","coordinates":[[[-122.7015161,45.4829389],[-122.7013942,45.4829355],[-122.7012757,45.4829236],[-122.7011613,45.4829038],[-122.7010514,45.4828763],[-122.7009468,45.4828418],[-122.7008481,45.4828005],[-122.7007558,45.4827529],[-122.7006705,45.4826994],[-122.7005929,45.4826404],[-122.7005236,45.4825764],[-122.7004631,45.4825077],[-122.7004121,45.4824348],[-122.7003712,45.4823581],[-122.7003409,45.4822779],[-122.7003219,45.4821949],[-122.7003148,45.4821092],[-122.70032,45.4820235],[-122.7003371,45.4819401],[-122.7003656,45.4818596],[-122.7004048,45.4817823],[-122.7004542,45.4817087],[-122.7005131,45.4816392],[-122.700581,45.4815742],[-122.7006572,45.4815141],[-122.7007413,45.4814594],[-122.7008325,45.4814105],[-122.7009303,45.4813679],[-122.7010341,45.4813318],[-122.7011433,45.4813029],[-122.7012573,45.4812814],[-122.7013755,45.4812679],[-122.7014973,45.4812627],[-122.7016192,45.4812662],[-122.7017377,45.4812781],[-122.7018522,45.4812979],[-122.701962,45.4813253],[-122.7020666,45.4813599],[-122.7021654,45.4814012],[-122.7022577,45.4814488],[-122.7023429,45.4815023],[-122.7024205,45.4815613],[-122.7024899,45.4816253],[-122.7025503,45.481694],[-122.7026014,45.4817669],[-122.7026423,45.4818436],[-122.7026726,45.4819237],[-122.7026916,45.4820068],[-122.7026987,45.4820925],[-122.7026935,45.4821782],[-122.7026764,45.4822615],[-122.7026479,45.4823421],[-122.7026087,45.4824193],[-122.7025593,45.482493],[-122.7025004,45.4825625],[-122.7024325,45.4826275],[-122.7023562,45.4826875],[-122.7022722,45.4827422],[-122.702181,45.4827911],[-122.7020832,45.4828338],[-122.7019794,45.4828698],[-122.7018702,45.4828988],[-122.7017562,45.4829202],[-122.701638,45.4829338],[-122.7015161,45.4829389]]]}},{"type":"Feature","properties":{"boundary_id":"b-middle-16","school_name":null,"review_status":"unverified"},"geometry":{"type":"Polygon","coordinates":[[[-122.7143028,45.4490896],[-122.7141809,45.4490861],[-122.7140625,45.4490743],[-122.7139481,45.4490544],[-122.7138383,45.4490271],[-122.7137337,45.4489925],[-122.713635,45.4489512],[-122.7135428,45.4489036],[-122.7134576,45.4488502],[-122.71338,45.4487912],[-122.7133107,45.4487272],[-122.7132502,45.4486585],[-122.7131992,45.4485856],[-122.7131583,45.4485089],[-122.713128,45.4484288],[-122.713109,45.4483457],[-122.7131019,45.44826],[-122.713107,45.4481743],[-122.7131241,45.4480909],[-122.7131526,45.4480104],[-122.7131918,45.4479331],[-122.7132411,45.4478595],[-122.7133,45.4477899],[-122.7133678,45.4477249],[-122.713444,45.4476649],[-122.713528,45.4476102],[-122.7136192,45.4475612],[-122.7137169,45.4475186],[-122.7138206,45.4474825],[-122.7139298,45.4474535],[-122.7140437,45.4474321],[-122.7141618,45.4474185],[-122.7142836,45.4474133],[-122.7144054,45.4474168],[-122.7145239,45.4474286],[-122.7146383,45.4474484],[-122.7147481,45.4474758],[-122.7148526,45.4475104],[-122.7149513,45.4475517],[-122.7150436,45.4475992],[-122.7151288,45.4476527],[-122.7152063,45.4477117],[-122.7152757,45.4477757],[-122.7153361,45.4478444],[-122.7153871,45.4479173],[-122.7154281,45.447994],[-122.7154583,45.4480741],[-122.7154774,45.4481572],[-122.7154845,45.4482429],[-122.7154793,45.4483286],[-122.7154622,45.448412],[-122.7154338,45.4484925],[-122.7153946,45.4485698],[-122.7153453,45.4486434],[-122.7152864,45.4487129],[-122.7152185,45.448778],[-122.7151423,45.448838],[-122.7150584,45.4488927],[-122.7149672,45.4489416],[-122.7148695,45.4489843],[-122.7147657,45.4490204],[-122.7146566,45.4490493],[-122.7145427,45.4490708],[-122.7144245,45.4490844],[-122.7143028,45.4490896]]]}},{"type":"Feature","properties":{"boundary_id":"b-middle-17","school_name":null,"review_status":"unverified"},"geometry":{"type":"Polygon","coordinates":[[[-122.6804186,45.567865],[-122.6802965,45.5678615],[-122.6801779,45.5678496],[-122.6800633,45.5678297],[-122.6799533,45.5678022],[-122.6798486,45.5677676],[-122.6797497,45.5677263],[-122.6796573,45.5676787],[-122.6795719,45.5676252],[-122.6794943,45.5675662],[-122.6794248,45.5675021],[-122.6793643,45.5674334],[-122.6793132,45.5673605],[-122.6792723,45.5672838],[-122.679242,45.5672036],[-122.679223,45.5671205],[-122.6792159,45.5670349],[-122.6792211,45.5669492],[-122.6792383,45.5668658],[-122.6792668,45.5667853],[-122.6793061,45.5667081],[-122.6793556,45.5666345],[-122.6794146,45.566565],[-122.6794826,45.5665],[-122.679559,45.56644],[-122.6796432,45.5663853],[-122.6797346,45.5663365],[-122.6798325,45.5662938],[-122.6799365,45.5662578],[-122.6800458,45.5662289],[-122.68016,45.5662075],[-122.6802783,45.566194],[-122.6804003,45.5661889],[-122.6805224,45.5661924],[-122.6806411,45.5662043],[-122.6807557,45.5662242],[-122.6808657,45.5662516],[-122.6809704,45.5662862],[-122.6810692,45.5663275],[-122.6811617,45.5663752],[-122.681247,45.5664287],[-122.6813247,45.5664877],[-122.6813941,45.5665517],[-122.6814547,45.5666204],[-122.6815057,45.5666934],[-122.6815467,45.5667701],[-122.681577,45.5668502],[-122.681596,45.5669333],[-122.6816031,45.5670189],[-122.6815979,45.5671047],[-122.6815807,45.567188],[-122.6815521,45.5672685],[-122.6815128,45.5673458],[-122.6814634,45.5674194],[-122.6814044,45.5674889],[-122.6813363,45.5675538],[-122.68126,45.5676139],[-122.6811758,45.5676685],[-122.6810844,45.5677174],[-122.6809865,45.56776],[-122.6808825,45.567796],[-122.6807732,45.5678249],[-122.680659,45.5678463],[-122.6805406,45.5678598],[-122.6804186,45.567865]]]}},{"type":"Feature","properties":{"boundary_id":"b-middle-18","school_name":null,"review_status":"unverified"},"geometry":{"type":"Polygon","coordinates":[[[-122.6371175,45.507097],[-122.6369956,45.5070935],[-122.636877,45.5070815],[-122.6367625,45.5070616],[-122.6366527,45.5070341],[-122.6365481,45.5069995],[-122.6364494,45.5069582],[-122.6363571,45.5069105],[-122.6362718,45.506857],[-122.6361943,45.5067979],[-122.636125,45.5067339],[-122.6360645,45.5066652],[-122.6360136,45.5065922],[-122.6359727,45.5065155],[-122.6359425,45.5064354],[-122.6359236,45.5063523],[-122.6359165,45.5062666],[-122.6359218,45.5061809],[-122.635939,45.5060976],[-122.6359676,45.5060171],[-122.6360069,45.5059398],[-122.6360564,45.5058663],[-122.6361154,45.5057968],[-122.6361834,45.5057318],[-122.6362598,45.5056718],[-122.6363439,45.5056172],[-122.6364352,45.5055684],[-122.6365331,45.5055258],[-122.636637,45.5054898],[-122.6367462,45.5054609],[-122.6368603,45.5054395],[-122.6369786,45.5054261],[-122.6371004,45.505421],[-122.6372224,45.5054245],[-122.6373409,45.5054365],[-122.6374554,45.5054564],[-122.6375652,45.5054838],[-122.6376698,45.5055185],[-122.6377686,45.5055598],[-122.6378609,45.5056075],[-122.6379461,45.505661],[-122.6380237,45.50572],[-122.638093,45.5057841],[-122.6381534,45.5058528],[-122.6382044,45.5059257],[-122.6382453,45.5060025],[-122.6382755,45.5060826],[-122.6382944,45.5061657],[-122.6383014,45.5062513],[-122.6382961,45.506337],[-122.6382789,45.5064204],[-122.6382503,45.5065009],[-122.638211,45.5065781],[-122.6381616,45.5066517],[-122.6381025,45.5067212],[-122.6380346,45.5067861],[-122.6379582,45.5068461],[-122.6378741,45.5069008],[-122.6377828,45.5069496],[-122.6376849,45.5069922],[-122.637581,45.5070282],[-122.6374717,45.5070571],[-122.6373577,45.5070784],[-122.6372394,45.5070919],[-122.6371175,45.507097]]]}}],"metadata":{"source_pdf":"b-middle.pdf","georef_source":"current-high.pdf (shared page alignment; requires geographic QA)","sha256":"bcde000a00a452197900507d0ea42b5725722996e2b66dba03bf01d92a60a799","pdf_viewport":[39.131,432.0,2551.75,3420.0],"control_points":[45.6476,-122.823,45.4199,-122.82,45.4218,-122.548,45.6494,-122.55],"status":"provisional","notes":"Vector subpaths extracted from main viewport. Names, topology, inset coverage and positional accuracy require review. Not enabled for assignments."}}