{"type":"FeatureCollection","features":[{"type":"Feature","properties":{"boundary_id":"current-elementary-1","school_name":null,"review_status":"unverified"},"geometry":{"type":"Polygon","coordinates":[[[-122.6679992,45.5124952],[-122.6678681,45.5124672],[-122.6674844,45.5123526],[-122.6672658,45.5123034],[-122.666994,45.5122856],[-122.6667222,45.5122679],[-122.6658104,45.5122471],[-122.6648019,45.5122509],[-122.6637823,45.5122473],[-122.6627741,45.5122588],[-122.6620799,45.5122567],[-122.6617979,45.5122544],[-122.6614074,45.5122541],[-122.6607352,45.5122592],[-122.6597261,45.5122478],[-122.658674,45.5122448],[-122.6576977,45.5122403],[-122.6566781,45.5122367],[-122.6556694,45.5122328],[-122.6546498,45.5122292],[-122.6537605,45.5122307],[-122.653641,45.5122253],[-122.6533589,45.512223],[-122.6527514,45.5122192],[-122.6526214,45.5122216],[-122.6519055,45.5122198],[-122.651602,45.5122256],[-122.650593,45.512214],[-122.6495845,45.5122178],[-122.6493241,45.512215],[-122.6485646,45.5122064],[-122.647545,45.5122027],[-122.6467966,45.5122015],[-122.6465363,45.5121988],[-122.6459616,45.5122019],[-122.6455169,45.5122027],[-122.6451885,45.5121174],[-122.6441034,45.5120996],[-122.6434959,45.5120957],[-122.6431271,45.512095],[-122.6424763,45.512092],[-122.6421509,45.5120904],[-122.641457,45.5120958],[-122.6412182,45.5120927],[-122.6402639,45.5120953],[-122.639114,45.5120863],[-122.6380947,45.5120901],[-122.6370859,45.5120861],[-122.6360666,45.5120899],[-122.6347215,45.5120845],[-122.6338325,45.5120935],[-122.6337239,45.5120879],[-122.6326718,45.5120846],[-122.6316088,45.5120816],[-122.6308279,45.5120809],[-122.6305242,45.5120789],[-122.6295262,45.5120746],[-122.6286044,45.5120766],[-122.6281598,45.5120772],[-122.6275848,45.5120727],[-122.6266956,45.512074],[-122.6257518,45.5120686],[-122.6244287,45.5120703],[-122.6238971,45.512065],[-122.6227691,45.512063],[-122.6227546,45.5119566],[-122.6227489,45.5108594],[-122.6227128,45.5095112],[-122.6226879,45.5087953],[-122.6226738,45.5080792],[-122.6226558,45.5075613],[-122.6226428,45.5068757],[-122.6226189,45.5061903],[-122.6225951,45.5055049],[-122.6225926,45.5048114],[-122.6225783,45.5040877],[-122.6225753,45.503379],[-122.6225829,45.5026626],[-122.6225799,45.5019539],[-122.6225872,45.5012298],[-122.6225953,45.5005285],[-122.6238207,45.5005286],[-122.6261954,45.5005302],[-122.626203,45.4998137],[-122.6285452,45.4998158],[-122.6285485,45.5005321],[-122.6285515,45.5012408],[-122.6285549,45.5019571],[-122.6295307,45.5019541],[-122.6305068,45.5019588],[-122.6315154,45.5019629],[-122.6325345,45.5019591],[-122.6335431,45.5019631],[-122.6349202,45.5019603],[-122.6355709,45.5019634],[-122.6375987,45.5019635],[-122.6375958,45.5018798],[-122.6375955,45.5012549],[-122.6375921,45.5005386],[-122.637589,45.4998299],[-122.6375856,45.4991136],[-122.637583,45.4978028],[-122.6396051,45.4979555],[-122.6397362,45.4979835],[-122.6401731,45.4980744],[-122.6406225,45.4982108],[-122.6416412,45.4985041],[-122.6426052,45.4987833],[-122.6430218,45.4989126],[-122.6435581,45.499055],[-122.6446318,45.4993702],[-122.6456378,45.4996104],[-122.6466409,45.4997668],[-122.6477505,45.4998679],[-122.6486531,45.4999424],[-122.6491434,45.5000094],[-122.6497115,45.5001283],[-122.6504651,45.5002818],[-122.651132,45.5004369],[-122.6526419,45.50082],[-122.6533852,45.5009889],[-122.6538114,45.5010799],[-122.654205,45.5011716],[-122.6547728,45.5012828],[-122.6550675,45.5013382],[-122.6557778,45.5014925],[-122.6561803,45.5015306],[-122.6564846,45.5015478],[-122.6567777,45.5015575],[-122.6570053,45.5015532],[-122.657786,45.5015537],[-122.6588168,45.5015723],[-122.6593595,45.5015849],[-122.6601941,45.5015768],[-122.660562,45.5015546],[-122.6606376,45.5015455],[-122.6607457,45.5015359],[-122.661157,45.5015128],[-122.6612217,45.501504],[-122.662152,45.5014407],[-122.6654176,45.5011807],[-122.6653829,45.5017301],[-122.6653652,45.5021496],[-122.6654795,45.5029248],[-122.6673132,45.5057023],[-122.6674969,45.5059885],[-122.6677377,45.5063574],[-122.6686426,45.5080169],[-122.669745,45.5100462],[-122.6705676,45.5124389],[-122.6705492,45.5131404],[-122.6679992,45.5124952]]]}},{"type":"Feature","properties":{"boundary_id":"current-elementary-2","school_name":null,"review_status":"unverified"},"geometry":{"type":"Polygon","coordinates":[[[-122.7024682,45.524253],[-122.7023267,45.5242405],[-122.7021633,45.5242207],[-122.7019882,45.5241784],[-122.7018459,45.524143],[-122.7013203,45.5240083],[-122.7005102,45.5238028],[-122.6999757,45.5237216],[-122.6982425,45.5234881],[-122.6981939,45.5233442],[-122.6981812,45.5232911],[-122.6981798,45.523253],[-122.6981754,45.5213248],[-122.696776,45.5213212],[-122.6953766,45.5213175],[-122.6953781,45.5210583],[-122.6953833,45.5206009],[-122.6953721,45.5202887],[-122.6953703,45.5199381],[-122.6958261,45.5199446],[-122.6967805,45.5199415],[-122.6979415,45.5199497],[-122.6981878,45.5198612],[-122.6978187,45.5192509],[-122.6977267,45.5191078],[-122.6976693,45.5190175],[-122.6972543,45.5183395],[-122.6971901,45.5183636],[-122.6971265,45.5184029],[-122.6970623,45.518427],[-122.6969864,45.5184285],[-122.69692,45.5183916],[-122.6969089,45.5183842],[-122.6968517,45.5183015],[-122.6968061,45.5182414],[-122.6967603,45.5181737],[-122.6966928,45.5181064],[-122.6966483,45.5180767],[-122.6966261,45.5180619],[-122.6966041,45.5180547],[-122.6965822,45.5180475],[-122.6966128,45.5179936],[-122.6966434,45.5179396],[-122.6966743,45.5178933],[-122.6966946,45.5178548],[-122.6967254,45.5178085],[-122.6967354,45.5177854],[-122.6967563,45.5177622],[-122.6966902,45.5177329],[-122.696491,45.5176224],[-122.6963909,45.5175558],[-122.6963123,45.5174811],[-122.6958884,45.5165517],[-122.6958653,45.516514],[-122.6958295,45.5164233],[-122.6958054,45.5163551],[-122.695814,45.516294],[-122.6958552,45.5162322],[-122.695908,45.5161931],[-122.6960148,45.5161453],[-122.6962616,45.516072],[-122.6964439,45.5160151],[-122.6952226,45.5158328],[-122.6947532,45.5157503],[-122.6939357,45.5156364],[-122.69362,45.5156044],[-122.6918529,45.5153257],[-122.6910375,45.5152727],[-122.6907121,45.5152714],[-122.6903655,45.5152856],[-122.6901279,45.515313],[-122.689945,45.5153546],[-122.6896873,45.5154282],[-122.6893982,45.5155328],[-122.6892384,45.515612],[-122.6890788,45.5156989],[-122.688984,45.515777],[-122.6891037,45.5154851],[-122.6888788,45.5155656],[-122.6887176,45.5156068],[-122.68862,45.5156086],[-122.6884358,45.5156122],[-122.688316,45.5155992],[-122.6881962,45.5155862],[-122.6880212,45.5155439],[-122.6870017,45.5152432],[-122.687379,45.5145729],[-122.68635,45.5143106],[-122.6853533,45.51404],[-122.6843353,45.5137775],[-122.6838207,45.5136425],[-122.6828565,45.5133712],[-122.6818274,45.5131012],[-122.6808088,45.5128234],[-122.6797685,45.512546],[-122.6796032,45.5124729],[-122.6788036,45.5122519],[-122.6777637,45.5119821],[-122.6769527,45.511746],[-122.6758255,45.5114626],[-122.675427,45.5121485],[-122.6750712,45.5128183],[-122.6746925,45.5134505],[-122.6745855,45.5134906],[-122.6745324,45.5135221],[-122.6744687,45.5135614],[-122.674427,45.5136079],[-122.6743747,45.5136623],[-122.6743224,45.5137166],[-122.6742801,45.5137479],[-122.6742167,45.5137949],[-122.6741205,45.5138348],[-122.6740563,45.5138589],[-122.6739704,45.5138834],[-122.673852,45.5139085],[-122.6737872,45.5139173],[-122.6735496,45.5139447],[-122.673254,45.5138665],[-122.6712832,45.5133475],[-122.6705498,45.5131557],[-122.6705682,45.5124542],[-122.6697453,45.5100538],[-122.6686431,45.5080321],[-122.667738,45.506365],[-122.6674974,45.5060037],[-122.6673135,45.50571],[-122.6654798,45.5029324],[-122.6653655,45.5021572],[-122.6653831,45.5017377],[-122.665407,45.5011885],[-122.6675594,45.5010334],[-122.671452,45.5007232],[-122.6717007,45.5007033],[-122.6725118,45.5006421],[-122.672793,45.5006215],[-122.6729875,45.5006026],[-122.6732579,45.5005822],[-122.6734524,45.5005632],[-122.6737769,45.5005418],[-122.6740148,45.5005221],[-122.674231,45.5005027],[-122.6743285,45.5005009],[-122.6752469,45.5004072],[-122.6762519,45.5003118],[-122.6766306,45.5002894],[-122.6767821,45.5002788],[-122.6769549,45.5002603],[-122.6770736,45.5002428],[-122.6775571,45.5001193],[-122.677575,45.5000122],[-122.6776931,45.4999795],[-122.6778006,45.4999546],[-122.677974,45.4999513],[-122.6781049,45.4999716],[-122.6782471,45.500007],[-122.6783462,45.5000509],[-122.6784457,45.5001023],[-122.6785131,45.5001696],[-122.6786153,45.5002973],[-122.6786763,45.5004866],[-122.6786936,45.5006692],[-122.6787004,45.5008596],[-122.6787595,45.5006908],[-122.6788369,45.5004302],[-122.6788651,45.5003077],[-122.6788699,45.50014],[-122.6793909,45.5001529],[-122.6798899,45.5001586],[-122.6800093,45.500164],[-122.6802372,45.5001672],[-122.680335,45.500173],[-122.68053,45.5001693],[-122.6801791,45.4994519],[-122.6797523,45.498736],[-122.679358,45.4980195],[-122.678999,45.4973785],[-122.6789413,45.4972805],[-122.6788711,45.497137],[-122.6787668,45.4969485],[-122.6787205,45.4968655],[-122.6786852,45.49679],[-122.678511,45.4964656],[-122.6784647,45.4963826],[-122.6784072,45.4962923],[-122.6783614,45.4962246],[-122.6783151,45.4961416],[-122.6782688,45.4960586],[-122.6782005,45.4959685],[-122.6781095,45.4958483],[-122.6779962,45.4957133],[-122.6778952,45.4956161],[-122.6774972,45.4950978],[-122.677359,45.4948718],[-122.6772533,45.4946452],[-122.6771799,45.4944103],[-122.6770628,45.4938638],[-122.676962,45.4934694],[-122.6769124,45.493295],[-122.6768959,45.4931353],[-122.6768913,45.4930058],[-122.676898,45.4928914],[-122.6769048,45.4927769],[-122.6769614,45.4925396],[-122.6769993,45.4923864],[-122.6770594,45.4922481],[-122.6771306,45.4921171],[-122.6771818,45.4920323],[-122.6772541,45.4919319],[-122.6773056,45.4918547],[-122.6773467,45.4917929],[-122.6774199,45.4917153],[-122.677493,45.4916377],[-122.6775769,45.4915599],[-122.6776609,45.4914821],[-122.6778291,45.491334],[-122.6780509,45.4911698],[-122.678104,45.4911383],[-122.6782844,45.4910281],[-122.6785073,45.4908943],[-122.6788816,45.49075],[-122.679053,45.4906933],[-122.6792464,45.4906439],[-122.6794181,45.4905949],[-122.6797949,45.4905191],[-122.680365,45.4903939],[-122.6807949,45.4902866],[-122.6809669,45.4902452],[-122.6811064,45.4902044],[-122.6812561,45.4901482],[-122.6814059,45.490092],[-122.6815018,45.4900445],[-122.681619,45.4899889],[-122.6817038,45.4899339],[-122.6817994,45.4898787],[-122.6819367,45.489777],[-122.682074,45.4896753],[-122.6822419,45.4895197],[-122.6847265,45.4895712],[-122.6847156,45.4901735],[-122.6847061,45.4902118],[-122.6847129,45.4904022],[-122.6849732,45.4904049],[-122.6856671,45.4904068],[-122.6863614,45.4904164],[-122.6865683,45.4904429],[-122.6901044,45.4904895],[-122.6901586,45.4904884],[-122.6904427,45.4896446],[-122.6905418,45.4893835],[-122.6908462,45.4894082],[-122.691042,45.4894273],[-122.691116,45.4893725],[-122.6911793,45.4893256],[-122.6912644,45.4892782],[-122.6915087,45.4894412],[-122.6916304,45.4895074],[-122.6924654,45.4895143],[-122.6934863,45.4895633],[-122.6938005,45.4895572],[-122.6938983,45.489563],[-122.6943969,45.489561],[-122.6946345,45.4895336],[-122.6948075,45.4895226],[-122.6950554,45.4894797],[-122.695054,45.4894417],[-122.6950613,45.4893424],[-122.6958744,45.489342],[-122.6965686,45.4893516],[-122.6967961,45.4893472],[-122.6971867,45.4893549],[-122.6974903,45.4893567],[-122.6981301,45.4893596],[-122.6983467,45.4893554],[-122.6983967,45.4895374],[-122.6984655,45.4896428],[-122.6985872,45.489709],[-122.6989166,45.4898246],[-122.6991569,45.4898734],[-122.6993329,45.4899462],[-122.6994337,45.4900357],[-122.6995134,45.4901409],[-122.6995503,45.4902621],[-122.6995769,45.4903988],[-122.6995699,45.4905056],[-122.6995838,45.4905892],[-122.6996529,45.4907022],[-122.6997218,45.4908076],[-122.6998914,45.4910025],[-122.6999697,45.4910696],[-122.7000469,45.4911062],[-122.7001894,45.4911492],[-122.7004297,45.4911979],[-122.7005836,45.4912559],[-122.7006727,45.4913228],[-122.7007297,45.4913979],[-122.7007546,45.4914889],[-122.7007474,45.4915881],[-122.7006205,45.4919793],[-122.7006027,45.4920863],[-122.7006057,45.4921701],[-122.700631,45.4922687],[-122.700677,45.4923441],[-122.7007445,45.4924113],[-122.7008328,45.4924554],[-122.7010287,45.4924745],[-122.7012126,45.4924633],[-122.7013201,45.4924384],[-122.701406,45.4924138],[-122.7017277,45.4923162],[-122.7020814,45.4922026],[-122.7022762,45.4921913],[-122.7024392,45.4922034],[-122.7025809,45.4922235],[-122.7027451,45.4922661],[-122.7028662,45.4923171],[-122.7029873,45.4923681],[-122.7030759,45.4924197],[-122.7031545,45.4924944],[-122.7032559,45.4925992],[-122.7033578,45.4927192],[-122.7034708,45.4928466],[-122.7035269,45.4928988],[-122.7035724,45.4929589],[-122.7035963,45.4930195],[-122.7035882,45.4930958],[-122.7035615,45.4932564],[-122.7035145,45.4934555],[-122.7034853,45.4935475],[-122.7034872,45.4936008],[-122.7034997,45.4936463],[-122.7035235,45.4937068],[-122.7035794,45.4937515],[-122.7036457,45.4937883],[-122.7037332,45.4938095],[-122.7038419,45.493815],[-122.7040694,45.4938106],[-122.7041891,45.4938236],[-122.7042441,45.4938454],[-122.7043436,45.4938968],[-122.7043886,45.4939417],[-122.7044133,45.494025],[-122.704406,45.4941243],[-122.7043865,45.4941856],[-122.7043665,45.4942317],[-122.7043373,45.4943238],[-122.7043401,45.4943999],[-122.7043531,45.4944606],[-122.704377,45.4945212],[-122.7044114,45.4945739],[-122.7044569,45.494634],[-122.7045128,45.4946786],[-122.7046016,45.4947379],[-122.7046455,45.4947523],[-122.7047217,45.4947584],[-122.7048083,45.4947567],[-122.7048947,45.4947475],[-122.705002,45.4947149],[-122.7050984,45.4946825],[-122.7052059,45.4946576],[-122.7053135,45.4946327],[-122.705421,45.4946077],[-122.7055179,45.4945906],[-122.7056152,45.4945811],[-122.7057019,45.4945794],[-122.7058211,45.4945771],[-122.7060161,45.4945734],[-122.7061683,45.4945857],[-122.7064406,45.4946185],[-122.7065606,45.4946391],[-122.7066595,45.4946753],[-122.706715,45.4947123],[-122.7067497,45.4947726],[-122.7067744,45.494856],[-122.7067439,45.4949099],[-122.7066819,45.4949949],[-122.7062558,45.4955062],[-122.7061071,45.4955929],[-122.7060029,45.4957093],[-122.7059726,45.4957709],[-122.7059743,45.4958166],[-122.7059873,45.4958773],[-122.7060548,45.4959446],[-122.7061104,45.4959816],[-122.7061762,45.4960032],[-122.706264,45.496032],[-122.7064051,45.4960369],[-122.7065896,45.4960409],[-122.7069041,45.4960425],[-122.7071761,45.4960677],[-122.7074155,45.4960936],[-122.7080045,45.4961889],[-122.7081795,45.4962313],[-122.7083665,45.4963039],[-122.708532,45.4963845],[-122.7086434,45.4964662],[-122.7091026,45.4968689],[-122.7092584,45.4969802],[-122.7095587,45.4971878],[-122.709847,45.4973652],[-122.7100026,45.4974689],[-122.7101162,45.4976115],[-122.7102536,45.4978146],[-122.7106683,45.498485],[-122.7110162,45.4994081],[-122.711042,45.499522],[-122.7110375,45.4996974],[-122.7109938,45.4999879],[-122.7109752,45.5000721],[-122.7109822,45.5008646],[-122.7109847,45.5009332],[-122.7109863,45.5009789],[-122.7109563,45.5010481],[-122.7108935,45.5011102],[-122.7109404,45.5012084],[-122.7109868,45.5012914],[-122.7110329,45.5013667],[-122.7111004,45.501434],[-122.7111785,45.5014935],[-122.7112229,45.5015231],[-122.7112999,45.5015521],[-122.711593,45.5015617],[-122.711832,45.5015723],[-122.7119737,45.5015924],[-122.7121273,45.5016428],[-122.7124473,45.5017966],[-122.7132425,45.5021928],[-122.7133895,45.5020604],[-122.7136324,45.5018804],[-122.7140236,45.5016061],[-122.7142148,45.5014956],[-122.714722,45.5011276],[-122.7148379,45.5010339],[-122.7149223,45.5009713],[-122.7150818,45.5008843],[-122.7153164,45.5007731],[-122.7161464,45.5003378],[-122.7165087,45.500163],[-122.7167977,45.5000583],[-122.7168841,45.500049],[-122.7170258,45.5000692],[-122.717135,45.5000899],[-122.7175648,45.5002798],[-122.7176195,45.5002939],[-122.7177067,45.5003075],[-122.7177937,45.5003134],[-122.7179007,45.5002732],[-122.7179532,45.5002265],[-122.7180669,45.5000718],[-122.7181905,45.4998941],[-122.718295,45.4997854],[-122.7183903,45.4997226],[-122.7188469,45.4994545],[-122.7189424,45.4993993],[-122.7190489,45.4993439],[-122.7191342,45.4993041],[-122.7192836,45.4992403],[-122.7196376,45.4991343],[-122.720003,45.4990433],[-122.7202936,45.4989843],[-122.7204342,45.498974],[-122.7205642,45.4989715],[-122.7206837,45.4989768],[-122.7208468,45.4989888],[-122.7215005,45.4990752],[-122.7221543,45.4991616],[-122.7224596,45.499209],[-122.7229073,45.4989945],[-122.7232812,45.4988424],[-122.7240397,45.4985304],[-122.7242106,45.4984584],[-122.7244246,45.4983781],[-122.7246716,45.4983123],[-122.7248763,45.4982778],[-122.7251136,45.4982427],[-122.7252214,45.4982253],[-122.7254806,45.4981974],[-122.7256326,45.4982021],[-122.7257957,45.4982142],[-122.7260143,45.4982633],[-122.7261452,45.4982836],[-122.7262755,45.4982887],[-122.7264597,45.4982851],[-122.7266861,45.4982502],[-122.7269659,45.4981914],[-122.7271915,45.4981336],[-122.7272557,45.4981095],[-122.7274277,45.498068],[-122.72761,45.4980111],[-122.7278789,45.4979525],[-122.7279867,45.4979352],[-122.7290061,45.4979381],[-122.7291261,45.4979587],[-122.7292144,45.4980027],[-122.7295593,45.4982399],[-122.7296598,45.4983217],[-122.729749,45.4983886],[-122.7297312,45.4984957],[-122.7297489,45.5007592],[-122.7297455,45.500965],[-122.7286178,45.5009642],[-122.7286108,45.501071],[-122.728603,45.501155],[-122.728565,45.5013006],[-122.7285711,45.5014682],[-122.7285792,45.501689],[-122.7285744,45.5018568],[-122.7285794,45.5019939],[-122.7285839,45.5021158],[-122.7285764,45.5022074],[-122.7283947,45.5022796],[-122.7279248,45.5024793],[-122.7277098,45.5025292],[-122.7275269,45.5025709],[-122.727111,45.5027619],[-122.7267284,45.5029752],[-122.7266217,45.503023],[-122.7265464,45.5030397],[-122.7264711,45.5030564],[-122.7262566,45.5031216],[-122.7261407,45.5032153],[-122.7260457,45.5032857],[-122.725959,45.5032874],[-122.7258831,45.5032889],[-122.7258854,45.5033498],[-122.7258881,45.5040205],[-122.7258923,45.5050266],[-122.7258959,45.5051256],[-122.7257992,45.5051504],[-122.7257136,45.5051825],[-122.7255855,45.5052384],[-122.7254891,45.5052707],[-122.7253813,45.5052881],[-122.7252949,45.5052974],[-122.7251862,45.5052919],[-122.725099,45.5052783],[-122.7250114,45.5052572],[-122.7247277,45.5052093],[-122.7245752,45.5051894],[-122.7243362,45.5051788],[-122.7240759,45.5051763],[-122.7239242,45.5051792],[-122.7236857,45.5051839],[-122.7235557,45.5051864],[-122.7234257,45.5051889],[-122.7232639,45.5052149],[-122.7230483,45.5052496],[-122.7229213,45.5053359],[-122.722923,45.5053816],[-122.7229205,45.5056104],[-122.7229199,45.5058924],[-122.7229318,45.5062199],[-122.7229268,45.5066773],[-122.7229287,45.5067307],[-122.7229362,45.5069363],[-122.7229398,45.5076299],[-122.7229403,45.5079424],[-122.722942,45.5082853],[-122.722982,45.5084904],[-122.7232357,45.5086074],[-122.723842,45.5088776],[-122.724437,45.5091328],[-122.7251289,45.5093709],[-122.7255232,45.5094776],[-122.7259931,45.5095751],[-122.7263963,45.5096283],[-122.7267876,45.5096512],[-122.7272325,45.5096577],[-122.7277088,45.5096332],[-122.7283463,45.5095674],[-122.7290357,45.5094397],[-122.7305518,45.5090824],[-122.7310359,45.5089738],[-122.7315855,45.5088793],[-122.7320499,45.5088245],[-122.7326551,45.5087669],[-122.7334898,45.5087582],[-122.7339559,45.5087491],[-122.7359102,45.50881],[-122.735606,45.5090904],[-122.7355554,45.5091905],[-122.7355151,45.5092751],[-122.7354851,45.5093443],[-122.7354654,45.509398],[-122.7354465,45.5094746],[-122.7354276,45.5095512],[-122.7354093,45.5096431],[-122.7353915,45.5097501],[-122.7353957,45.5098644],[-122.7354105,45.5099708],[-122.7356023,45.5104701],[-122.735639,45.5105838],[-122.7356537,45.5106902],[-122.7356154,45.5108281],[-122.7355343,45.5109822],[-122.7354198,45.511114],[-122.7352931,45.5112079],[-122.7350802,45.5113188],[-122.7348763,45.5113761],[-122.7346709,45.5113954],[-122.7344216,45.5114003],[-122.7336474,45.5112858],[-122.7334079,45.51126],[-122.7332136,45.5112866],[-122.7330522,45.5113203],[-122.7328807,45.511377],[-122.7326995,45.5114644],[-122.7325848,45.5115886],[-122.7323027,45.5118837],[-122.7322188,45.5119616],[-122.7321446,45.5120088],[-122.732049,45.512064],[-122.7319423,45.5121118],[-122.7318565,45.5121363],[-122.7317272,45.5121617],[-122.7315649,45.5121725],[-122.7309475,45.5121922],[-122.7306451,45.5122286],[-122.7303658,45.5123026],[-122.7302163,45.5123665],[-122.7300674,45.5124456],[-122.7298992,45.5125937],[-122.7298059,45.5127099],[-122.7297133,45.5128489],[-122.7296336,45.513041],[-122.7296267,45.5131479],[-122.7296217,45.513308],[-122.7296714,45.5134824],[-122.7298521,45.5139743],[-122.7298807,45.5141643],[-122.7298749,45.5143016],[-122.7298043,45.5144478],[-122.729637,45.5146188],[-122.7294881,45.5146979],[-122.729306,45.5147624],[-122.7291226,45.5147888],[-122.7289061,45.5148007],[-122.7286991,45.5147742],[-122.7281749,45.5146777],[-122.7280118,45.5146657],[-122.7278389,45.5146843],[-122.7276347,45.514734],[-122.727496,45.5147977],[-122.7273904,45.5148759],[-122.7272756,45.5150001],[-122.727257,45.5150843],[-122.7272387,45.5151762],[-122.7272656,45.5153205],[-122.7273129,45.5154262],[-122.727414,45.5155234],[-122.7275363,45.5156048],[-122.7276792,45.5156554],[-122.727854,45.5156901],[-122.7280382,45.5156865],[-122.7281891,45.5156607],[-122.7300581,45.5151594],[-122.7303065,45.5151317],[-122.7306,45.5151488],[-122.7308296,45.5151977],[-122.7309946,45.5152631],[-122.7311614,45.5153742],[-122.7313073,45.5155085],[-122.7314107,45.5156666],[-122.7314596,45.5158181],[-122.7314521,45.5159097],[-122.7314355,45.5160472],[-122.7310934,45.5170753],[-122.7310645,45.5171749],[-122.7310384,45.5173507],[-122.7310418,45.5174421],[-122.7310671,45.5175407],[-122.7311024,45.5176163],[-122.7311596,45.517699],[-122.731216,45.5177589],[-122.7313053,45.5178257],[-122.7313722,45.5178778],[-122.7314717,45.5179292],[-122.731549,45.5179658],[-122.7316694,45.517994],[-122.7318875,45.5180278],[-122.7321579,45.5180073],[-122.7325034,45.5179625],[-122.732666,45.5179593],[-122.7328733,45.5179934],[-122.7329942,45.5180367],[-122.733094,45.5180958],[-122.7331721,45.5181552],[-122.7332844,45.5182597],[-122.7333898,45.5184711],[-122.7334723,45.5186524],[-122.7335668,45.518864],[-122.7335916,45.5189474],[-122.7335941,45.5190159],[-122.7335747,45.5190773],[-122.7318373,45.5187301],[-122.7317389,45.5187091],[-122.7316408,45.5186958],[-122.7315427,45.5186824],[-122.7312275,45.5186657],[-122.7309457,45.5186712],[-122.7306867,45.5187067],[-122.7302662,45.5187759],[-122.730008,45.5188343],[-122.7296545,45.5189555],[-122.7293557,45.5190909],[-122.7291748,45.5191859],[-122.7289935,45.5192733],[-122.7287695,45.5193767],[-122.7286953,45.5194239],[-122.7285033,45.5195115],[-122.7282573,45.5196077],[-122.7279894,45.5196968],[-122.7276556,45.5197643],[-122.7274722,45.5197907],[-122.7271367,45.5198125],[-122.7269633,45.5198159],[-122.7267351,45.519805],[-122.7264958,45.5197868],[-122.7262996,45.5197602],[-122.7260917,45.5197108],[-122.7258288,45.5196397],[-122.7255433,45.5195462],[-122.7243549,45.5190815],[-122.7240478,45.5189883],[-122.7237746,45.5189327],[-122.7234163,45.5189244],[-122.7230812,45.5189538],[-122.7226723,45.5190455],[-122.7224163,45.5191648],[-122.7222779,45.5192361],[-122.7221401,45.5193226],[-122.7220347,45.5194085],[-122.7206908,45.5206313],[-122.7198294,45.5214026],[-122.7196282,45.5215361],[-122.7194355,45.5216084],[-122.7192204,45.5216583],[-122.718983,45.5216934],[-122.7187771,45.5216974],[-122.7185269,45.5216793],[-122.7180255,45.5216128],[-122.7177426,45.5215878],[-122.7176122,45.5215827],[-122.717493,45.521585],[-122.7173957,45.5215945],[-122.7172876,45.5216043],[-122.7171906,45.5216214],[-122.7170936,45.5216385],[-122.7169866,45.5216787],[-122.7168793,45.5217112],[-122.716794,45.521751],[-122.7167084,45.5217832],[-122.7166233,45.5218305],[-122.7165385,45.5218855],[-122.7160718,45.5221766],[-122.7159762,45.5222318],[-122.7158914,45.5222868],[-122.7158063,45.5223342],[-122.7157107,45.5223894],[-122.7156148,45.5224369],[-122.7155186,45.5224769],[-122.7154116,45.5225171],[-122.7153152,45.5225495],[-122.7150242,45.5226008],[-122.7148835,45.5226112],[-122.7145372,45.5226331],[-122.7137681,45.5226632],[-122.7124037,45.5227277],[-122.7119939,45.5227966],[-122.7116824,45.5228788],[-122.7112095,45.5230023],[-122.7102439,45.5232953],[-122.7097179,45.5234503],[-122.7082678,45.5238441],[-122.7080632,45.5238861],[-122.7079228,45.5239041],[-122.707793,45.5239142],[-122.7074686,45.5239433],[-122.7064744,45.5240463],[-122.7059771,45.524094],[-122.7054359,45.5241273],[-122.7048408,45.5241692],[-122.7042774,45.5241877],[-122.7033023,45.5242217],[-122.702685,45.5242488],[-122.7024682,45.524253]]]}},{"type":"Feature","properties":{"boundary_id":"current-elementary-3","school_name":null,"review_status":"unverified"},"geometry":{"type":"Polygon","coordinates":[[[-122.6331462,45.5554076],[-122.6326145,45.5554099],[-122.6320934,45.5554043],[-122.6315614,45.5553989],[-122.6310297,45.5554012],[-122.6306281,45.555401],[-122.6305088,45.5554032],[-122.6305021,45.5552128],[-122.6305144,45.554321],[-122.6305142,45.5536961],[-122.6294939,45.5536921],[-122.6284847,45.5536956],[-122.6274647,45.5536992],[-122.6264553,45.553695],[-122.6253588,45.5536848],[-122.6242851,45.5537047],[-122.6234277,45.5537053],[-122.6232759,45.5537081],[-122.6222559,45.5537117],[-122.6212467,45.5537151],[-122.6203896,45.5537233],[-122.6202277,45.5537491],[-122.6201309,45.5537738],[-122.6147581,45.5537508],[-122.61477,45.5528438],[-122.6147877,45.5524167],[-122.6147806,45.5518987],[-122.6131197,45.5518835],[-122.6120886,45.5518796],[-122.6120748,45.551796],[-122.6103165,45.5517902],[-122.6095135,45.5517897],[-122.6094831,45.5515388],[-122.6094882,45.5507462],[-122.609412,45.55074],[-122.6093136,45.5507189],[-122.6091163,45.5506616],[-122.6089287,45.5505736],[-122.6087068,45.5504329],[-122.6084498,45.5502166],[-122.6084426,45.550011],[-122.6084186,45.5499428],[-122.6083953,45.5498975],[-122.6083252,45.549754],[-122.6083863,45.5496386],[-122.6084065,45.5495925],[-122.6084562,45.5494621],[-122.6085171,45.549339],[-122.6086006,45.549246],[-122.6087067,45.5491755],[-122.6089281,45.5489885],[-122.6091821,45.548801],[-122.6093614,45.5486529],[-122.6094559,45.5485597],[-122.6094964,45.5484752],[-122.6095146,45.5483758],[-122.6094681,45.5482852],[-122.6084587,45.5482808],[-122.6074385,45.5482767],[-122.6064183,45.5482726],[-122.605409,45.5482682],[-122.6053003,45.5482626],[-122.6043885,45.5482564],[-122.6043967,45.5481801],[-122.6044078,45.5469301],[-122.6044197,45.5453906],[-122.604438,45.5437214],[-122.6044581,45.542418],[-122.6044201,45.5422587],[-122.6054368,45.5418514],[-122.6075133,45.5410284],[-122.6075122,45.5413103],[-122.6102797,45.5413281],[-122.6103887,45.5413413],[-122.610509,45.5413696],[-122.6106307,45.5414359],[-122.6107092,45.5415107],[-122.6107325,45.541556],[-122.6107674,45.5416239],[-122.6108039,45.5417375],[-122.6108213,45.5419277],[-122.6110435,45.5417636],[-122.6111284,45.5417087],[-122.6112244,45.5416612],[-122.6113744,45.5416051],[-122.611536,45.5415717],[-122.6118287,45.5415663],[-122.6119596,45.5415867],[-122.6120363,45.5416082],[-122.6121242,45.5416371],[-122.6122553,45.5416651],[-122.6124082,45.5416928],[-122.6125386,45.541698],[-122.6127459,45.5417323],[-122.6129202,45.5417519],[-122.6131479,45.5417478],[-122.6133537,45.5417363],[-122.6134923,45.5416652],[-122.6135674,45.541641],[-122.6137078,45.5416231],[-122.6138155,45.5415983],[-122.6138917,45.5416045],[-122.6147163,45.5416046],[-122.6148356,45.5416024],[-122.6150958,45.5415976],[-122.6156034,45.5415273],[-122.61582,45.5415156],[-122.6159395,45.5415211],[-122.616049,45.5415495],[-122.6167943,45.5417644],[-122.6169477,45.5418073],[-122.6175174,45.5419644],[-122.6177475,45.5420288],[-122.6178911,45.5421023],[-122.6181342,45.5422274],[-122.618323,45.5423535],[-122.6184568,45.5424577],[-122.6186237,45.5425765],[-122.618774,45.5428405],[-122.618792,45.5430459],[-122.6188266,45.5431062],[-122.6188829,45.5431661],[-122.6189274,45.5431958],[-122.6190266,45.5432397],[-122.6195418,45.5433902],[-122.619783,45.543462],[-122.6201115,45.5435473],[-122.6215363,45.5439554],[-122.6216463,45.5439991],[-122.6217352,45.5440584],[-122.6218132,45.5441179],[-122.6218812,45.5442005],[-122.6219048,45.5442534],[-122.6219185,45.544337],[-122.6220161,45.5443352],[-122.62206,45.5443496],[-122.6220939,45.5443871],[-122.6220952,45.5444252],[-122.6220968,45.5444709],[-122.622109,45.5445087],[-122.6221323,45.544554],[-122.6221875,45.5445835],[-122.6222645,45.5446125],[-122.622396,45.5446482],[-122.6225158,45.5446612],[-122.6226248,45.5446745],[-122.6228303,45.5446554],[-122.6230022,45.5446065],[-122.6231529,45.5445733],[-122.6233151,45.544555],[-122.623478,45.5445596],[-122.6235872,45.5445805],[-122.623642,45.5445947],[-122.6238515,45.5446899],[-122.624049,45.5447548],[-122.6241366,45.5447761],[-122.6242456,45.5447893],[-122.6243865,45.5447867],[-122.6244947,45.5447771],[-122.6246026,45.5447598],[-122.6246992,45.5447275],[-122.624861,45.5447017],[-122.6249523,45.5448296],[-122.6249877,45.5449127],[-122.6252912,45.5455244],[-122.6253153,45.5455925],[-122.625328,45.5456456],[-122.6253523,45.5457214],[-122.6253658,45.5457973],[-122.6253685,45.5458735],[-122.6253923,45.545934],[-122.6254413,45.5460931],[-122.6255703,45.5460603],[-122.6256446,45.5460132],[-122.6257303,45.5459811],[-122.6258269,45.5459488],[-122.6259348,45.5459316],[-122.6260432,45.5459296],[-122.6261517,45.5459276],[-122.6262498,45.545941],[-122.6263701,45.5459693],[-122.6264799,45.5460053],[-122.6265683,45.5460494],[-122.6267675,45.54616],[-122.6268341,45.5462045],[-122.6269222,45.546241],[-122.6269989,45.5462624],[-122.6270865,45.5462837],[-122.6271735,45.5462897],[-122.6272933,45.5463027],[-122.6275001,45.5463217],[-122.6277395,45.5463402],[-122.627968,45.5463588],[-122.6283053,45.546383],[-122.6283703,45.5463818],[-122.6284563,45.5463574],[-122.6284986,45.5463261],[-122.6285187,45.54628],[-122.6285213,45.5460437],[-122.6295409,45.5460324],[-122.63055,45.546029],[-122.6305461,45.5452974],[-122.6305563,45.5446571],[-122.6305539,45.5436588],[-122.630553,45.5420814],[-122.6306713,45.5420487],[-122.6314851,45.5420488],[-122.6322663,45.5420495],[-122.6328633,45.5420537],[-122.6338834,45.5420576],[-122.6348923,45.5420541],[-122.635804,45.54206],[-122.6365853,45.5420607],[-122.6369325,45.5420618],[-122.6379852,45.5420651],[-122.6389727,45.5420696],[-122.639982,45.5420736],[-122.6410129,45.5420772],[-122.6410024,45.5436321],[-122.6409589,45.5451723],[-122.6409804,45.5467114],[-122.6409691,45.5482434],[-122.6409574,45.5494553],[-122.6409061,45.5507747],[-122.6404982,45.5505917],[-122.6402573,45.5508401],[-122.6402304,45.5510006],[-122.6400714,45.5511103],[-122.6396788,45.5516739],[-122.6392238,45.5523149],[-122.6388312,45.5528786],[-122.6387797,45.5529557],[-122.6387842,45.5530852],[-122.6377748,45.5530811],[-122.6367548,45.5530848],[-122.6357345,45.5530809],[-122.6347251,45.5530768],[-122.6336937,45.5530655],[-122.6336837,45.5543307],[-122.6336673,45.5554132],[-122.6331462,45.5554076]]]}},{"type":"Feature","properties":{"boundary_id":"current-elementary-4","school_name":null,"review_status":"unverified"},"geometry":{"type":"Polygon","coordinates":[[[-122.6013262,45.4903064],[-122.5985293,45.4903122],[-122.5984006,45.4903526],[-122.5995022,45.4908582],[-122.599431,45.4909967],[-122.599452,45.4916059],[-122.5994247,45.4920713],[-122.5994267,45.4924446],[-122.599425,45.4927114],[-122.5994178,45.4931306],[-122.599411,45.4935651],[-122.5994089,45.4938166],[-122.5994033,45.4939691],[-122.5988829,45.4939711],[-122.5983623,45.4939654],[-122.5978528,45.4939671],[-122.597343,45.4939613],[-122.5968226,45.4939632],[-122.5963129,45.4939573],[-122.5957922,45.4939516],[-122.5953369,45.4939524],[-122.5952827,45.4939534],[-122.5952562,45.4957065],[-122.5952302,45.4974749],[-122.5946446,45.4974704],[-122.5946382,45.4976001],[-122.5946288,45.4989033],[-122.5946198,45.4995893],[-122.594603,45.5006793],[-122.5945864,45.5014569],[-122.5897945,45.5014837],[-122.5884381,45.5014551],[-122.5786468,45.501466],[-122.5786461,45.5014432],[-122.5786366,45.5005289],[-122.5786545,45.5001019],[-122.5786532,45.5000638],[-122.578667,45.4991949],[-122.5786671,45.4985624],[-122.578665,45.4985015],[-122.578672,45.4974346],[-122.5808735,45.4974478],[-122.5818274,45.4974381],[-122.5818815,45.4974371],[-122.5825214,45.4974406],[-122.5828034,45.4974431],[-122.5828684,45.4974419],[-122.5832046,45.4974434],[-122.5835949,45.4974439],[-122.5838552,45.4974468],[-122.5848313,45.4974518],[-122.5857962,45.4974495],[-122.5868481,45.4974531],[-122.5890821,45.4974656],[-122.5891255,45.492405],[-122.5891225,45.4913687],[-122.5891317,45.4910028],[-122.5891303,45.4906446],[-122.5891389,45.4902635],[-122.5891733,45.4865213],[-122.5891797,45.4863916],[-122.5891956,45.4855912],[-122.5892045,45.4852177],[-122.5892044,45.4848976],[-122.589221,45.4844325],[-122.5892308,45.4837693],[-122.5892398,45.4830834],[-122.5892625,45.4818485],[-122.5892748,45.4809414],[-122.5892849,45.4802859],[-122.5892892,45.4800953],[-122.5893026,45.4795388],[-122.5894221,45.4795442],[-122.5914927,45.479552],[-122.5918962,45.4793083],[-122.5922049,45.4791426],[-122.5970616,45.4791601],[-122.5970622,45.4791753],[-122.5970456,45.4796405],[-122.5970391,45.4800826],[-122.5996192,45.4800884],[-122.5996125,45.4805229],[-122.599606,45.480965],[-122.5995993,45.4813995],[-122.5995928,45.4818416],[-122.5995809,45.4830687],[-122.6002098,45.4830724],[-122.60086,45.483068],[-122.6014997,45.4830715],[-122.6021502,45.4830747],[-122.6021425,45.4834787],[-122.6021347,45.4838828],[-122.6021119,45.4854225],[-122.6013308,45.4854064],[-122.6013262,45.4903064]]]}},{"type":"Feature","properties":{"boundary_id":"current-elementary-5","school_name":null,"review_status":"unverified"},"geometry":{"type":"Polygon","coordinates":[[[-122.6067188,45.511773],[-122.6066736,45.5117204],[-122.6065872,45.5117297],[-122.6055475,45.5117717],[-122.605266,45.5117845],[-122.6046704,45.5118107],[-122.6045837,45.5118123],[-122.6044755,45.5118219],[-122.6035223,45.5118546],[-122.6026777,45.511893],[-122.6018003,45.5119244],[-122.6017521,45.5098983],[-122.6016548,45.5099077],[-122.6010691,45.5099032],[-122.6008737,45.5098992],[-122.6006786,45.5099027],[-122.6004833,45.5098987],[-122.6002882,45.5099023],[-122.6000928,45.5098983],[-122.5998978,45.5099018],[-122.5997024,45.5098978],[-122.5995073,45.5099014],[-122.5993662,45.5098964],[-122.599312,45.5098973],[-122.5991169,45.5099009],[-122.5989215,45.5098969],[-122.5987156,45.5099007],[-122.5985311,45.5098964],[-122.598336,45.5099],[-122.5981298,45.5098962],[-122.5979456,45.5098996],[-122.5976411,45.5098747],[-122.5976067,45.5098219],[-122.5976041,45.5097458],[-122.5976123,45.5096694],[-122.5976314,45.5095929],[-122.5976396,45.5095165],[-122.5976375,45.5094556],[-122.5976238,45.509372],[-122.5975543,45.5092438],[-122.5975617,45.5091446],[-122.5975483,45.5090686],[-122.5974693,45.5089786],[-122.5974003,45.5088656],[-122.5973641,45.5087596],[-122.5973821,45.5086525],[-122.5974221,45.5085527],[-122.5975376,45.5084439],[-122.5976323,45.5083584],[-122.5976741,45.5083119],[-122.5977047,45.508258],[-122.5977137,45.5082045],[-122.5977103,45.5081055],[-122.5976784,45.5071764],[-122.5954995,45.5072011],[-122.5951307,45.5072002],[-122.5949357,45.5072038],[-122.5937647,45.50721],[-122.5936452,45.5072046],[-122.5936503,45.5070368],[-122.5936583,45.506008],[-122.5936591,45.5053983],[-122.5819916,45.5054209],[-122.5786207,45.5048346],[-122.5786228,45.5045754],[-122.5786242,45.5039811],[-122.5786163,45.5034326],[-122.5786273,45.5027999],[-122.5786382,45.5021672],[-122.5786468,45.501466],[-122.5884381,45.5014551],[-122.5897945,45.5014837],[-122.5945864,45.5014569],[-122.594603,45.5006793],[-122.5946198,45.4995893],[-122.5946288,45.4989033],[-122.5946382,45.4976001],[-122.5946446,45.4974704],[-122.5952302,45.4974749],[-122.5956098,45.4974756],[-122.5962604,45.4974789],[-122.5965855,45.4974729],[-122.59677,45.4974771],[-122.5972906,45.4974828],[-122.597551,45.4974857],[-122.597811,45.4974809],[-122.5983206,45.4974792],[-122.5985051,45.4974834],[-122.5993616,45.4974829],[-122.6004027,45.4974866],[-122.6018557,45.4974904],[-122.6028968,45.4974941],[-122.6030485,45.4974913],[-122.6034171,45.4974921],[-122.6040459,45.4974881],[-122.6044582,45.4974958],[-122.6050222,45.4975006],[-122.6060304,45.4974973],[-122.6070498,45.4975013],[-122.608015,45.4975064],[-122.6090232,45.497503],[-122.6090169,45.4976327],[-122.6090077,45.498936],[-122.6090007,45.5003002],[-122.6089943,45.5013672],[-122.6089889,45.5015273],[-122.6091972,45.501592],[-122.6100213,45.5015921],[-122.6108996,45.5015911],[-122.6109979,45.5016121],[-122.6109778,45.5016582],[-122.6109642,45.5034569],[-122.6109636,45.504379],[-122.6109556,45.5050879],[-122.6109686,45.5051486],[-122.6109916,45.5051863],[-122.6110375,45.5052616],[-122.611083,45.5053217],[-122.6111668,45.5055488],[-122.6111725,45.5060288],[-122.6111963,45.5067142],[-122.6112092,45.5073998],[-122.6112313,45.5080395],[-122.6112892,45.50877],[-122.611333,45.5094094],[-122.6113771,45.5100563],[-122.6114212,45.5107032],[-122.611465,45.5113425],[-122.6115057,45.5118905],[-122.61154,45.5119432],[-122.6114763,45.5119824],[-122.6114124,45.5120141],[-122.6113262,45.5120309],[-122.6102635,45.5120353],[-122.6091136,45.512026],[-122.6082896,45.5120336],[-122.6067169,45.5120321],[-122.6067119,45.5118874],[-122.6067188,45.511773]]]}},{"type":"Feature","properties":{"boundary_id":"current-elementary-6","school_name":null,"review_status":"unverified"},"geometry":{"type":"Polygon","coordinates":[[[-122.7133136,45.575317],[-122.7127272,45.5753131],[-122.7122924,45.5752985],[-122.7119883,45.5752968],[-122.7108898,45.5752416],[-122.7098238,45.5751859],[-122.7088444,45.5751208],[-122.7085609,45.5750881],[-122.708332,45.5750621],[-122.7080371,45.5750144],[-122.7077642,45.5749739],[-122.7066688,45.5747052],[-122.7056714,45.5744423],[-122.7046511,45.5741494],[-122.7043324,45.5740411],[-122.7040907,45.5739619],[-122.7038262,45.5738527],[-122.7036278,45.5737726],[-122.7033177,45.5736032],[-122.7026197,45.5732126],[-122.7024197,45.5730869],[-122.7022634,45.5729679],[-122.7018497,45.5726329],[-122.7017715,45.5725734],[-122.7015691,45.5723791],[-122.700733,45.5714728],[-122.7006079,45.5713152],[-122.7004931,45.5711421],[-122.7003199,45.5708558],[-122.6998902,45.5700789],[-122.6998338,45.570019],[-122.6997893,45.5699894],[-122.6997234,45.5699678],[-122.6996686,45.5699536],[-122.6996541,45.5698548],[-122.6996567,45.5696261],[-122.6996323,45.5695503],[-122.6994545,45.5691345],[-122.6993208,45.5687408],[-122.6991934,45.5682173],[-122.6991746,45.5673945],[-122.6990738,45.5664056],[-122.6984549,45.5664022],[-122.6982488,45.5664061],[-122.6974453,45.5663986],[-122.6964356,45.566395],[-122.6954151,45.5663916],[-122.6944054,45.566388],[-122.6933849,45.5663846],[-122.6923536,45.5663814],[-122.6912677,45.5663716],[-122.690247,45.5663606],[-122.6900083,45.5663651],[-122.6890966,45.5663672],[-122.6884563,45.5663718],[-122.687327,45.5663628],[-122.6865343,45.566355],[-122.686252,45.5663527],[-122.6846015,45.5663383],[-122.6838956,45.5663288],[-122.6822237,45.5663225],[-122.6821261,45.5663243],[-122.6819094,45.566336],[-122.681584,45.5663422],[-122.6814107,45.5663531],[-122.6812699,45.5663634],[-122.6810001,45.5664066],[-122.6799907,45.5664105],[-122.6789705,45.5664146],[-122.678558,45.5664148],[-122.6779503,45.5664187],[-122.6779732,45.5655418],[-122.6767792,45.5655415],[-122.6757807,45.5655451],[-122.6747604,45.5655492],[-122.6737511,45.565553],[-122.6727309,45.565557],[-122.671613,45.5655629],[-122.6715691,45.5655485],[-122.6715867,45.5654338],[-122.6715845,45.5653729],[-122.6715818,45.5652967],[-122.6715905,45.5652356],[-122.6715878,45.5651594],[-122.6715856,45.5650985],[-122.6711948,45.5650983],[-122.6710785,45.5651843],[-122.6705467,45.5651867],[-122.6700035,45.5651741],[-122.6694717,45.5651765],[-122.6686139,45.5651698],[-122.6677998,45.5651699],[-122.6672569,45.5651649],[-122.6667251,45.5651673],[-122.6661822,45.5651623],[-122.6656501,45.565157],[-122.6651183,45.5651594],[-122.6645754,45.5651544],[-122.664585,45.5638967],[-122.6646093,45.5627455],[-122.665141,45.5627431],[-122.6656837,45.5627405],[-122.6658355,45.5627376],[-122.6662154,45.5627381],[-122.6668665,45.5627334],[-122.6672898,45.5627331],[-122.6674959,45.5627292],[-122.6678325,45.5627305],[-122.6680494,45.5627264],[-122.6685703,45.5627242],[-122.6687764,45.5627203],[-122.6688852,45.5627259],[-122.6694929,45.562722],[-122.6698945,45.5627221],[-122.6699487,45.5627211],[-122.6702308,45.5627158],[-122.6704914,45.5627185],[-122.671034,45.5627158],[-122.6716417,45.562712],[-122.6727812,45.5627057],[-122.6727847,45.5618902],[-122.6727917,45.5611736],[-122.6738118,45.5611696],[-122.6748211,45.5611658],[-122.6748281,45.5604492],[-122.6748462,45.5597401],[-122.6748535,45.5590312],[-122.6748526,45.5583986],[-122.6748171,45.5583154],[-122.6747818,45.5582399],[-122.6747991,45.5568982],[-122.6747952,45.555877],[-122.675007,45.5557282],[-122.675303,45.5555092],[-122.6758673,45.5555061],[-122.6764315,45.5555031],[-122.6764356,45.5553125],[-122.6764385,45.5550914],[-122.6764358,45.5550152],[-122.6764442,45.5546416],[-122.6772148,45.5546423],[-122.6785933,45.5546466],[-122.6786492,45.5534795],[-122.6786345,45.5527634],[-122.6786467,45.5509797],[-122.6786915,45.5495003],[-122.6786826,45.5480371],[-122.6795028,45.5466954],[-122.6809956,45.5453486],[-122.6868968,45.5410597],[-122.688124,45.5419966],[-122.6906121,45.5439003],[-122.6908911,45.544116],[-122.6909359,45.5441533],[-122.6913063,45.5444968],[-122.6930018,45.5460802],[-122.6948216,45.5477984],[-122.6949786,45.5479403],[-122.6978329,45.5503551],[-122.7001421,45.5514923],[-122.7019971,45.5520741],[-122.7026669,45.5522899],[-122.7088827,45.5546096],[-122.7104546,45.5551587],[-122.7113341,45.5554695],[-122.7169974,45.5577994],[-122.7183086,45.5583382],[-122.7187947,45.5585727],[-122.7225179,45.5603682],[-122.7233619,45.5608931],[-122.7266507,45.5629713],[-122.7299947,45.5650712],[-122.7312951,45.5661969],[-122.7238618,45.5707312],[-122.7216275,45.5728704],[-122.7212569,45.573129],[-122.7210889,45.5732847],[-122.7212347,45.5734115],[-122.7211487,45.573436],[-122.7210527,45.5734836],[-122.7209888,45.5735153],[-122.7208294,45.5736098],[-122.7207445,45.5736648],[-122.7206699,45.5737044],[-122.7205631,45.5737522],[-122.7202752,45.5738949],[-122.7200184,45.573999],[-122.7189037,45.5743939],[-122.7186464,45.5744827],[-122.7183668,45.5745567],[-122.7179468,45.5746486],[-122.7156815,45.5750505],[-122.7140844,45.5753175],[-122.7133136,45.575317]]]}},{"type":"Feature","properties":{"boundary_id":"current-elementary-7","school_name":null,"review_status":"unverified"},"geometry":{"type":"Polygon","coordinates":[[[-122.6716417,45.562712],[-122.671034,45.5627158],[-122.6704914,45.5627185],[-122.6702308,45.5627158],[-122.6699487,45.5627211],[-122.6698945,45.5627221],[-122.6694929,45.562722],[-122.6688852,45.5627259],[-122.6687764,45.5627203],[-122.6685703,45.5627242],[-122.6680494,45.5627264],[-122.6678325,45.5627305],[-122.6674959,45.5627292],[-122.6672898,45.5627331],[-122.6668665,45.5627334],[-122.6662154,45.5627381],[-122.6658355,45.5627376],[-122.6656837,45.5627405],[-122.665141,45.5627431],[-122.6646093,45.5627455],[-122.6646137,45.5616479],[-122.6646279,45.5605197],[-122.6646435,45.5591247],[-122.6644374,45.5591286],[-122.6644728,45.5576799],[-122.6645038,45.5564142],[-122.6645166,45.5555528],[-122.664537,45.5545997],[-122.6645355,45.5533346],[-122.6645343,45.5520772],[-122.6645436,45.5508119],[-122.6635236,45.5508158],[-122.6635224,45.5495584],[-122.662513,45.5495545],[-122.6616015,45.5495564],[-122.6614489,45.5495364],[-122.6614591,45.548294],[-122.6604608,45.5482975],[-122.659484,45.548293],[-122.6584527,45.5482819],[-122.6584175,45.5482064],[-122.6584286,45.5479089],[-122.6584353,45.5471772],[-122.6584398,45.5463845],[-122.6584421,45.5455309],[-122.658453,45.5452258],[-122.6584553,45.5446771],[-122.6613422,45.5446914],[-122.6614924,45.5446428],[-122.6614889,45.5442389],[-122.6614667,45.5439193],[-122.6614637,45.5438355],[-122.6614769,45.5429817],[-122.6614726,45.5428598],[-122.6614792,45.5421281],[-122.6614819,45.5418994],[-122.6614926,45.5412818],[-122.661491,45.5409313],[-122.6614948,45.5404282],[-122.6615003,45.5399709],[-122.661508,45.5395744],[-122.6615097,45.5390104],[-122.6615214,45.5387282],[-122.6615261,45.5379431],[-122.6615281,45.5370819],[-122.6640672,45.5370874],[-122.6640797,45.5365232],[-122.663559,45.5365254],[-122.6635769,45.5358086],[-122.6645861,45.5358124],[-122.6645938,45.5351111],[-122.6656137,45.5351148],[-122.6666768,45.5351099],[-122.6668831,45.5351136],[-122.6683148,45.5351018],[-122.6711113,45.5335018],[-122.6713663,45.5333521],[-122.6718138,45.5331227],[-122.671984,45.533028],[-122.6721011,45.5329648],[-122.6724201,45.5327834],[-122.6738669,45.5319786],[-122.6740583,45.5318683],[-122.6743941,45.5321592],[-122.6747953,45.5324564],[-122.6780823,45.5348786],[-122.6785616,45.5352354],[-122.6798614,45.5360871],[-122.6828397,45.5380578],[-122.6844422,45.5391782],[-122.6868968,45.5410597],[-122.6809956,45.5453486],[-122.6795028,45.5466954],[-122.6786826,45.5480371],[-122.6786915,45.5495003],[-122.6786467,45.5509797],[-122.6786345,45.5527634],[-122.6786492,45.5534795],[-122.6785933,45.5546466],[-122.6772148,45.5546423],[-122.6764442,45.5546416],[-122.6764358,45.5550152],[-122.6764385,45.5550914],[-122.6764356,45.5553125],[-122.6764315,45.5555031],[-122.6758673,45.5555061],[-122.675303,45.5555092],[-122.675007,45.5557282],[-122.6747952,45.555877],[-122.6747991,45.5568982],[-122.6747818,45.5582399],[-122.6748171,45.5583154],[-122.6748526,45.5583986],[-122.6748535,45.5590312],[-122.6748462,45.5597401],[-122.6748281,45.5604492],[-122.6748211,45.5611658],[-122.6738118,45.5611696],[-122.6727917,45.5611736],[-122.6727847,45.5618902],[-122.6727812,45.5627057],[-122.6716417,45.562712]]]}},{"type":"Feature","properties":{"boundary_id":"current-elementary-8","school_name":null,"review_status":"unverified"},"geometry":{"type":"Polygon","coordinates":[[[-122.7130086,45.4828829],[-122.7163813,45.4844105],[-122.7165357,45.4844837],[-122.7167668,45.4845783],[-122.7173498,45.4848109],[-122.7175145,45.4848687],[-122.7176901,45.4849262],[-122.7178109,45.4849696],[-122.7181181,45.4850704],[-122.718392,45.4851489],[-122.7185667,45.4851836],[-122.718742,45.4852335],[-122.718917,45.4852759],[-122.7192558,45.4853531],[-122.7194525,45.485395],[-122.7199653,45.4854841],[-122.7202919,45.4855235],[-122.7206836,45.4855616],[-122.72076,45.4855754],[-122.7213361,45.4856175],[-122.7224892,45.4857247],[-122.7231414,45.4857729],[-122.7233047,45.4857926],[-122.7236311,45.4858244],[-122.7237944,45.485844],[-122.7245997,45.4859274],[-122.7250892,45.4859713],[-122.7252528,45.4859985],[-122.7255806,45.4860684],[-122.7257339,45.4861111],[-122.7259092,45.4861611],[-122.726162,45.4862552],[-122.726835,45.4865775],[-122.7272317,45.4867527],[-122.7274517,45.4868398],[-122.7276051,45.4868826],[-122.7277364,45.4869181],[-122.727824,45.4869393],[-122.7279223,45.4869602],[-122.7280098,45.4869814],[-122.7281081,45.4870023],[-122.7282062,45.4870157],[-122.7283915,45.4870425],[-122.7285109,45.4870478],[-122.7286087,45.4870535],[-122.7287065,45.4870593],[-122.7288151,45.4870648],[-122.7316768,45.4870546],[-122.7349075,45.4870523],[-122.7375092,45.4870471],[-122.7380406,45.4870519],[-122.7410666,45.487084],[-122.7438314,45.4870907],[-122.7438354,45.4886761],[-122.7442191,45.4887905],[-122.7439611,45.4891462],[-122.7438408,45.4891181],[-122.7438424,45.4897507],[-122.743849,45.4914047],[-122.7436459,45.4914849],[-122.7437071,45.4916743],[-122.7440474,45.4917896],[-122.7438533,45.4921135],[-122.7438515,45.493539],[-122.7438549,45.4948119],[-122.7438636,45.497998],[-122.7464024,45.4980395],[-122.7464105,45.4979631],[-122.7469995,45.4980583],[-122.7470301,45.4980043],[-122.7477127,45.4979909],[-122.7477047,45.4980673],[-122.7492889,45.4980971],[-122.7494084,45.4981024],[-122.7497229,45.4981038],[-122.7503847,45.4981136],[-122.7504825,45.4981193],[-122.7506962,45.4983285],[-122.750859,45.498333],[-122.7509896,45.4983456],[-122.7510423,45.4980092],[-122.7513262,45.4980646],[-122.7514468,45.4981003],[-122.7515019,45.4981221],[-122.751568,45.4981513],[-122.7517336,45.4982319],[-122.7519887,45.4983869],[-122.7521424,45.4984373],[-122.7528996,45.4986815],[-122.7530968,45.4984413],[-122.7531376,45.4983719],[-122.7533245,45.4981472],[-122.7534117,45.4981607],[-122.7536204,45.4982328],[-122.7539386,45.4983332],[-122.7539911,45.4982865],[-122.7541383,45.4981616],[-122.7549954,45.4981752],[-122.7550498,45.4981817],[-122.7550935,45.4981885],[-122.7552029,45.4982168],[-122.7560604,45.498238],[-122.7574159,45.4982417],[-122.7573609,45.497633],[-122.757849,45.4976386],[-122.7578388,45.498241],[-122.7583495,45.498269],[-122.7583722,45.4977121],[-122.7583703,45.4976588],[-122.7583674,45.4975826],[-122.7585311,45.4976099],[-122.7587062,45.4976521],[-122.7588923,45.4977018],[-122.7590463,45.4977597],[-122.7593653,45.497883],[-122.7594981,45.4979566],[-122.7598189,45.4981256],[-122.7600504,45.4982278],[-122.7602482,45.4983001],[-122.7604566,45.4983645],[-122.7606539,45.4984216],[-122.7607523,45.4984426],[-122.761091,45.4985121],[-122.7627053,45.4981828],[-122.763869,45.4982741],[-122.7638788,45.4985407],[-122.7638861,45.4990284],[-122.7638903,45.4991427],[-122.7639035,45.4997904],[-122.7639048,45.5001182],[-122.763915,45.5003924],[-122.7639151,45.5006897],[-122.7639247,45.5009487],[-122.764446,45.5009688],[-122.7646641,45.5010026],[-122.7646619,45.5015286],[-122.7646659,45.5016353],[-122.7646727,45.5018181],[-122.7643368,45.5018247],[-122.7642757,45.5019327],[-122.7643384,45.5021601],[-122.7646421,45.5021617],[-122.7646354,45.5025659],[-122.7645173,45.5025987],[-122.7641947,45.5026737],[-122.7642993,45.5028622],[-122.7642834,45.5050655],[-122.7643921,45.505071],[-122.7644899,45.5050767],[-122.7644924,45.5051452],[-122.7644912,45.5054044],[-122.764408,45.5060845],[-122.7643324,45.5060936],[-122.7638328,45.506073],[-122.7616492,45.5059714],[-122.761291,45.5059633],[-122.761226,45.5059645],[-122.7607486,45.5059587],[-122.7599889,45.5059433],[-122.7592301,45.5059506],[-122.7591648,45.5059443],[-122.7587099,45.5059609],[-122.7583201,45.5059762],[-122.7583257,45.5061286],[-122.7583174,45.5061973],[-122.7583263,45.5079047],[-122.7569055,45.5079022],[-122.7552135,45.5078975],[-122.7545522,45.5079029],[-122.7542593,45.5079011],[-122.7510934,45.5079253],[-122.7510996,45.5080929],[-122.7510897,45.5084132],[-122.7472953,45.5084497],[-122.7473253,45.5086778],[-122.7466106,45.5087071],[-122.746406,45.5084519],[-122.7460376,45.5084592],[-122.7457537,45.5081141],[-122.7451088,45.5082716],[-122.7451632,45.5106335],[-122.7451784,45.5113421],[-122.7452045,45.5123478],[-122.7448463,45.5123396],[-122.7438587,45.5123208],[-122.7438614,45.5141654],[-122.7438581,45.5143713],[-122.7438629,45.5156823],[-122.7438582,45.5158501],[-122.7438621,45.5165437],[-122.743856,45.5166734],[-122.743863,45.5168638],[-122.7438561,45.5169706],[-122.7438613,45.5177023],[-122.7414918,45.5181603],[-122.7409688,45.5183916],[-122.7388995,45.5190495],[-122.7384173,45.5192114],[-122.7374199,45.5195205],[-122.7369241,45.5196065],[-122.7366534,45.5196194],[-122.7363496,45.5196177],[-122.7359908,45.5195942],[-122.7350833,45.5193985],[-122.7335527,45.5190701],[-122.7335721,45.5190087],[-122.7335699,45.5189478],[-122.7335452,45.5188644],[-122.7334504,45.5186452],[-122.7333681,45.5184715],[-122.7332519,45.5182604],[-122.7331396,45.5181559],[-122.7330723,45.5180962],[-122.7329725,45.5180372],[-122.7328514,45.5179862],[-122.7326332,45.5179523],[-122.7324814,45.5179553],[-122.7321363,45.5180077],[-122.7318656,45.5180206],[-122.7316474,45.5179868],[-122.7315271,45.5179586],[-122.7314498,45.517922],[-122.7313503,45.5178706],[-122.7312836,45.5178262],[-122.7311941,45.5177517],[-122.7311377,45.5176918],[-122.7310807,45.5176167],[-122.7310451,45.5175335],[-122.7310201,45.5174426],[-122.7310167,45.5173512],[-122.7310429,45.5171753],[-122.7310718,45.5170757],[-122.7314135,45.51604],[-122.7314305,45.5159101],[-122.731438,45.5158185],[-122.7313888,45.5156594],[-122.7312856,45.5155089],[-122.7311397,45.5153746],[-122.730973,45.5152635],[-122.7308079,45.5151981],[-122.7305783,45.5151492],[-122.7302846,45.5151245],[-122.7300364,45.5151598],[-122.7281783,45.5156609],[-122.7280165,45.5156869],[-122.727832,45.5156829],[-122.7276575,45.5156558],[-122.7275143,45.5155976],[-122.7273923,45.5155238],[-122.727302,45.5154265],[-122.7272439,45.5153209],[-122.727217,45.5151766],[-122.727235,45.5150771],[-122.7272648,45.5150003],[-122.7273687,45.5148764],[-122.7274852,45.5147979],[-122.7276127,45.5147268],[-122.727817,45.5146771],[-122.7279901,45.5146661],[-122.7281533,45.5146781],[-122.7286774,45.5147747],[-122.7288844,45.5148011],[-122.7291009,45.5147893],[-122.7292843,45.5147628],[-122.7294664,45.5146983],[-122.7296259,45.5146114],[-122.7297826,45.5144482],[-122.7298529,45.5142944],[-122.7298696,45.5141569],[-122.7298412,45.5139745],[-122.7296495,45.5134752],[-122.7296,45.5133084],[-122.729605,45.5131483],[-122.7296119,45.5130414],[-122.7296917,45.5128493],[-122.7297839,45.5127027],[-122.7298776,45.5125942],[-122.7300565,45.5124458],[-122.7301946,45.5123669],[-122.7303441,45.512303],[-122.7306234,45.512229],[-122.7309258,45.5121926],[-122.7315433,45.5121729],[-122.7317056,45.5121622],[-122.7318348,45.5121368],[-122.7319207,45.5121122],[-122.7320274,45.5120644],[-122.732123,45.5120092],[-122.7322077,45.5119542],[-122.7322811,45.5118841],[-122.7325628,45.5115814],[-122.7326779,45.5114648],[-122.732859,45.5113774],[-122.7330305,45.5113207],[-122.7331917,45.5112795],[-122.7333862,45.5112604],[-122.7336257,45.5112862],[-122.7344,45.5114007],[-122.7346492,45.5113958],[-122.7348546,45.5113766],[-122.7350586,45.5113192],[-122.7352714,45.5112084],[-122.7353981,45.5111144],[-122.7355126,45.5109826],[-122.7355937,45.5108286],[-122.7356321,45.5106906],[-122.7356173,45.5105842],[-122.7355806,45.5104706],[-122.7353888,45.5099712],[-122.7353741,45.5098648],[-122.7353699,45.5097505],[-122.7353876,45.5096435],[-122.735406,45.5095517],[-122.7354249,45.5094751],[-122.7354437,45.5093985],[-122.7354743,45.5093445],[-122.7354935,45.5092755],[-122.7355337,45.5091909],[-122.7355951,45.5090906],[-122.7358994,45.5088103],[-122.7339342,45.5087496],[-122.733479,45.5087585],[-122.7326551,45.5087669],[-122.7320282,45.5088249],[-122.7315641,45.5088873],[-122.7310145,45.5089819],[-122.730541,45.5090826],[-122.7302078,45.5091653],[-122.7290357,45.5094397],[-122.7283463,45.5095674],[-122.7277088,45.5096332],[-122.7272325,45.5096577],[-122.7267876,45.5096512],[-122.7263855,45.5096285],[-122.7259931,45.5095751],[-122.7255124,45.5094778],[-122.7251072,45.5093713],[-122.7244153,45.5091333],[-122.7238203,45.508878],[-122.723214,45.5086078],[-122.7229712,45.5084906],[-122.7229312,45.5082856],[-122.7229295,45.5079426],[-122.7229181,45.5076303],[-122.7229146,45.5069367],[-122.7229176,45.5067233],[-122.722916,45.5066776],[-122.7229102,45.5062203],[-122.7229091,45.5058926],[-122.7229096,45.5056106],[-122.7229013,45.5053821],[-122.7229105,45.5053362],[-122.7230266,45.50525],[-122.7232423,45.5052154],[-122.7234148,45.5051891],[-122.7235449,45.5051866],[-122.7236641,45.5051843],[-122.7239025,45.5051797],[-122.7240542,45.5051767],[-122.7243254,45.5051791],[-122.7245535,45.5051899],[-122.7247169,45.5052096],[-122.7250006,45.5052574],[-122.7250881,45.5052785],[-122.7251754,45.5052921],[-122.7252732,45.5052978],[-122.7253705,45.5052883],[-122.7254783,45.505271],[-122.7255638,45.5052388],[-122.7256919,45.505183],[-122.7257884,45.5051506],[-122.7258851,45.5051258],[-122.7258815,45.5050268],[-122.7258773,45.5040208],[-122.7258637,45.5033503],[-122.7258723,45.5032891],[-122.7259482,45.5032876],[-122.7260349,45.5032859],[-122.7261299,45.5032155],[-122.7262349,45.503122],[-122.7264494,45.5030568],[-122.7265356,45.5030399],[-122.7266109,45.5030232],[-122.7267176,45.5029754],[-122.7270893,45.5027623],[-122.7275161,45.5025711],[-122.7276881,45.5025296],[-122.727914,45.5024795],[-122.7283838,45.5022798],[-122.7285658,45.5022152],[-122.7285622,45.5021162],[-122.728558,45.502002],[-122.7285636,45.501857],[-122.7285578,45.5016971],[-122.7285603,45.5014684],[-122.7285541,45.5013008],[-122.7285814,45.5011554],[-122.7285891,45.5010714],[-122.7285961,45.5009646],[-122.7297239,45.5009655],[-122.7297272,45.5007596],[-122.7297204,45.4984959],[-122.7297382,45.4983888],[-122.729649,45.498322],[-122.7295379,45.4982479],[-122.7292036,45.4980029],[-122.7291044,45.4979591],[-122.7289847,45.4979462],[-122.7279761,45.497943],[-122.7278572,45.4979529],[-122.7275994,45.4980189],[-122.727406,45.4980684],[-122.7272452,45.4981173],[-122.7271807,45.4981338],[-122.7269443,45.4981918],[-122.7266753,45.4982504],[-122.726438,45.4982855],[-122.7262649,45.4982965],[-122.7261344,45.4982838],[-122.7260035,45.4982635],[-122.725774,45.4982146],[-122.7256109,45.4982025],[-122.7254592,45.4982055],[-122.7252,45.4982334],[-122.7251028,45.4982429],[-122.7248655,45.498278],[-122.7246502,45.4983203],[-122.7244029,45.4983785],[-122.7241998,45.4984587],[-122.7240289,45.4985306],[-122.7232596,45.4988428],[-122.7228964,45.4989947],[-122.7224488,45.4992092],[-122.7221435,45.4991618],[-122.72149,45.499083],[-122.720836,45.498989],[-122.7206729,45.498977],[-122.7205534,45.4989717],[-122.7204234,45.4989742],[-122.7202828,45.4989846],[-122.7199922,45.4990436],[-122.719616,45.4991347],[-122.7192728,45.4992405],[-122.7191233,45.4993043],[-122.7190383,45.4993517],[-122.7189319,45.4994072],[-122.718836,45.4994547],[-122.7183795,45.4997228],[-122.7182842,45.4997856],[-122.7181797,45.4998943],[-122.7180452,45.5000723],[-122.7179424,45.5002267],[-122.7178899,45.5002734],[-122.7177829,45.5003136],[-122.7176959,45.5003077],[-122.7176087,45.5002941],[-122.7175539,45.50028],[-122.7171241,45.5000901],[-122.7170041,45.5000696],[-122.7168627,45.5000571],[-122.7167868,45.5000586],[-122.716487,45.5001635],[-122.7161355,45.500338],[-122.7153055,45.5007733],[-122.715071,45.5008845],[-122.7149115,45.5009715],[-122.714827,45.5010341],[-122.7147111,45.5011278],[-122.714204,45.5014959],[-122.7140128,45.5016063],[-122.7136215,45.5018806],[-122.7135435,45.5018212],[-122.7134551,45.5017771],[-122.7131259,45.5016692],[-122.713005,45.5016258],[-122.7129489,45.5015735],[-122.7129253,45.5015206],[-122.7129023,45.501483],[-122.7128187,45.5012712],[-122.7127234,45.5010367],[-122.712654,45.5009161],[-122.7123487,45.5005714],[-122.7123143,45.5005187],[-122.7122898,45.500443],[-122.7122771,45.5003899],[-122.7122757,45.5003518],[-122.7122613,45.4999557],[-122.7122689,45.4998641],[-122.7122978,45.4997644],[-122.7129216,45.4984261],[-122.7130222,45.4982108],[-122.7130617,45.4981033],[-122.7130581,45.4980043],[-122.7130228,45.4979287],[-122.7129531,45.4978005],[-122.7122415,45.497014],[-122.7116946,45.4962852],[-122.7116488,45.4962175],[-122.7116246,45.4961494],[-122.7116321,45.4960578],[-122.7116616,45.4959733],[-122.7117027,45.4959116],[-122.7117653,45.4958418],[-122.7118392,45.495787],[-122.7119545,45.495678],[-122.7120479,45.4955619],[-122.7121299,45.4954307],[-122.7121682,45.4952928],[-122.7121858,45.4951781],[-122.71218,45.4950182],[-122.712074,45.4944867],[-122.7119952,45.4941071],[-122.7118288,45.4937063],[-122.7117936,45.4936308],[-122.7117477,45.4935631],[-122.7117019,45.4934954],[-122.7116455,45.4934355],[-122.7115783,45.4933758],[-122.7115114,45.4933238],[-122.7114231,45.4932797],[-122.7113456,45.4932355],[-122.7112575,45.4931991],[-122.7111589,45.4931705],[-122.7110164,45.4931276],[-122.7109178,45.493099],[-122.7108405,45.4930624],[-122.7107739,45.4930179],[-122.7107175,45.492958],[-122.7106825,45.4928901],[-122.7106692,45.4928218],[-122.7106667,45.4927532],[-122.7106962,45.4926688],[-122.7107676,45.4925455],[-122.7108176,45.4924302],[-122.7108241,45.4923081],[-122.7108202,45.4922015],[-122.7107836,45.4920878],[-122.7106925,45.4919676],[-122.7106016,45.4918551],[-122.7104878,45.4917048],[-122.7104314,45.4916449],[-122.7104064,45.491554],[-122.7103806,45.4914401],[-122.7103933,45.4905938],[-122.710394,45.4900145],[-122.7103848,45.4894583],[-122.7103862,45.4891991],[-122.7103805,45.4887419],[-122.710412,45.4872169],[-122.7103873,45.4862341],[-122.7103874,45.4856396],[-122.710382,45.48519],[-122.7105106,45.4851494],[-122.7110837,45.4851078],[-122.7112126,45.4850748],[-122.7113298,45.4850192],[-122.7114145,45.4849642],[-122.7114879,45.4848942],[-122.7116229,45.4847315],[-122.7116888,45.4847531],[-122.7117871,45.484774],[-122.711896,45.4847872],[-122.7125046,45.4848287],[-122.7128409,45.4848374],[-122.712871,45.4847683],[-122.7128696,45.4847302],[-122.7129363,45.4844774],[-122.7129563,45.4844312],[-122.7129602,45.4842406],[-122.7129636,45.4840347],[-122.7129556,45.4838139],[-122.7129615,45.4836765],[-122.7129557,45.4835166],[-122.7129618,45.4833869],[-122.7129591,45.4833107],[-122.7130086,45.4828829]]]}},{"type":"Feature","properties":{"boundary_id":"current-elementary-9","school_name":null,"review_status":"unverified"},"geometry":{"type":"Polygon","coordinates":[[[-122.6668831,45.5351136],[-122.6666768,45.5351099],[-122.6656137,45.5351148],[-122.6645938,45.5351111],[-122.6635738,45.5351075],[-122.6625646,45.5351037],[-122.6615446,45.5351001],[-122.660535,45.535081],[-122.6595261,45.5350847],[-122.6585061,45.5350811],[-122.6574861,45.5350774],[-122.656477,45.5350735],[-122.655457,45.5350698],[-122.6544479,45.5350659],[-122.6534279,45.5350622],[-122.6524079,45.5350585],[-122.6513987,45.5350546],[-122.6503788,45.5350508],[-122.6493699,45.5350545],[-122.6483499,45.5350508],[-122.6465596,45.5350462],[-122.6447256,45.5350348],[-122.6447224,45.5343261],[-122.6447236,45.5340517],[-122.6447406,45.5336094],[-122.6447479,45.5328928],[-122.6447555,45.5321839],[-122.6447523,45.5314753],[-122.6447504,45.5308046],[-122.644756,45.5303473],[-122.6447506,45.530195],[-122.6447572,45.5300729],[-122.6422986,45.5301875],[-122.637035,45.5304381],[-122.6364395,45.5304721],[-122.6361473,45.5304928],[-122.6357697,45.5305532],[-122.6355865,45.5305871],[-122.6354143,45.5306284],[-122.6352636,45.5306617],[-122.6347914,45.5308076],[-122.6345977,45.5305445],[-122.6345186,45.5304545],[-122.6344274,45.5303267],[-122.6343906,45.5302054],[-122.634385,45.5300455],[-122.6343927,45.5293366],[-122.6343893,45.5286203],[-122.6343968,45.5279038],[-122.6343934,45.5271875],[-122.634412,45.5264785],[-122.6344089,45.5257698],[-122.6344163,45.5250533],[-122.634424,45.5243444],[-122.6344207,45.5236281],[-122.6344165,45.522889],[-122.6348829,45.5228879],[-122.6358376,45.5228929],[-122.6371826,45.5228907],[-122.6391997,45.5228759],[-122.6413585,45.5228813],[-122.6413661,45.5221724],[-122.6413738,45.5214635],[-122.6413812,45.520747],[-122.6413891,45.520663],[-122.6414165,45.5205177],[-122.6414213,45.5200375],[-122.6414292,45.5193362],[-122.6392272,45.5193317],[-122.6390318,45.5193277],[-122.6390495,45.5185958],[-122.6390646,45.5171704],[-122.6390687,45.5169798],[-122.6400773,45.5169762],[-122.6424421,45.5169853],[-122.6424403,45.516932],[-122.6424348,45.5164672],[-122.6424424,45.5157583],[-122.6424498,45.5150418],[-122.6424574,45.5143329],[-122.6424648,45.5136164],[-122.6434085,45.5136216],[-122.643408,45.512989],[-122.6434812,45.5129115],[-122.6434959,45.5120957],[-122.6441034,45.5120996],[-122.6451885,45.5121174],[-122.6455169,45.5122027],[-122.6459616,45.5122019],[-122.6465363,45.5121988],[-122.6467966,45.5122015],[-122.647545,45.5122027],[-122.6485646,45.5122064],[-122.6493241,45.512215],[-122.6495845,45.5122178],[-122.650593,45.512214],[-122.651602,45.5122256],[-122.6519055,45.5122198],[-122.6526214,45.5122216],[-122.6527514,45.5122192],[-122.6533589,45.512223],[-122.653641,45.5122253],[-122.6537605,45.5122307],[-122.6546498,45.5122292],[-122.6556694,45.5122328],[-122.6566781,45.5122367],[-122.6576977,45.5122403],[-122.658674,45.5122448],[-122.6597261,45.5122478],[-122.6607352,45.5122592],[-122.6614074,45.5122541],[-122.6617979,45.5122544],[-122.6620799,45.5122567],[-122.6627741,45.5122588],[-122.6637823,45.5122473],[-122.6648019,45.5122509],[-122.6658104,45.5122471],[-122.6667222,45.5122679],[-122.666994,45.5122856],[-122.6672658,45.5123034],[-122.6674844,45.5123526],[-122.6678681,45.5124672],[-122.6679992,45.5124952],[-122.6705492,45.5131404],[-122.6705319,45.5135676],[-122.6704045,45.5142559],[-122.6699623,45.5161544],[-122.6694778,45.5177793],[-122.6684898,45.5195814],[-122.6683778,45.5197893],[-122.6677599,45.5222399],[-122.6675503,45.5239739],[-122.6678654,45.5264296],[-122.6688278,45.5272574],[-122.6689511,45.5273694],[-122.669971,45.5282875],[-122.6705315,45.5287951],[-122.6728713,45.5308314],[-122.6740583,45.5318683],[-122.6738669,45.5319786],[-122.6724201,45.5327834],[-122.6721011,45.5329648],[-122.671984,45.533028],[-122.6718138,45.5331227],[-122.6713663,45.5333521],[-122.6711113,45.5335018],[-122.6683148,45.5351018],[-122.6668831,45.5351136]]]}},{"type":"Feature","properties":{"boundary_id":"current-elementary-10","school_name":null,"review_status":"unverified"},"geometry":{"type":"Polygon","coordinates":[[[-122.6654203,45.500952],[-122.6654599,45.5002348],[-122.6665551,45.4959613],[-122.6665952,45.4958691],[-122.6692538,45.4895233],[-122.6696902,45.4865503],[-122.6697882,45.485954],[-122.6697427,45.4852841],[-122.6695992,45.4827718],[-122.6695615,45.4823228],[-122.6691348,45.4806847],[-122.6690836,45.4804647],[-122.6683619,45.4793733],[-122.6679717,45.4787634],[-122.6679267,45.4787185],[-122.6665643,45.4772887],[-122.6663239,45.4766226],[-122.6659874,45.4756915],[-122.6661721,45.4744838],[-122.6662591,45.4738801],[-122.6663991,45.47294],[-122.666455,45.4711555],[-122.6665231,45.4694089],[-122.666528,45.4692411],[-122.6665345,45.4691191],[-122.6665548,45.4684709],[-122.6660165,45.4655163],[-122.6655939,45.4642973],[-122.6653284,45.4635326],[-122.6651787,45.463284],[-122.6649951,45.4629978],[-122.6646062,45.4615038],[-122.664888,45.4615061],[-122.666438,45.4615147],[-122.666774,45.4615159],[-122.667695,45.4615136],[-122.6678902,45.4615175],[-122.667966,45.4615161],[-122.668302,45.4615173],[-122.6716182,45.4615226],[-122.6745768,45.4615271],[-122.674705,45.45904],[-122.6747193,45.458834],[-122.6747228,45.4586281],[-122.6747347,45.4583535],[-122.6747407,45.4582162],[-122.6747525,45.4579416],[-122.6747704,45.4575297],[-122.6747806,45.4572094],[-122.6747779,45.4571332],[-122.6748477,45.4557448],[-122.6748636,45.4552795],[-122.6749193,45.4541047],[-122.6749166,45.4540286],[-122.6749568,45.4530294],[-122.6749658,45.4529759],[-122.6749747,45.4529223],[-122.6768414,45.4530086],[-122.6769949,45.453059],[-122.6771262,45.4530946],[-122.67729,45.4531295],[-122.677421,45.4531575],[-122.6775626,45.4531777],[-122.6776711,45.4531832],[-122.6777908,45.4531962],[-122.6779318,45.4532011],[-122.6780723,45.4531908],[-122.6783097,45.4531634],[-122.6785577,45.4531281],[-122.6796883,45.4529311],[-122.6798713,45.4528972],[-122.6800443,45.4528862],[-122.6803586,45.4528878],[-122.6806087,45.4529135],[-122.6808819,45.4529769],[-122.6811128,45.4530715],[-122.6814219,45.4532333],[-122.6818218,45.4535076],[-122.6821987,45.4537442],[-122.6826061,45.453927],[-122.68359,45.4532602],[-122.6836961,45.4531972],[-122.6838025,45.4531418],[-122.6839632,45.453093],[-122.6842004,45.453058],[-122.6894568,45.4530941],[-122.6895201,45.4530471],[-122.6897205,45.4531957],[-122.6897895,45.4533087],[-122.6898713,45.4534748],[-122.6899512,45.4535876],[-122.6900289,45.4536394],[-122.6902049,45.4537123],[-122.6910469,45.4539247],[-122.6911879,45.4539296],[-122.6913276,45.4538964],[-122.6914551,45.4538254],[-122.6914954,45.4537408],[-122.6925473,45.4543683],[-122.693732,45.4547723],[-122.6959675,45.4548664],[-122.6966525,45.4549294],[-122.6973182,45.4550613],[-122.6982463,45.4552568],[-122.6998354,45.4548526],[-122.6999104,45.4548283],[-122.7002569,45.4548216],[-122.7002913,45.4548743],[-122.7003251,45.4549117],[-122.7004031,45.4549712],[-122.7005805,45.4550821],[-122.700691,45.4551409],[-122.7007787,45.4551697],[-122.7019783,45.4553828],[-122.7022515,45.4554461],[-122.7024058,45.4555193],[-122.7025954,45.4556681],[-122.702632,45.4557817],[-122.7026336,45.4558274],[-122.7026276,45.456262],[-122.7026264,45.4565288],[-122.7026327,45.456704],[-122.7026262,45.4571233],[-122.7026311,45.4572604],[-122.7026264,45.4574282],[-122.7026327,45.4576034],[-122.7026254,45.4577026],[-122.7026234,45.4579465],[-122.702625,45.4579922],[-122.7026264,45.4580303],[-122.7026275,45.4580608],[-122.7029212,45.4580932],[-122.7032902,45.4581089],[-122.7035829,45.4581109],[-122.7037778,45.4581071],[-122.7040485,45.4581019],[-122.7045364,45.4581077],[-122.7047424,45.4581113],[-122.7049262,45.4581001],[-122.7052286,45.4580714],[-122.7058311,45.457953],[-122.7065953,45.4578086],[-122.7078654,45.4575705],[-122.7078601,45.4583252],[-122.7078731,45.4586832],[-122.7117081,45.4565584],[-122.7154586,45.4545036],[-122.7159057,45.4542815],[-122.7160976,45.4541939],[-122.7164391,45.45405],[-122.7168134,45.4539132],[-122.7176177,45.4536841],[-122.7177474,45.4536739],[-122.7179414,45.4536473],[-122.7181791,45.4536274],[-122.7186769,45.45361],[-122.7191761,45.4536308],[-122.7202508,45.453686],[-122.720609,45.4537019],[-122.7210324,45.4537241],[-122.7211304,45.4537375],[-122.7208849,45.4541386],[-122.7206389,45.4545245],[-122.7205675,45.4546479],[-122.7206763,45.454661],[-122.7211755,45.4546817],[-122.7219238,45.4546976],[-122.7222819,45.4547135],[-122.7244497,45.4547321],[-122.7254681,45.4547274],[-122.7264107,45.4547242],[-122.7264143,45.4548232],[-122.726454,45.4550206],[-122.7264782,45.4556833],[-122.7264907,45.4560261],[-122.7264935,45.4561023],[-122.7264965,45.456186],[-122.7265101,45.456262],[-122.7265465,45.456368],[-122.7265945,45.4564966],[-122.7267128,45.4567687],[-122.7270213,45.4575021],[-122.7270715,45.4576916],[-122.7271085,45.4578129],[-122.727111,45.4578814],[-122.727114,45.4579652],[-122.7271096,45.4581406],[-122.7270918,45.4582477],[-122.7270849,45.4583545],[-122.7270663,45.4584387],[-122.7270479,45.4585306],[-122.7270296,45.4586224],[-122.7270002,45.4587068],[-122.726971,45.4587989],[-122.7269313,45.4588987],[-122.7264912,45.4596086],[-122.7263685,45.4598092],[-122.7262544,45.4599486],[-122.7260875,45.4601272],[-122.7258551,45.4602918],[-122.7254736,45.460528],[-122.7251129,45.4607408],[-122.7249646,45.4608352],[-122.7248805,45.4609054],[-122.7247758,45.4610066],[-122.7247239,45.4610686],[-122.7246828,45.4611303],[-122.7246208,45.4612154],[-122.7244878,45.4614314],[-122.7243562,45.4616855],[-122.7242535,45.46184],[-122.7242229,45.4618939],[-122.7241707,45.4619483],[-122.7241082,45.4620181],[-122.7240349,45.4620882],[-122.7239719,45.4621428],[-122.7238977,45.4621899],[-122.723707,45.462308],[-122.7236434,45.4623474],[-122.7235801,45.4623943],[-122.7235068,45.4624644],[-122.7234437,45.462519],[-122.7234026,45.4625807],[-122.7233615,45.4626425],[-122.7233412,45.462681],[-122.7233118,45.4627654],[-122.7232657,45.4623928],[-122.7232685,45.4618745],[-122.7232141,45.4618679],[-122.7229759,45.4618726],[-122.7227482,45.4618694],[-122.7225097,45.4618664],[-122.7223578,45.4618618],[-122.722282,45.4618632],[-122.7220218,45.4618607],[-122.7218049,45.4618573],[-122.7215772,45.4618541],[-122.7213387,45.4618512],[-122.7210677,45.4618488],[-122.7208075,45.4618463],[-122.7207101,45.4618482],[-122.7206123,45.4618425],[-122.7203741,45.4618471],[-122.7201464,45.4618439],[-122.7200595,45.461838],[-122.7199079,45.461841],[-122.7195175,45.4618333],[-122.7192242,45.4618162],[-122.7184548,45.461816],[-122.718173,45.4618138],[-122.7164061,45.4618025],[-122.7155826,45.4618033],[-122.7148778,45.4617941],[-122.7129588,45.4617705],[-122.7078741,45.4617092],[-122.7078724,45.4607641],[-122.7078838,45.4598797],[-122.7066105,45.4606285],[-122.7052721,45.4613785],[-122.70506,45.4615046],[-122.7048794,45.4616072],[-122.7037118,45.4622853],[-122.7034783,45.4624194],[-122.7027145,45.4628762],[-122.7022254,45.4631372],[-122.7016096,45.4634921],[-122.7013444,45.4636497],[-122.7003464,45.4642254],[-122.6994121,45.4647618],[-122.699189,45.464888],[-122.698966,45.4650143],[-122.6980313,45.465543],[-122.6975008,45.4658581],[-122.6973944,45.4659135],[-122.69681,45.4662373],[-122.6956211,45.4669309],[-122.6953025,45.4671124],[-122.6948883,45.467349],[-122.6943681,45.4676487],[-122.6931461,45.4683277],[-122.6922019,45.4688947],[-122.6907679,45.4697073],[-122.6904917,45.4698651],[-122.6902262,45.470015],[-122.6899181,45.4701886],[-122.6896422,45.4703539],[-122.6894828,45.4704408],[-122.6893125,45.470528],[-122.6890775,45.4706239],[-122.6887672,45.4707366],[-122.6884669,45.4708262],[-122.6882303,45.4708765],[-122.6879614,45.470935],[-122.6876931,45.4710088],[-122.687434,45.4710366],[-122.687186,45.4710718],[-122.6870349,45.47109],[-122.6868402,45.4711013],[-122.6865694,45.4711065],[-122.6856149,45.4710868],[-122.6858179,45.4707018],[-122.6858988,45.4705402],[-122.6859592,45.4704094],[-122.6858289,45.4704043],[-122.685742,45.4703984],[-122.6855898,45.470386],[-122.685416,45.4703741],[-122.6852855,45.4703614],[-122.6850461,45.4703355],[-122.6848828,45.4703158],[-122.6845232,45.4702617],[-122.6844898,45.4696297],[-122.6847093,45.4694045],[-122.6844997,45.4693018],[-122.6844556,45.4692798],[-122.6843009,45.4691989],[-122.6841125,45.4690806],[-122.6840683,45.4690586],[-122.6839237,45.4689546],[-122.6838127,45.4688805],[-122.6837017,45.4688064],[-122.6834686,45.4689557],[-122.6834369,45.4689792],[-122.6833147,45.4688977],[-122.6832812,45.4688679],[-122.6832032,45.4688084],[-122.6831138,45.4687339],[-122.6830017,45.4686293],[-122.6830442,45.4686056],[-122.6832778,45.4684716],[-122.6831319,45.4683296],[-122.6830308,45.4682324],[-122.6829296,45.4681277],[-122.6826937,45.4682008],[-122.6825115,45.4682576],[-122.6823718,45.4682908],[-122.682136,45.4683639],[-122.6818571,45.4684455],[-122.6817741,45.468851],[-122.6816655,45.4688455],[-122.6815566,45.4688323],[-122.6815417,45.4687183],[-122.6815033,45.4685513],[-122.6814388,45.4685678],[-122.6812027,45.4686333],[-122.6811491,45.4686496],[-122.6808715,45.4684643],[-122.6808574,45.4683732],[-122.6807832,45.4681154],[-122.6808133,45.4680463],[-122.6808227,45.468008],[-122.6805942,45.4679819],[-122.6805731,45.4683024],[-122.6800747,45.4683043],[-122.6800763,45.46835],[-122.6800668,45.4683883],[-122.6787227,45.4683835],[-122.6786686,45.4683846],[-122.6786764,45.4683006],[-122.6781341,45.4682881],[-122.6781327,45.46825],[-122.6781351,45.4680137],[-122.6777339,45.4680061],[-122.6773437,45.468006],[-122.6769535,45.4680058],[-122.6766717,45.4680036],[-122.6765633,45.4680056],[-122.6764117,45.4680085],[-122.6761732,45.4680055],[-122.6757938,45.4680051],[-122.6754037,45.4680049],[-122.6753918,45.4682795],[-122.6745903,45.4682948],[-122.674439,45.4683053],[-122.6737176,45.4681362],[-122.6736082,45.4681078],[-122.6735535,45.4680936],[-122.6730727,45.4679808],[-122.6729746,45.4679675],[-122.6728986,45.4682662],[-122.6728498,45.4684195],[-122.6728109,45.4685422],[-122.672783,45.4686723],[-122.6727443,45.4688026],[-122.6727161,45.4689251],[-122.6726882,45.4690552],[-122.6726603,45.4691853],[-122.6726322,45.4693078],[-122.6726224,45.4693384],[-122.6728079,45.469373],[-122.6728745,45.4694175],[-122.6729195,45.4694623],[-122.6729652,45.4695301],[-122.6729788,45.469606],[-122.6730654,45.4699092],[-122.6731017,45.4700152],[-122.6731581,45.4700751],[-122.6732247,45.4701196],[-122.6732799,45.470149],[-122.6733349,45.4701708],[-122.6738147,45.4702531],[-122.673956,45.4702657],[-122.674043,45.4702716],[-122.6741721,45.4702463],[-122.6742585,45.470237],[-122.6743246,45.4702663],[-122.6743939,45.4703869],[-122.6745631,45.4705742],[-122.6747077,45.4706781],[-122.6748096,45.4707981],[-122.6748683,45.4709266],[-122.6748743,45.4710942],[-122.6748876,45.4711625],[-122.674922,45.4712152],[-122.6750002,45.4712823],[-122.6752561,45.4714679],[-122.6753016,45.471528],[-122.6752957,45.4716653],[-122.6752667,45.471765],[-122.6752835,45.4719323],[-122.6752992,45.4720692],[-122.6753583,45.4722053],[-122.6754268,45.4723031],[-122.6755167,45.4723928],[-122.6758297,45.4726612],[-122.6759316,45.4727812],[-122.6759668,45.4728567],[-122.6759911,45.4729325],[-122.6759947,45.4730315],[-122.6770353,45.4730345],[-122.677027,45.473713],[-122.6770203,45.4744372],[-122.6793827,45.4744225],[-122.6795865,45.4758819],[-122.6797432,45.4769307],[-122.6798126,45.4773562],[-122.6801656,45.4796512],[-122.6802767,45.480335],[-122.6803336,45.480715],[-122.6806037,45.4825086],[-122.6806885,45.4830633],[-122.6807051,45.4832231],[-122.6807441,45.4834052],[-122.6808062,45.4836251],[-122.6808769,45.4837838],[-122.6809468,45.4839196],[-122.6832792,45.4839665],[-122.6847453,45.4840375],[-122.6847477,45.484106],[-122.6847407,45.4842129],[-122.6847109,45.4842897],[-122.6846703,45.4843667],[-122.684608,45.4844441],[-122.6845233,45.484499],[-122.6844177,45.4845773],[-122.684067,45.4847745],[-122.6839619,45.484868],[-122.683856,45.4849386],[-122.6837832,45.4850239],[-122.6836892,45.4851248],[-122.6836072,45.4852559],[-122.683578,45.4853479],[-122.6835704,45.4854395],[-122.6835626,45.4855235],[-122.6835878,45.4856221],[-122.6836352,45.4857355],[-122.6836815,45.4858185],[-122.6837609,45.485916],[-122.6838836,45.4860128],[-122.6840822,45.486108],[-122.6851364,45.4864842],[-122.6854663,45.4866151],[-122.6855888,45.4867042],[-122.6857017,45.4868316],[-122.68576,45.4869448],[-122.6857966,45.4870584],[-122.6858009,45.4871803],[-122.6857734,45.487318],[-122.6857138,45.4874716],[-122.6855373,45.4879932],[-122.685523,45.4881993],[-122.6855415,45.4884123],[-122.685557,45.4885416],[-122.685583,45.4886631],[-122.6856204,45.4887995],[-122.6856676,45.4889053],[-122.68576,45.4890636],[-122.6859098,45.4893123],[-122.6860147,45.4895161],[-122.6860863,45.4896976],[-122.6861874,45.4900996],[-122.6862581,45.4902583],[-122.6863614,45.4904164],[-122.6856671,45.4904068],[-122.6849732,45.4904049],[-122.6847129,45.4904022],[-122.6847169,45.4902116],[-122.6847156,45.4901735],[-122.6847265,45.4895712],[-122.6822419,45.4895197],[-122.6820846,45.4896675],[-122.6819367,45.489777],[-122.68181,45.4898709],[-122.6817147,45.4899337],[-122.6816296,45.489981],[-122.6815018,45.4900445],[-122.6814059,45.490092],[-122.6812561,45.4901482],[-122.6811061,45.4901968],[-122.6809669,45.4902452],[-122.6807949,45.4902866],[-122.680365,45.4903939],[-122.6797946,45.4905115],[-122.6794181,45.4905949],[-122.679257,45.4906361],[-122.679053,45.4906933],[-122.6788816,45.49075],[-122.6785181,45.4908941],[-122.6782841,45.4910205],[-122.6781145,45.4911304],[-122.6780509,45.4911698],[-122.6778396,45.4913262],[-122.6776606,45.4914744],[-122.6775767,45.4915523],[-122.677493,45.4916377],[-122.6774199,45.4917153],[-122.6773467,45.4917929],[-122.6773053,45.4918471],[-122.6772538,45.4919242],[-122.6771818,45.4920323],[-122.6771306,45.4921171],[-122.6770591,45.4922404],[-122.6769993,45.4923864],[-122.6769611,45.4925319],[-122.6769153,45.4927691],[-122.676898,45.4928914],[-122.6769021,45.4930056],[-122.6769064,45.4931275],[-122.6769233,45.4932948],[-122.6769728,45.4934692],[-122.6770628,45.4938638],[-122.6771907,45.4944101],[-122.6772533,45.4946452],[-122.677359,45.4948718],[-122.6774972,45.4950978],[-122.6778952,45.4956161],[-122.6779962,45.4957133],[-122.6781092,45.4958407],[-122.6782002,45.4959609],[-122.6782688,45.4960586],[-122.6783148,45.496134],[-122.678372,45.4962167],[-122.6784072,45.4962923],[-122.6784644,45.496375],[-122.6785107,45.496458],[-122.678685,45.4967824],[-122.678731,45.4968577],[-122.6787776,45.4969483],[-122.6788711,45.497137],[-122.6789519,45.4972727],[-122.6789987,45.4973709],[-122.6793686,45.4980117],[-122.679752,45.4987284],[-122.6801788,45.4994443],[-122.6805297,45.5001617],[-122.6803347,45.5001654],[-122.6802369,45.5001596],[-122.6800091,45.5001564],[-122.6798899,45.5001586],[-122.6793906,45.5001453],[-122.6788699,45.50014],[-122.6788648,45.5003001],[-122.6788366,45.5004226],[-122.6787592,45.5006832],[-122.6787004,45.5008596],[-122.6786934,45.5006616],[-122.6786763,45.5004866],[-122.678615,45.5002896],[-122.6785129,45.500162],[-122.6784454,45.5000947],[-122.6783462,45.5000509],[-122.6782471,45.500007],[-122.6781049,45.4999716],[-122.677974,45.4999513],[-122.6778004,45.499947],[-122.6776928,45.4999719],[-122.6775747,45.5000046],[-122.6775571,45.5001193],[-122.6770733,45.5002352],[-122.6769546,45.5002527],[-122.6767926,45.500271],[-122.6766304,45.5002817],[-122.6762516,45.5003042],[-122.6752466,45.5003995],[-122.6743282,45.5004932],[-122.6742307,45.5004951],[-122.6740145,45.5005144],[-122.6737767,45.5005342],[-122.6734521,45.5005556],[-122.6732685,45.5005744],[-122.6729981,45.5005948],[-122.6727928,45.5006139],[-122.6725116,45.5006345],[-122.6717007,45.5007033],[-122.6714629,45.500723],[-122.6675591,45.5010258],[-122.6654176,45.5011807],[-122.6654203,45.500952]]]}},{"type":"Feature","properties":{"boundary_id":"current-elementary-11","school_name":null,"review_status":"unverified"},"geometry":{"type":"Polygon","coordinates":[[[-122.7225179,45.5603682],[-122.7187947,45.5585727],[-122.7183086,45.5583382],[-122.7169974,45.5577994],[-122.7113341,45.5554695],[-122.7104546,45.5551587],[-122.7088827,45.5546096],[-122.7026669,45.5522899],[-122.7019971,45.5520741],[-122.7001421,45.5514923],[-122.6978329,45.5503551],[-122.6949786,45.5479403],[-122.6948216,45.5477984],[-122.6930018,45.5460802],[-122.6913063,45.5444968],[-122.6909359,45.5441533],[-122.6908911,45.544116],[-122.6906121,45.5439003],[-122.688124,45.5419966],[-122.6868968,45.5410597],[-122.6844422,45.5391782],[-122.6828397,45.5380578],[-122.6798614,45.5360871],[-122.6785616,45.5352354],[-122.6780823,45.5348786],[-122.6747953,45.5324564],[-122.6743941,45.5321592],[-122.6740583,45.5318683],[-122.6728713,45.5308314],[-122.6705315,45.5287951],[-122.669971,45.5282875],[-122.6689511,45.5273694],[-122.6688278,45.5272574],[-122.6678654,45.5264296],[-122.6675503,45.5239739],[-122.6677599,45.5222399],[-122.6683778,45.5197893],[-122.6684898,45.5195814],[-122.6694778,45.5177793],[-122.6699623,45.5161544],[-122.6704045,45.5142559],[-122.6705319,45.5135676],[-122.6705492,45.5131404],[-122.671283,45.5133399],[-122.6732534,45.5138513],[-122.6735491,45.5139295],[-122.6737867,45.5139021],[-122.6738515,45.5138933],[-122.6739699,45.5138681],[-122.6740558,45.5138436],[-122.67412,45.5138196],[-122.6742056,45.5137874],[-122.6742798,45.5137403],[-122.6743221,45.513709],[-122.6743741,45.5136471],[-122.6744267,45.5136003],[-122.6744684,45.5135538],[-122.6745318,45.5135069],[-122.6745849,45.5134754],[-122.6746811,45.5134354],[-122.675071,45.5128107],[-122.6754267,45.5121409],[-122.6758144,45.5114552],[-122.6769521,45.5117308],[-122.6777634,45.5119745],[-122.6788033,45.5122443],[-122.679603,45.5124653],[-122.6797572,45.512531],[-122.6808085,45.5128158],[-122.6818268,45.513086],[-122.6828454,45.5133638],[-122.6838096,45.5136351],[-122.6843242,45.51377],[-122.6853422,45.5140326],[-122.6863498,45.514303],[-122.6873678,45.5145655],[-122.6869906,45.5152358],[-122.6880209,45.5155362],[-122.6881851,45.5155788],[-122.6883157,45.5155916],[-122.6884246,45.5156047],[-122.6886197,45.515601],[-122.688717,45.5155915],[-122.6888677,45.5155582],[-122.6890926,45.5154776],[-122.6889729,45.5157696],[-122.6890677,45.5156915],[-122.6892273,45.5156046],[-122.6893979,45.5155252],[-122.6896762,45.5154207],[-122.6899339,45.5153472],[-122.6901168,45.5153056],[-122.6903541,45.5152706],[-122.690701,45.5152639],[-122.6910264,45.5152653],[-122.6918418,45.5153183],[-122.6936089,45.515597],[-122.6939246,45.515629],[-122.6947421,45.5157429],[-122.6952115,45.5158254],[-122.6964439,45.5160151],[-122.6962616,45.516072],[-122.6960148,45.5161453],[-122.695908,45.5161931],[-122.6958552,45.5162322],[-122.695814,45.516294],[-122.6958054,45.5163551],[-122.6958295,45.5164233],[-122.6958651,45.5165064],[-122.695877,45.5165367],[-122.6963123,45.5174811],[-122.6963798,45.5175484],[-122.6964798,45.517615],[-122.6966788,45.5177179],[-122.6967563,45.5177622],[-122.6967354,45.5177854],[-122.6967254,45.5178085],[-122.6966946,45.5178548],[-122.6966743,45.5178933],[-122.6966539,45.5179318],[-122.6966125,45.517986],[-122.6965819,45.5180399],[-122.6965822,45.5180475],[-122.696615,45.5180545],[-122.6966369,45.5180617],[-122.6966817,45.518099],[-122.6967603,45.5181737],[-122.6968058,45.5182338],[-122.6968514,45.5182939],[-122.6968861,45.5183542],[-122.6969089,45.5183842],[-122.6969753,45.5184211],[-122.6970511,45.5184196],[-122.6971154,45.5183955],[-122.697179,45.5183562],[-122.6972424,45.5183092],[-122.6976693,45.5190175],[-122.6977154,45.5190928],[-122.6978076,45.5192435],[-122.6981878,45.5198612],[-122.6979415,45.5199497],[-122.6967589,45.519942],[-122.6958261,45.5199446],[-122.6953703,45.5199381],[-122.6953721,45.5202887],[-122.6953722,45.5205935],[-122.695367,45.5210509],[-122.6953652,45.5213025],[-122.6967646,45.5213061],[-122.6981754,45.5213248],[-122.6981801,45.5226585],[-122.6981701,45.5232837],[-122.6981828,45.5233368],[-122.6982206,45.5234809],[-122.6999646,45.5237142],[-122.7004988,45.5237878],[-122.7013092,45.5240009],[-122.7018348,45.5241356],[-122.7019771,45.524171],[-122.7021522,45.5242133],[-122.7023153,45.5242254],[-122.7024568,45.524238],[-122.702663,45.5242416],[-122.7032912,45.5242143],[-122.7042663,45.5241803],[-122.7048186,45.5241544],[-122.7054248,45.5241199],[-122.7059549,45.5240792],[-122.7064524,45.5240391],[-122.7074467,45.5239361],[-122.7077711,45.523907],[-122.7079117,45.5238967],[-122.7080521,45.5238787],[-122.7082458,45.5238369],[-122.7096957,45.5234354],[-122.7102219,45.5232881],[-122.7111984,45.5229949],[-122.7116604,45.5228716],[-122.7119828,45.5227892],[-122.7123817,45.5227205],[-122.7137461,45.522656],[-122.7145261,45.5226257],[-122.7148616,45.522604],[-122.7150022,45.5225936],[-122.7152932,45.5225423],[-122.7154005,45.5225097],[-122.7154967,45.5224697],[-122.7155929,45.5224297],[-122.7156888,45.5223822],[-122.7157844,45.522327],[-122.7158803,45.5222794],[-122.7159651,45.5222244],[-122.7160498,45.5221694],[-122.7165166,45.5218783],[-122.7166013,45.5218233],[-122.7166864,45.521776],[-122.716772,45.5217438],[-122.7168682,45.5217038],[-122.7169646,45.5216715],[-122.7170719,45.5216389],[-122.7171687,45.5216142],[-122.7172657,45.5215971],[-122.7173738,45.5215873],[-122.7174711,45.5215778],[-122.7175903,45.5215755],[-122.7177206,45.5215806],[-122.7180036,45.5216056],[-122.718505,45.5216721],[-122.7187551,45.5216902],[-122.7189719,45.521686],[-122.7191984,45.5216511],[-122.7194136,45.5216012],[-122.7196062,45.5215289],[-122.7198074,45.5213954],[-122.7206689,45.5206241],[-122.7220239,45.5194087],[-122.7221181,45.5193154],[-122.722256,45.5192289],[-122.7223944,45.5191576],[-122.7226504,45.5190383],[-122.7230592,45.5189466],[-122.7233944,45.5189172],[-122.7237529,45.5189331],[-122.7240258,45.5189811],[-122.7243329,45.5190743],[-122.7255214,45.519539],[-122.7258071,45.5196402],[-122.72607,45.5197113],[-122.7262776,45.519753],[-122.7264738,45.5197796],[-122.7267134,45.5198055],[-122.7269416,45.5198163],[-122.727115,45.5198129],[-122.7274502,45.5197835],[-122.7276336,45.5197571],[-122.7279674,45.5196896],[-122.7282354,45.5196005],[-122.7284813,45.5195043],[-122.7286734,45.5194167],[-122.7286673,45.5195464],[-122.728421,45.5199323],[-122.7283613,45.5200783],[-122.7283207,45.5204526],[-122.7282821,45.5205829],[-122.7284597,45.5206938],[-122.7284615,45.5266849],[-122.7288507,45.5266468],[-122.7297154,45.5265614],[-122.730213,45.5265212],[-122.730397,45.52651],[-122.7305813,45.5265064],[-122.7307561,45.5265411],[-122.7308984,45.5265765],[-122.7310305,45.5266273],[-122.7311522,45.5266935],[-122.7312851,45.5267671],[-122.7316854,45.5270337],[-122.7319183,45.527174],[-122.7321307,45.5273452],[-122.7322327,45.5274652],[-122.7322811,45.5276014],[-122.7324043,45.528003],[-122.732466,45.5282076],[-122.7325278,45.5284122],[-122.7326515,45.528829],[-122.7328247,45.5291153],[-122.7329732,45.5293182],[-122.7331413,45.5294674],[-122.733364,45.5296231],[-122.7336187,45.529763],[-122.7338394,45.5298654],[-122.7341799,45.5299807],[-122.7345402,45.5300423],[-122.7352146,45.5300901],[-122.7358017,45.5301244],[-122.7360413,45.5301502],[-122.7362489,45.5301919],[-122.7363804,45.5302275],[-122.7365122,45.5302706],[-122.7366554,45.5303288],[-122.7369209,45.5304685],[-122.7379437,45.5311421],[-122.7382556,45.5313647],[-122.7385804,45.5316404],[-122.7390858,45.5321107],[-122.7392874,45.5322821],[-122.7394453,45.5324467],[-122.7396164,45.5326721],[-122.7397893,45.5329507],[-122.7402243,45.5338645],[-122.7404012,45.5342498],[-122.7404362,45.5343177],[-122.7404932,45.5343929],[-122.7407176,45.5345943],[-122.7403747,45.535005],[-122.7403289,45.5355318],[-122.7402133,45.5356332],[-122.7401608,45.5356799],[-122.7401191,45.5357265],[-122.7400771,45.5357654],[-122.7400246,45.5358122],[-122.7399829,45.5358587],[-122.7399412,45.5359053],[-122.7398995,45.5359518],[-122.7398578,45.5359984],[-122.739817,45.5360678],[-122.7394047,45.5360682],[-122.7385153,45.5360779],[-122.736216,45.5360999],[-122.7362138,45.5366335],[-122.7362128,45.5371976],[-122.7374388,45.5371965],[-122.737438,45.537471],[-122.7374367,45.5377301],[-122.7374315,45.53818],[-122.7374348,45.5382714],[-122.7374362,45.5383095],[-122.7374335,45.5388278],[-122.7376507,45.5388312],[-122.7376627,45.5391588],[-122.7376579,45.5402107],[-122.7380007,45.5400897],[-122.7385044,45.5399198],[-122.7388951,45.5402171],[-122.7392079,45.5404625],[-122.7396765,45.5408116],[-122.7409252,45.5414275],[-122.7414174,45.5415323],[-122.7414108,45.541944],[-122.7419572,45.5423449],[-122.7428252,45.5423432],[-122.7432129,45.542854],[-122.7435779,45.5433347],[-122.7434831,45.5434128],[-122.7436385,45.5435088],[-122.744015,45.5437149],[-122.7441021,45.5437208],[-122.7441771,45.5436965],[-122.7441757,45.5436584],[-122.7441943,45.5435742],[-122.7443586,45.5424352],[-122.7447216,45.5419784],[-122.7447713,45.5418555],[-122.7447905,45.5417865],[-122.7450341,45.5419189],[-122.7454051,45.5422699],[-122.7454387,45.5422998],[-122.7456106,45.5425479],[-122.7457592,45.5427508],[-122.7463399,45.5426099],[-122.7465657,45.5425521],[-122.746582,45.542407],[-122.7466445,45.5420399],[-122.7467598,45.5419309],[-122.746791,45.5418922],[-122.7468535,45.5418223],[-122.7470073,45.5418727],[-122.7471599,45.5418926],[-122.7473662,45.5418962],[-122.747897,45.5418705],[-122.7480382,45.5418754],[-122.7481475,45.5418961],[-122.7482567,45.5419168],[-122.7483891,45.5419752],[-122.7488427,45.5422103],[-122.7489533,45.5422691],[-122.7489876,45.5423141],[-122.7490223,45.5423744],[-122.7490685,45.5424497],[-122.7492809,45.5432078],[-122.7492843,45.5432992],[-122.749266,45.5433911],[-122.7492251,45.5434605],[-122.7491195,45.5435388],[-122.7485672,45.5438621],[-122.7485143,45.5439013],[-122.7484729,45.5439554],[-122.7484652,45.5440394],[-122.7485002,45.5441073],[-122.7485453,45.5441522],[-122.7486777,45.5442106],[-122.7482998,45.5442637],[-122.7478897,45.5443251],[-122.7477602,45.5443429],[-122.7476412,45.5443528],[-122.7475327,45.544355],[-122.7474023,45.5443499],[-122.7472828,45.5443446],[-122.7471955,45.5443311],[-122.7470756,45.5443182],[-122.7469992,45.5443044],[-122.7467584,45.5442482],[-122.7465384,45.5441686],[-122.7463279,45.5440508],[-122.7461388,45.5439249],[-122.7455692,45.5434863],[-122.7454694,45.5434273],[-122.7453818,45.5434061],[-122.7452403,45.5433937],[-122.745111,45.5434191],[-122.7450256,45.5434588],[-122.7449409,45.5435139],[-122.7445745,45.5438793],[-122.7444689,45.5439576],[-122.7443304,45.5440289],[-122.7441689,45.5440625],[-122.7439734,45.5440587],[-122.7438533,45.5440382],[-122.7436331,45.543951],[-122.742803,45.5435099],[-122.7425377,45.5433779],[-122.7422941,45.5432454],[-122.7421384,45.5431418],[-122.7402569,45.5418446],[-122.7401289,45.542495],[-122.7400119,45.5425582],[-122.7398526,45.5426528],[-122.7396713,45.5427402],[-122.7394144,45.5428367],[-122.7391792,45.5429327],[-122.738988,45.5430432],[-122.7387013,45.5432165],[-122.738425,45.5433743],[-122.7381998,45.5434473],[-122.7379746,45.5435203],[-122.7376396,45.5435573],[-122.7374889,45.5435907],[-122.7372765,45.5437168],[-122.7370835,45.5437816],[-122.7369534,45.5437841],[-122.7367174,45.5438573],[-122.7361999,45.5439512],[-122.7353497,45.5441431],[-122.7352663,45.5442362],[-122.7351829,45.5443293],[-122.7350047,45.5445005],[-122.7347943,45.5446799],[-122.7346366,45.5448201],[-122.7344456,45.5449382],[-122.7343505,45.5450086],[-122.734224,45.5451102],[-122.7341187,45.5451961],[-122.7340025,45.5452822],[-122.7338548,45.5453994],[-122.7337072,45.5455166],[-122.7335807,45.5456182],[-122.7334773,45.5457574],[-122.7333942,45.5458581],[-122.7333322,45.5459431],[-122.7332599,45.5460436],[-122.733187,45.5461289],[-122.7330911,45.5461765],[-122.7330058,45.5462163],[-122.7328904,45.5463252],[-122.7328376,45.5463644],[-122.7327636,45.5464191],[-122.7326048,45.5465289],[-122.7323299,45.5467248],[-122.7320652,45.5469053],[-122.7319262,45.5469614],[-122.7318416,45.547024],[-122.7317032,45.5470953],[-122.7315441,45.5471975],[-122.7314902,45.5472061],[-122.7313845,45.5472844],[-122.7310993,45.5474957],[-122.7309502,45.5475749],[-122.7308971,45.5476064],[-122.730737,45.5476781],[-122.7305893,45.5477953],[-122.7304739,45.5479043],[-122.7303808,45.548028],[-122.7302332,45.5481452],[-122.7301706,45.548215],[-122.7300249,45.5483855],[-122.7298052,45.5486109],[-122.7296348,45.548698],[-122.7295072,45.5487691],[-122.7293904,45.54884],[-122.7292525,45.5489265],[-122.7292002,45.5489808],[-122.7291173,45.5490892],[-122.7290234,45.5491901],[-122.7288323,45.5493081],[-122.7286738,45.5494255],[-122.7285259,45.5495351],[-122.7283666,45.5496297],[-122.728029,45.5498954],[-122.727947,45.5500265],[-122.7282056,45.5502731],[-122.7266181,45.5522704],[-122.7252197,45.5517182],[-122.7235158,45.5538015],[-122.7233286,45.5540262],[-122.7233619,45.5608931],[-122.7225179,45.5603682]]]}},{"type":"Feature","properties":{"boundary_id":"current-elementary-12","school_name":null,"review_status":"unverified"},"geometry":{"type":"Polygon","coordinates":[[[-122.7019694,45.5771503],[-122.7012745,45.5771483],[-122.7008294,45.5771492],[-122.7002647,45.5771447],[-122.6997111,45.5771477],[-122.6991247,45.5771436],[-122.6987121,45.5771439],[-122.6979849,45.5771501],[-122.6977025,45.5771479],[-122.6973117,45.5771477],[-122.697051,45.5771451],[-122.6963019,45.5771441],[-122.6952923,45.5771481],[-122.6946625,45.5771449],[-122.6942716,45.5771447],[-122.693251,45.5771413],[-122.6922303,45.5771379],[-122.6917309,45.5771397],[-122.6912099,45.577142],[-122.6906997,45.5771441],[-122.6901786,45.5771464],[-122.6899071,45.5771439],[-122.6896681,45.5771408],[-122.6893752,45.5771464],[-122.6891471,45.5771431],[-122.6888433,45.5771489],[-122.6886369,45.5771452],[-122.6883006,45.5771516],[-122.6881158,45.5771475],[-122.6877684,45.5771465],[-122.6876056,45.5771495],[-122.6872259,45.5771568],[-122.6866718,45.5771444],[-122.6860531,45.5771485],[-122.6855968,45.5771419],[-122.685043,45.5771372],[-122.6845219,45.5771395],[-122.6840226,45.5771413],[-122.683013,45.5771452],[-122.6819926,45.5771493],[-122.6818082,45.5771528],[-122.6799862,45.5772101],[-122.6796279,45.5772093],[-122.6785321,45.57723],[-122.6785521,45.5747527],[-122.6785668,45.5730376],[-122.6785803,45.572199],[-122.6785761,45.5717799],[-122.6779898,45.5717758],[-122.6775119,45.5717695],[-122.6765786,45.5717796],[-122.6756774,45.5717737],[-122.6746676,45.57177],[-122.6736034,45.5717596],[-122.6726042,45.5717479],[-122.6715725,45.5717369],[-122.6715622,45.5720572],[-122.6705739,45.5720453],[-122.6695967,45.5720409],[-122.6685867,45.5720294],[-122.6686005,45.5718082],[-122.6675691,45.5718047],[-122.6666247,45.5718073],[-122.6661254,45.571809],[-122.6656044,45.5718112],[-122.6650614,45.5718062],[-122.6641387,45.5718083],[-122.6641389,45.5699792],[-122.6645297,45.5699795],[-122.6645382,45.5689962],[-122.6645475,45.5677309],[-122.6645669,45.5664425],[-122.6645754,45.5651544],[-122.6651183,45.5651594],[-122.6656501,45.565157],[-122.6661822,45.5651623],[-122.6667251,45.5651673],[-122.6672569,45.5651649],[-122.6677998,45.5651699],[-122.6686139,45.5651698],[-122.6694717,45.5651765],[-122.6700035,45.5651741],[-122.6705467,45.5651867],[-122.6710785,45.5651843],[-122.6711948,45.5650983],[-122.6715856,45.5650985],[-122.6715878,45.5651594],[-122.6715905,45.5652356],[-122.6715818,45.5652967],[-122.6715845,45.5653729],[-122.6715867,45.5654338],[-122.6715691,45.5655485],[-122.671613,45.5655629],[-122.6727309,45.565557],[-122.6737511,45.565553],[-122.6747604,45.5655492],[-122.6757807,45.5655451],[-122.6767792,45.5655415],[-122.6779732,45.5655418],[-122.6779503,45.5664187],[-122.678558,45.5664148],[-122.6789705,45.5664146],[-122.6799907,45.5664105],[-122.6810001,45.5664066],[-122.6812699,45.5663634],[-122.6814107,45.5663531],[-122.681584,45.5663422],[-122.6819094,45.566336],[-122.6821261,45.5663243],[-122.6822237,45.5663225],[-122.6838956,45.5663288],[-122.6846015,45.5663383],[-122.686252,45.5663527],[-122.6865343,45.566355],[-122.687327,45.5663628],[-122.6884563,45.5663718],[-122.6890966,45.5663672],[-122.6900083,45.5663651],[-122.690247,45.5663606],[-122.6912677,45.5663716],[-122.6923536,45.5663814],[-122.6933849,45.5663846],[-122.6944054,45.566388],[-122.6954151,45.5663916],[-122.6964356,45.566395],[-122.6974453,45.5663986],[-122.6982488,45.5664061],[-122.6984549,45.5664022],[-122.6990738,45.5664056],[-122.6991746,45.5673945],[-122.6991934,45.5682173],[-122.6993208,45.5687408],[-122.6994545,45.5691345],[-122.6996323,45.5695503],[-122.6996567,45.5696261],[-122.6996541,45.5698548],[-122.6996686,45.5699536],[-122.6997234,45.5699678],[-122.6997893,45.5699894],[-122.6998338,45.570019],[-122.6998902,45.5700789],[-122.7003199,45.5708558],[-122.7004931,45.5711421],[-122.7006079,45.5713152],[-122.700733,45.5714728],[-122.7015691,45.5723791],[-122.7017715,45.5725734],[-122.7018497,45.5726329],[-122.7022634,45.5729679],[-122.7024197,45.5730869],[-122.7026197,45.5732126],[-122.7026231,45.5736089],[-122.702628,45.5746454],[-122.7026184,45.5758803],[-122.7026171,45.5770464],[-122.7025664,45.5771465],[-122.7019694,45.5771503]]]}},{"type":"Feature","properties":{"boundary_id":"current-elementary-13","school_name":null,"review_status":"unverified"},"geometry":{"type":"Polygon","coordinates":[[[-122.5767687,45.4902606],[-122.5767608,45.4909847],[-122.5767869,45.4911138],[-122.5767903,45.4915328],[-122.5786119,45.4915377],[-122.5787602,45.491436],[-122.5787505,45.4921067],[-122.5787409,45.4927775],[-122.5787318,45.4934634],[-122.5787334,45.4938292],[-122.5787335,45.4941492],[-122.5787243,45.4948352],[-122.5787152,45.4955211],[-122.5787061,45.4962071],[-122.5786861,45.4968933],[-122.5786789,45.4973201],[-122.578672,45.4974346],[-122.578665,45.4985015],[-122.5786671,45.4985624],[-122.578667,45.4991949],[-122.5786532,45.5000638],[-122.5786545,45.5001019],[-122.5786366,45.5005289],[-122.5786461,45.5014432],[-122.5786382,45.5021672],[-122.5786273,45.5027999],[-122.5786163,45.5034326],[-122.5786242,45.5039811],[-122.5786228,45.5045754],[-122.5786215,45.5048574],[-122.5786004,45.5083706],[-122.5786054,45.5091554],[-122.5785948,45.5101157],[-122.5785981,45.5108472],[-122.5785902,45.5112512],[-122.578593,45.5113349],[-122.5786,45.5115406],[-122.5786153,45.5119899],[-122.5786239,45.5122412],[-122.5786328,45.5125001],[-122.5786356,45.5125839],[-122.5786379,45.5126524],[-122.5786455,45.5128732],[-122.5786681,45.5135358],[-122.5787013,45.5141905],[-122.5787688,45.515218],[-122.5787785,45.5154997],[-122.5788958,45.5176693],[-122.5789321,45.5184154],[-122.5789682,45.5191539],[-122.5779593,45.5191493],[-122.5771239,45.5191416],[-122.5739127,45.5191236],[-122.5738366,45.5191174],[-122.5728819,45.5191118],[-122.5719272,45.5191063],[-122.5712438,45.5191034],[-122.5686427,45.5191657],[-122.5686402,45.5190895],[-122.5686494,45.5184035],[-122.5661547,45.5184029],[-122.5651139,45.518414],[-122.5649513,45.518417],[-122.5646369,45.5184226],[-122.5644307,45.5184187],[-122.5644292,45.5183731],[-122.5644214,45.5171845],[-122.5644013,45.5143503],[-122.5644013,45.5140303],[-122.5636418,45.5140211],[-122.5636509,45.5139676],[-122.5636948,45.5123819],[-122.5637366,45.5110553],[-122.5637229,45.5109717],[-122.5637201,45.510888],[-122.563732,45.5105982],[-122.5637358,45.5103924],[-122.5637364,45.5100876],[-122.5637446,45.5100113],[-122.5637418,45.5099275],[-122.5637609,45.5085708],[-122.5637674,45.5084412],[-122.5637676,45.5081287],[-122.5637803,45.5075418],[-122.5648651,45.5075527],[-122.5672084,45.5075789],[-122.5672626,45.5075779],[-122.5672602,45.5071894],[-122.567268,45.5070978],[-122.5672646,45.5057187],[-122.5672764,45.5044688],[-122.5653995,45.5044418],[-122.5650196,45.5044334],[-122.5637396,45.5044184],[-122.563175,45.5043981],[-122.5626651,45.5043921],[-122.5623839,45.5044124],[-122.5594976,45.5043578],[-122.5574251,45.5043189],[-122.5564159,45.504299],[-122.5563075,45.5043009],[-122.5553854,45.504287],[-122.554561,45.504279],[-122.553726,45.5042787],[-122.5533025,45.5042635],[-122.552923,45.5042627],[-122.5529307,45.5041711],[-122.5529332,45.5035996],[-122.5529436,45.5029441],[-122.5529463,45.5027002],[-122.5529532,45.5025858],[-122.5529546,45.5023039],[-122.5529564,45.5020372],[-122.5530431,45.5020356],[-122.5530621,45.5000237],[-122.5530549,45.4998104],[-122.5530609,45.4996656],[-122.5560971,45.4996719],[-122.5571165,45.4996764],[-122.5578214,45.499679],[-122.5581684,45.4996803],[-122.5581809,45.4987657],[-122.5581911,45.4981026],[-122.5582043,45.4975309],[-122.55821,45.4970584],[-122.5590999,45.4970805],[-122.5636448,45.4971356],[-122.5638076,45.4971403],[-122.5638094,45.4968735],[-122.5638151,45.496401],[-122.564119,45.4964107],[-122.5644446,45.4964201],[-122.5645682,45.4959073],[-122.5647023,45.4953868],[-122.5647258,45.4951196],[-122.5648468,45.4938907],[-122.5648896,45.4935546],[-122.564499,45.4935464],[-122.5640114,45.4935553],[-122.5633825,45.4935514],[-122.5617876,45.4935192],[-122.5616032,45.493515],[-122.5611692,45.4935075],[-122.5606917,45.4934933],[-122.5606048,45.4934873],[-122.5606231,45.4933879],[-122.5607464,45.4931875],[-122.5607872,45.4931106],[-122.5608171,45.4930339],[-122.5608237,45.4916241],[-122.5607473,45.4916102],[-122.5603242,45.4916026],[-122.559847,45.491596],[-122.5596733,45.4915915],[-122.559185,45.4915775],[-122.5583713,45.4915617],[-122.5582844,45.4915556],[-122.5583124,45.4898178],[-122.560873,45.4898783],[-122.5620231,45.4899032],[-122.5621969,45.4899153],[-122.5634228,45.4899389],[-122.563922,45.4899527],[-122.565137,45.4899764],[-122.5654409,45.4899862],[-122.565734,45.4899961],[-122.5660593,45.4899978],[-122.5662004,45.4900029],[-122.5663309,45.4900158],[-122.5665915,45.4900263],[-122.5669059,45.4900282],[-122.568576,45.4900437],[-122.5688907,45.4900532],[-122.5704528,45.4900782],[-122.5713967,45.4900992],[-122.5720805,45.4901249],[-122.5723953,45.4901344],[-122.5732094,45.4901653],[-122.5734481,45.4901686],[-122.5738928,45.4901758],[-122.5740233,45.4901886],[-122.5749368,45.4902711],[-122.5757714,45.4902635],[-122.5767687,45.4902606]]]}},{"type":"Feature","properties":{"boundary_id":"current-elementary-14","school_name":null,"review_status":"unverified"},"geometry":{"type":"Polygon","coordinates":[[[-122.6109556,45.5050879],[-122.6109636,45.504379],[-122.6109642,45.5034569],[-122.6109778,45.5016582],[-122.6109979,45.5016121],[-122.6108996,45.5015911],[-122.6100213,45.5015921],[-122.6091972,45.501592],[-122.6089889,45.5015273],[-122.6089943,45.5013672],[-122.6090007,45.5003002],[-122.6090077,45.498936],[-122.6090169,45.4976327],[-122.6090232,45.497503],[-122.608015,45.4975064],[-122.6070498,45.4975013],[-122.6060304,45.4974973],[-122.6050222,45.4975006],[-122.6044582,45.4974958],[-122.6040459,45.4974881],[-122.6034171,45.4974921],[-122.6030485,45.4974913],[-122.6028968,45.4974941],[-122.6018557,45.4974904],[-122.6004027,45.4974866],[-122.5993616,45.4974829],[-122.5985051,45.4974834],[-122.5983206,45.4974792],[-122.597811,45.4974809],[-122.597551,45.4974857],[-122.5972906,45.4974828],[-122.59677,45.4974771],[-122.5965855,45.4974729],[-122.5962604,45.4974789],[-122.5956098,45.4974756],[-122.5952302,45.4974749],[-122.5952562,45.4957065],[-122.5952827,45.4939534],[-122.5953369,45.4939524],[-122.5957922,45.4939516],[-122.5963129,45.4939573],[-122.5968226,45.4939632],[-122.597343,45.4939613],[-122.5978528,45.4939671],[-122.5983623,45.4939654],[-122.5988829,45.4939711],[-122.5994033,45.4939691],[-122.5994089,45.4938166],[-122.599411,45.4935651],[-122.5994178,45.4931306],[-122.599425,45.4927114],[-122.5994267,45.4924446],[-122.5994247,45.4920713],[-122.599452,45.4916059],[-122.599431,45.4909967],[-122.5995022,45.4908582],[-122.5984006,45.4903526],[-122.5985293,45.4903122],[-122.6013262,45.4903064],[-122.6056735,45.4903025],[-122.6067686,45.4903052],[-122.6078529,45.490308],[-122.6088721,45.490312],[-122.6089916,45.4903175],[-122.6099892,45.4903219],[-122.6101628,45.4903263],[-122.6109648,45.4903191],[-122.6119404,45.4903163],[-122.6129164,45.4903211],[-122.613892,45.4903183],[-122.6148676,45.4903154],[-122.6158433,45.4903126],[-122.6168189,45.4903097],[-122.6178057,45.4903143],[-122.6189766,45.4903154],[-122.618979,45.4910089],[-122.6189595,45.4916951],[-122.6189587,45.4919847],[-122.6189505,45.4923735],[-122.6189529,45.4927545],[-122.6189432,45.4930976],[-122.6190137,45.4932563],[-122.6192011,45.4933443],[-122.6226274,45.4933492],[-122.6226309,45.4940731],[-122.6226228,45.4947744],[-122.622625,45.4960851],[-122.6227445,45.4960905],[-122.623883,45.4960922],[-122.6241,45.4960958],[-122.6242414,45.4961084],[-122.6243505,45.4961292],[-122.6244377,45.4961428],[-122.6246132,45.4962005],[-122.6247998,45.4962657],[-122.6248551,45.4962951],[-122.6256686,45.4966153],[-122.6257566,45.4966518],[-122.6258023,45.4967195],[-122.6258693,45.497084],[-122.626183,45.497063],[-122.626191,45.4976039],[-122.6261948,45.4983354],[-122.6261999,45.499105],[-122.6285527,45.4990993],[-122.6285448,45.4991833],[-122.6285452,45.4998158],[-122.626203,45.4998137],[-122.6261954,45.5005302],[-122.6238207,45.5005286],[-122.6225953,45.5005285],[-122.6225872,45.5012298],[-122.6225799,45.5019539],[-122.6225829,45.5026626],[-122.6225753,45.503379],[-122.6225783,45.5040877],[-122.6225926,45.5048114],[-122.621432,45.5048025],[-122.6203258,45.5048001],[-122.6198054,45.5048022],[-122.6195347,45.5048148],[-122.6194052,45.5048325],[-122.6193193,45.5048569],[-122.6192336,45.504889],[-122.6188414,45.5051477],[-122.6187243,45.5052109],[-122.6186167,45.5052357],[-122.6184875,45.505261],[-122.6183254,45.5052792],[-122.6180006,45.5052929],[-122.6170792,45.5053023],[-122.6161033,45.5053051],[-122.6151274,45.505308],[-122.6140648,45.5053124],[-122.6131648,45.5053138],[-122.6129264,45.5053182],[-122.611983,45.5053204],[-122.611083,45.5053217],[-122.6110375,45.5052616],[-122.6109916,45.5051863],[-122.6109686,45.5051486],[-122.6109556,45.5050879]]]}},{"type":"Feature","properties":{"boundary_id":"current-elementary-15","school_name":null,"review_status":"unverified"},"geometry":{"type":"Polygon","coordinates":[[[-122.627376,45.4793528],[-122.6271577,45.4793112],[-122.6270156,45.4792757],[-122.6268192,45.4792413],[-122.6265801,45.4792229],[-122.6263851,45.4792265],[-122.6259516,45.479227],[-122.6236424,45.4792167],[-122.6226883,45.4792116],[-122.6216692,45.4792077],[-122.6206179,45.479212],[-122.6206247,45.4784727],[-122.6206324,45.4777562],[-122.6206291,45.4770399],[-122.620637,45.476331],[-122.6206565,45.4747074],[-122.6212525,45.474704],[-122.6212178,45.4737063],[-122.6212149,45.4736225],[-122.6212053,45.4733484],[-122.6212114,45.4732111],[-122.6212048,45.4730207],[-122.6212019,45.4729369],[-122.6211966,45.4727846],[-122.6212032,45.4726625],[-122.6211033,45.4725958],[-122.6210985,45.4724587],[-122.6210892,45.4718797],[-122.6210879,45.4712167],[-122.6210611,45.4704475],[-122.621058,45.4703561],[-122.6210545,45.4702571],[-122.6211628,45.4702551],[-122.6211723,45.4702168],[-122.6211707,45.4701711],[-122.6211652,45.4700112],[-122.6211612,45.469897],[-122.6211673,45.4697597],[-122.6211577,45.4694855],[-122.621159,45.4692111],[-122.621154,45.4690664],[-122.6211556,45.4687997],[-122.6211463,45.4685331],[-122.6211516,45.468373],[-122.6211426,45.4681141],[-122.6211439,45.4678397],[-122.6211391,45.4677026],[-122.6211404,45.4674282],[-122.6211391,45.4673902],[-122.6211309,45.4671541],[-122.6211261,45.467017],[-122.6211274,45.4667426],[-122.6211242,45.4666512],[-122.6210268,45.466653],[-122.6209293,45.4666549],[-122.620929,45.4663348],[-122.6209195,45.4660606],[-122.6210169,45.4660588],[-122.6210156,45.4660207],[-122.6210182,45.4657844],[-122.6210135,45.4656473],[-122.621004,45.4653732],[-122.620917,45.4653672],[-122.6209078,45.4651006],[-122.6209059,45.4650473],[-122.6209815,45.4650383],[-122.6225743,45.4650314],[-122.6225721,45.4643456],[-122.622552,45.4634544],[-122.6225607,45.4633932],[-122.622537,45.4614656],[-122.6227971,45.4614684],[-122.6232198,45.4614681],[-122.6233172,45.4614663],[-122.6247803,45.4614695],[-122.6249322,45.4614742],[-122.6254522,45.4614722],[-122.6255172,45.4614709],[-122.6259073,45.4614713],[-122.6262758,45.461472],[-122.6263516,45.4614706],[-122.6267745,45.4614779],[-122.6269261,45.4614751],[-122.6278472,45.4614731],[-122.6282592,45.4614807],[-122.6305458,45.4614836],[-122.6326156,45.4614829],[-122.6330057,45.4614832],[-122.6367338,45.4614895],[-122.6388579,45.4614953],[-122.6393455,45.4614938],[-122.6400825,45.4614951],[-122.6404729,45.461503],[-122.6405703,45.4615012],[-122.6407003,45.4614988],[-122.6415017,45.4614837],[-122.6414877,45.4601579],[-122.6413527,45.458781],[-122.6413505,45.4587201],[-122.6424223,45.4586923],[-122.6432345,45.458677],[-122.6435921,45.4586779],[-122.644015,45.4586851],[-122.6450887,45.4587106],[-122.6469848,45.4587053],[-122.6469522,45.4583935],[-122.6469079,45.458059],[-122.6466199,45.4557247],[-122.6526103,45.4553676],[-122.6526642,45.455359],[-122.6526934,45.4555718],[-122.6530005,45.4581344],[-122.6530288,45.4583244],[-122.6530935,45.4583155],[-122.6559914,45.4581387],[-122.6570621,45.4580803],[-122.6572242,45.4580696],[-122.6575919,45.4580474],[-122.6581539,45.4580062],[-122.6584677,45.4579926],[-122.6610555,45.457631],[-122.6624452,45.4592356],[-122.6631666,45.460327],[-122.6639342,45.4615013],[-122.6640967,45.4614983],[-122.6646062,45.4615038],[-122.6649951,45.4629978],[-122.6651787,45.463284],[-122.6653284,45.4635326],[-122.6655939,45.4642973],[-122.663925,45.4642986],[-122.662245,45.4642924],[-122.6615527,45.4643284],[-122.6614553,45.4643303],[-122.6610762,45.4643375],[-122.6601007,45.4643331],[-122.659093,45.464337],[-122.6580744,45.4643411],[-122.6570664,45.4643373],[-122.6550724,45.464337],[-122.6530892,45.4643364],[-122.6510951,45.464336],[-122.6491011,45.4643355],[-122.6471287,45.4643347],[-122.6451346,45.4643342],[-122.6432489,45.4643316],[-122.6431514,45.4643334],[-122.6419049,45.4643264],[-122.6416338,45.4643239],[-122.6414489,45.4643045],[-122.6413401,45.4642913],[-122.6412746,45.4642773],[-122.6411325,45.4642418],[-122.6409246,45.4641848],[-122.6407827,45.464157],[-122.6406194,45.4641372],[-122.6404676,45.4641324],[-122.6401965,45.4641299],[-122.6399805,45.4641492],[-122.639678,45.4641777],[-122.639149,45.4642334],[-122.638771,45.464271],[-122.6385438,45.4642829],[-122.6383816,45.4642936],[-122.6375583,45.4643014],[-122.6372659,45.4643069],[-122.637741,45.4664242],[-122.6385125,45.4698849],[-122.6389267,45.4718053],[-122.6395992,45.4742924],[-122.6393611,45.4743044],[-122.6384848,45.4743514],[-122.6377163,45.474381],[-122.6365132,45.4743807],[-122.6361016,45.4743885],[-122.6360257,45.4743899],[-122.6358524,45.4743931],[-122.6356905,45.4744114],[-122.6354638,45.4744385],[-122.6351843,45.4745047],[-122.6350129,45.4745613],[-122.6348097,45.4746413],[-122.6346399,45.4747436],[-122.6344923,45.4748606],[-122.634439,45.475197],[-122.6344638,45.4752879],[-122.6345104,45.4753785],[-122.6346132,45.475529],[-122.6347284,45.475725],[-122.6347998,45.4759066],[-122.6348276,45.4760813],[-122.6348266,45.4763633],[-122.6348317,45.476508],[-122.6348151,45.4766531],[-122.6347877,45.4767984],[-122.6347277,45.4769444],[-122.6346356,45.4770985],[-122.6345833,45.4771528],[-122.6343641,45.4773932],[-122.6342795,45.4774557],[-122.6341739,45.4775339],[-122.6341118,45.4776189],[-122.6340603,45.4776961],[-122.6340627,45.4777646],[-122.6340754,45.4778177],[-122.6341222,45.4779159],[-122.6342015,45.4780135],[-122.6344221,45.4781237],[-122.6345548,45.4781974],[-122.6346452,45.4783024],[-122.6346925,45.4784159],[-122.6346838,45.478477],[-122.6346542,45.4785614],[-122.6346136,45.4786384],[-122.6345621,45.4787155],[-122.6344884,45.4787779],[-122.6344036,45.4788328],[-122.634058,45.4788698],[-122.633541,45.4789633],[-122.6331965,45.4790307],[-122.6331109,45.4790628],[-122.6327902,45.4791907],[-122.6326184,45.4792396],[-122.632489,45.4792573],[-122.6323595,45.479275],[-122.6321748,45.4792632],[-122.6319455,45.4792141],[-122.6317597,45.4791719],[-122.6314981,45.479131],[-122.6313787,45.4791257],[-122.6311293,45.4791227],[-122.6309776,45.4791255],[-122.6306537,45.4791621],[-122.6304165,45.479197],[-122.6302656,45.4792227],[-122.6298976,45.4792372],[-122.6297129,45.4792254],[-122.6295607,45.479213],[-122.6294518,45.4791998],[-122.629343,45.4791866],[-122.629213,45.479189],[-122.6290391,45.479177],[-122.6289525,45.4791786],[-122.6288552,45.479188],[-122.6287261,45.4792133],[-122.6286185,45.4792382],[-122.6285432,45.4792548],[-122.6282632,45.4793058],[-122.627907,45.4793505],[-122.6275931,45.479364],[-122.627376,45.4793528]]]}},{"type":"Feature","properties":{"boundary_id":"current-elementary-16","school_name":null,"review_status":"unverified"},"geometry":{"type":"Polygon","coordinates":[[[-122.7790569,45.5699413],[-122.7744491,45.5698113],[-122.7744475,45.569476],[-122.7744044,45.5662828],[-122.7743491,45.5627622],[-122.77301,45.5617824],[-122.7729318,45.561723],[-122.7707344,45.5601351],[-122.7635952,45.5549476],[-122.7636371,45.5519815],[-122.7636401,45.5514783],[-122.7636569,45.5507614],[-122.7636704,45.5496635],[-122.763684,45.5485656],[-122.7636873,45.54807],[-122.7636962,45.5480165],[-122.7628283,45.548026],[-122.7586733,45.548062],[-122.7584564,45.5480663],[-122.7548222,45.5480996],[-122.7536613,45.5481071],[-122.7518929,45.5481189],[-122.7507211,45.5481267],[-122.7486379,45.548137],[-122.7472276,45.5481493],[-122.747235,45.5477604],[-122.7472406,45.5461444],[-122.747245,45.545382],[-122.7472574,45.544833],[-122.7472533,45.544429],[-122.7472828,45.5443446],[-122.7474023,45.5443499],[-122.7475327,45.544355],[-122.7476412,45.5443528],[-122.7477602,45.5443429],[-122.7478897,45.5443251],[-122.7482998,45.5442637],[-122.7486777,45.5442106],[-122.7485453,45.5441522],[-122.7485002,45.5441073],[-122.7484652,45.5440394],[-122.7484729,45.5439554],[-122.7485143,45.5439013],[-122.7485672,45.5438621],[-122.7491195,45.5435388],[-122.7492251,45.5434605],[-122.749266,45.5433911],[-122.7492843,45.5432992],[-122.7492809,45.5432078],[-122.7490685,45.5424497],[-122.7490223,45.5423744],[-122.7489876,45.5423141],[-122.7489533,45.5422691],[-122.7488427,45.5422103],[-122.7483891,45.5419752],[-122.7482567,45.5419168],[-122.7481475,45.5418961],[-122.7480382,45.5418754],[-122.747897,45.5418705],[-122.7473662,45.5418962],[-122.7471599,45.5418926],[-122.7470073,45.5418727],[-122.7468535,45.5418223],[-122.746791,45.5418922],[-122.7467598,45.5419309],[-122.7466445,45.5420399],[-122.746582,45.542407],[-122.7465657,45.5425521],[-122.7463399,45.5426099],[-122.7457592,45.5427508],[-122.7456106,45.5425479],[-122.7454387,45.5422998],[-122.7454051,45.5422699],[-122.7450341,45.5419189],[-122.7447905,45.5417865],[-122.7447713,45.5418555],[-122.7447216,45.5419784],[-122.7443586,45.5424352],[-122.7441943,45.5435742],[-122.7441757,45.5436584],[-122.7441771,45.5436965],[-122.7441021,45.5437208],[-122.744015,45.5437149],[-122.7436385,45.5435088],[-122.7434831,45.5434128],[-122.7435779,45.5433347],[-122.7432129,45.542854],[-122.7428252,45.5423432],[-122.7419572,45.5423449],[-122.7414108,45.541944],[-122.7414174,45.5415323],[-122.7409252,45.5414275],[-122.7396765,45.5408116],[-122.7392079,45.5404625],[-122.7388951,45.5402171],[-122.7385044,45.5399198],[-122.7380007,45.5400897],[-122.7376579,45.5402107],[-122.7376627,45.5391588],[-122.7376507,45.5388312],[-122.7374335,45.5388278],[-122.7374362,45.5383095],[-122.7374348,45.5382714],[-122.7374315,45.53818],[-122.7374367,45.5377301],[-122.737438,45.537471],[-122.7374388,45.5371965],[-122.7362128,45.5371976],[-122.7362138,45.5366335],[-122.736216,45.5360999],[-122.7385153,45.5360779],[-122.7394047,45.5360682],[-122.739817,45.5360678],[-122.7398578,45.5359984],[-122.7398995,45.5359518],[-122.7399412,45.5359053],[-122.7399829,45.5358587],[-122.7400246,45.5358122],[-122.7400771,45.5357654],[-122.7401191,45.5357265],[-122.7401608,45.5356799],[-122.7402133,45.5356332],[-122.7403289,45.5355318],[-122.7403747,45.535005],[-122.7407176,45.5345943],[-122.7404932,45.5343929],[-122.7404362,45.5343177],[-122.7404012,45.5342498],[-122.7402243,45.5338645],[-122.7397893,45.5329507],[-122.7396164,45.5326721],[-122.7394453,45.5324467],[-122.7392874,45.5322821],[-122.7390858,45.5321107],[-122.7385804,45.5316404],[-122.7382556,45.5313647],[-122.7379437,45.5311421],[-122.7369209,45.5304685],[-122.7366554,45.5303288],[-122.7365122,45.5302706],[-122.7363804,45.5302275],[-122.7362489,45.5301919],[-122.7360413,45.5301502],[-122.7358017,45.5301244],[-122.7352146,45.5300901],[-122.7345402,45.5300423],[-122.7341799,45.5299807],[-122.7338394,45.5298654],[-122.7336187,45.529763],[-122.733364,45.5296231],[-122.7331413,45.5294674],[-122.7329732,45.5293182],[-122.7328247,45.5291153],[-122.7326515,45.528829],[-122.7325278,45.5284122],[-122.732466,45.5282076],[-122.7324043,45.528003],[-122.7322811,45.5276014],[-122.7322327,45.5274652],[-122.7321307,45.5273452],[-122.7319183,45.527174],[-122.7316854,45.5270337],[-122.7312851,45.5267671],[-122.7311522,45.5266935],[-122.7310305,45.5266273],[-122.7308984,45.5265765],[-122.7307561,45.5265411],[-122.7305813,45.5265064],[-122.730397,45.52651],[-122.730213,45.5265212],[-122.7297154,45.5265614],[-122.7288507,45.5266468],[-122.7284615,45.5266849],[-122.7284597,45.5206938],[-122.7282821,45.5205829],[-122.7283207,45.5204526],[-122.7283613,45.5200783],[-122.728421,45.5199323],[-122.7286673,45.5195464],[-122.7286734,45.5194167],[-122.7287476,45.5193695],[-122.7289716,45.5192661],[-122.7291528,45.5191787],[-122.729334,45.5190913],[-122.7296325,45.5189483],[-122.7299863,45.5188347],[-122.7302442,45.5187687],[-122.7306647,45.5186995],[-122.730924,45.5186716],[-122.7312055,45.5186585],[-122.731521,45.5186829],[-122.7316191,45.5186962],[-122.7317172,45.5187095],[-122.7318153,45.5187229],[-122.7335527,45.5190701],[-122.7350833,45.5193985],[-122.7359908,45.5195942],[-122.7363496,45.5196177],[-122.7366534,45.5196194],[-122.7369241,45.5196065],[-122.7374199,45.5195205],[-122.7384173,45.5192114],[-122.7388995,45.5190495],[-122.7409688,45.5183916],[-122.7414918,45.5181603],[-122.7438613,45.5177023],[-122.7438568,45.5187619],[-122.7438548,45.5195928],[-122.7438381,45.5212015],[-122.7438411,45.5212853],[-122.7438345,45.5213998],[-122.7438269,45.5220783],[-122.7438198,45.5224748],[-122.7438237,45.5225815],[-122.7438216,45.5231151],[-122.744158,45.5231161],[-122.7445051,45.5231169],[-122.7446029,45.5231226],[-122.7448851,45.5231247],[-122.7450368,45.5231218],[-122.7452973,45.5231243],[-122.7455141,45.52312],[-122.7458395,45.5231213],[-122.7472173,45.5231247],[-122.7474778,45.5231272],[-122.7480745,45.5231308],[-122.7489965,45.5231279],[-122.750613,45.5231343],[-122.7511989,45.523138],[-122.7518174,45.5231411],[-122.7520775,45.523136],[-122.7541713,45.5231406],[-122.7552453,45.5231423],[-122.7563954,45.5231501],[-122.7568835,45.5231481],[-122.7578491,45.523152],[-122.7580009,45.523149],[-122.7585326,45.5231538],[-122.7588906,45.5231543],[-122.7593136,45.5231536],[-122.7593124,45.5234128],[-122.759315,45.5237786],[-122.7593171,45.5244189],[-122.7593192,45.5247695],[-122.7593171,45.5250059],[-122.7593144,45.525227],[-122.7593143,45.5255166],[-122.7593163,45.5267439],[-122.7596201,45.5267455],[-122.7618225,45.5267478],[-122.7620612,45.5267507],[-122.7620514,45.527071],[-122.7620469,45.5275361],[-122.7625893,45.527533],[-122.7631641,45.5275293],[-122.7631553,45.5281698],[-122.7631518,45.5292447],[-122.7631362,45.5297024],[-122.7631396,45.5297938],[-122.7634654,45.5298026],[-122.7634673,45.5298559],[-122.7634486,45.5311064],[-122.7634409,45.5311904],[-122.7644177,45.5312016],[-122.7644123,45.5313466],[-122.7644134,45.531377],[-122.766019,45.5313758],[-122.7660248,45.5338683],[-122.7662633,45.5338636],[-122.7666214,45.5338642],[-122.7670119,45.5338641],[-122.7674784,45.5338625],[-122.7677061,45.533858],[-122.7697888,45.5338473],[-122.7712641,45.5338409],[-122.7726741,45.5338282],[-122.772772,45.5338339],[-122.7737914,45.5338213],[-122.7741278,45.5338223],[-122.7746376,45.5338198],[-122.7747135,45.5338183],[-122.7747357,45.5323771],[-122.7747341,45.5320417],[-122.7747307,45.5319503],[-122.7747137,45.5309139],[-122.7747347,45.5303113],[-122.774778,45.5303105],[-122.7796613,45.530343],[-122.7798893,45.5303461],[-122.7798616,45.5307659],[-122.7797987,45.5319869],[-122.7797921,45.5321014],[-122.7797901,45.5323377],[-122.7797864,45.5325284],[-122.7797798,45.5329325],[-122.7797726,45.5330318],[-122.7797622,45.5339162],[-122.7816079,45.5339481],[-122.7819229,45.5339571],[-122.7822921,45.533965],[-122.7823463,45.5339639],[-122.7826396,45.5339734],[-122.7848435,45.5340133],[-122.7848141,45.5355462],[-122.7847984,45.5359962],[-122.7847981,45.5362783],[-122.7847924,45.5364156],[-122.7847921,45.5366977],[-122.7847867,45.5368426],[-122.7847799,45.5372392],[-122.7847696,45.5375443],[-122.7847727,45.5376281],[-122.7847747,45.5376814],[-122.784767,45.5380551],[-122.7847593,45.5384288],[-122.7847576,45.5386728],[-122.784747,45.5389703],[-122.7847456,45.5392219],[-122.7847379,45.5393059],[-122.7847361,45.5395498],[-122.784733,45.5397557],[-122.7847301,45.5399692],[-122.7847276,45.5401904],[-122.784725,45.5404115],[-122.7847224,45.5406326],[-122.7847196,45.5408461],[-122.7847164,45.541052],[-122.7847127,45.5412426],[-122.7847084,45.5417077],[-122.7847127,45.5421117],[-122.7847098,45.5423252],[-122.7834403,45.5423276],[-122.782366,45.5423261],[-122.7824682,45.542446],[-122.7826274,45.542641],[-122.7827863,45.5428285],[-122.7829449,45.5430083],[-122.7830591,45.5431584],[-122.783422,45.5435781],[-122.7832511,45.5436501],[-122.7829518,45.5437704],[-122.7827594,45.5438505],[-122.7824247,45.5436056],[-122.7821062,45.5440845],[-122.7815053,45.5436848],[-122.7800707,45.5427528],[-122.7795594,45.5424276],[-122.7798075,45.5432612],[-122.7800152,45.5438821],[-122.7804936,45.5453591],[-122.7805544,45.5455333],[-122.7806865,45.5458737],[-122.7808057,45.546161],[-122.7806973,45.5461631],[-122.7803834,45.5461846],[-122.7801773,45.5461887],[-122.7800227,45.5461155],[-122.7789155,45.5455277],[-122.7784727,45.5452925],[-122.7773108,45.5446905],[-122.7768079,45.5451731],[-122.7783462,45.5459735],[-122.7784127,45.5460103],[-122.7783276,45.5483827],[-122.7793373,45.5483932],[-122.779424,45.5483915],[-122.7795978,45.5483956],[-122.7812367,45.5484012],[-122.7814864,45.5484039],[-122.781812,45.548405],[-122.7821268,45.5484064],[-122.7824307,45.548408],[-122.7826262,45.5484117],[-122.7830169,45.5484116],[-122.7846018,45.5484258],[-122.7846994,45.5484239],[-122.78469,45.5484622],[-122.7846937,45.5485612],[-122.7846988,45.5495673],[-122.7847008,45.5499103],[-122.7847011,45.5502076],[-122.7846951,45.5509167],[-122.7846951,45.5517857],[-122.7847005,45.5522201],[-122.7846956,45.55267],[-122.7847073,45.5538513],[-122.7847084,45.5541715],[-122.7847013,45.5557191],[-122.7827884,45.5565194],[-122.7823623,45.5567337],[-122.7809851,45.5576377],[-122.7794873,45.5570576],[-122.7795019,45.5591917],[-122.7794996,45.5594204],[-122.779514,45.5609676],[-122.7795174,45.561059],[-122.7795313,45.562591],[-122.7795301,45.5628502],[-122.7795372,45.5636199],[-122.77954,45.5636961],[-122.7795426,45.5637647],[-122.7795414,45.5640239],[-122.7795479,45.5641991],[-122.779576,45.5664016],[-122.7796219,45.5693736],[-122.7796327,45.5699527],[-122.7790569,45.5699413]]]}},{"type":"Feature","properties":{"boundary_id":"current-elementary-17","school_name":null,"review_status":"unverified"},"geometry":{"type":"Polygon","coordinates":[[[-122.5918277,45.5231336],[-122.591849,45.5221731],[-122.5915286,45.5220037],[-122.5913859,45.5219529],[-122.5911334,45.5218661],[-122.5908035,45.521735],[-122.5897895,45.5212658],[-122.5888522,45.520818],[-122.5880467,45.5204212],[-122.5879799,45.5203691],[-122.5881074,45.5202906],[-122.5883678,45.5202935],[-122.5884968,45.5202606],[-122.5885489,45.5201987],[-122.5885577,45.5201376],[-122.5885342,45.5200847],[-122.5884996,45.5200244],[-122.5884758,45.5199638],[-122.5884634,45.5199183],[-122.5884742,45.5192857],[-122.5885589,45.5192232],[-122.5892968,45.5192326],[-122.5895894,45.5192272],[-122.5901753,45.5192318],[-122.5908696,45.5192343],[-122.5911517,45.5192368],[-122.591347,45.5192408],[-122.592128,45.5192418],[-122.5921324,45.5174739],[-122.5921252,45.5169482],[-122.5921316,45.5161861],[-122.5921254,45.5156909],[-122.5921879,45.5156135],[-122.5920742,45.5154632],[-122.5919413,45.5153818],[-122.5917859,45.5152779],[-122.5915176,45.5150466],[-122.5913147,45.5148217],[-122.5912463,45.5147239],[-122.5910862,45.514483],[-122.5909449,45.5141579],[-122.5908506,45.5139386],[-122.5907658,45.5136811],[-122.5907139,45.5134306],[-122.5906732,45.5131951],[-122.5906747,45.5129208],[-122.5906856,45.5126081],[-122.5906677,45.5124027],[-122.590597,45.5122364],[-122.5905246,45.5120243],[-122.5904758,45.5118652],[-122.5904114,45.5115692],[-122.5904454,45.5112942],[-122.5904907,45.5110343],[-122.5905582,45.5107892],[-122.5906427,45.5104067],[-122.5907646,45.5101682],[-122.5911881,45.5095509],[-122.5916311,45.5088722],[-122.5918067,45.5086175],[-122.5919435,45.5084931],[-122.5920915,45.5083837],[-122.5924054,45.5080503],[-122.5924417,45.5072114],[-122.5933092,45.5072107],[-122.593526,45.5072068],[-122.5936452,45.5072046],[-122.5937647,45.50721],[-122.5949357,45.5072038],[-122.5951307,45.5072002],[-122.5954995,45.5072011],[-122.5976784,45.5071764],[-122.5977103,45.5081055],[-122.5977137,45.5082045],[-122.5977047,45.508258],[-122.5976741,45.5083119],[-122.5976323,45.5083584],[-122.5975376,45.5084439],[-122.5974221,45.5085527],[-122.5973821,45.5086525],[-122.5973641,45.5087596],[-122.5974003,45.5088656],[-122.5974693,45.5089786],[-122.5975483,45.5090686],[-122.5975617,45.5091446],[-122.5975543,45.5092438],[-122.5976238,45.509372],[-122.5976375,45.5094556],[-122.5976396,45.5095165],[-122.5976314,45.5095929],[-122.5976123,45.5096694],[-122.5976041,45.5097458],[-122.5976067,45.5098219],[-122.5976411,45.5098747],[-122.5979456,45.5098996],[-122.5981298,45.5098962],[-122.598336,45.5099],[-122.5985311,45.5098964],[-122.5987156,45.5099007],[-122.5989215,45.5098969],[-122.5991169,45.5099009],[-122.599312,45.5098973],[-122.5993662,45.5098964],[-122.5995073,45.5099014],[-122.5997024,45.5098978],[-122.5998978,45.5099018],[-122.6000928,45.5098983],[-122.6002882,45.5099023],[-122.6004833,45.5098987],[-122.6006786,45.5099027],[-122.6008737,45.5098992],[-122.6010691,45.5099032],[-122.6016548,45.5099077],[-122.6017521,45.5098983],[-122.6018003,45.5119244],[-122.6026777,45.511893],[-122.6035223,45.5118546],[-122.6044755,45.5118219],[-122.6045837,45.5118123],[-122.6046704,45.5118107],[-122.605266,45.5117845],[-122.6055475,45.5117717],[-122.6065872,45.5117297],[-122.6066736,45.5117204],[-122.6067188,45.511773],[-122.6067119,45.5118874],[-122.6067169,45.5120321],[-122.6082896,45.5120336],[-122.6091136,45.512026],[-122.6102635,45.5120353],[-122.6113262,45.5120309],[-122.6114124,45.5120141],[-122.6114763,45.5119824],[-122.61154,45.5119432],[-122.6115057,45.5118905],[-122.611465,45.5113425],[-122.6114212,45.5107032],[-122.6113771,45.5100563],[-122.611333,45.5094094],[-122.6112892,45.50877],[-122.6112313,45.5080395],[-122.6112092,45.5073998],[-122.6111963,45.5067142],[-122.6111725,45.5060288],[-122.6111668,45.5055488],[-122.611083,45.5053217],[-122.611983,45.5053204],[-122.6129264,45.5053182],[-122.6131648,45.5053138],[-122.6140648,45.5053124],[-122.6151274,45.505308],[-122.6161033,45.5053051],[-122.6170792,45.5053023],[-122.6180006,45.5052929],[-122.6183254,45.5052792],[-122.6184875,45.505261],[-122.6186167,45.5052357],[-122.6187243,45.5052109],[-122.6188414,45.5051477],[-122.6192336,45.504889],[-122.6193193,45.5048569],[-122.6194052,45.5048325],[-122.6195347,45.5048148],[-122.6198054,45.5048022],[-122.6203258,45.5048001],[-122.621432,45.5048025],[-122.6225926,45.5048114],[-122.6225951,45.5055049],[-122.6226189,45.5061903],[-122.6226428,45.5068757],[-122.6226558,45.5075613],[-122.6226738,45.5080792],[-122.6226879,45.5087953],[-122.6227128,45.5095112],[-122.6227489,45.5108594],[-122.6227546,45.5119566],[-122.6227691,45.512063],[-122.6214894,45.5120639],[-122.6211532,45.5120625],[-122.6201336,45.5120586],[-122.6201153,45.512158],[-122.6201191,45.5128895],[-122.6201115,45.513606],[-122.6201036,45.5143148],[-122.6200959,45.5150313],[-122.6193584,45.5150297],[-122.6193547,45.5158605],[-122.6193444,45.5165008],[-122.6193907,45.5165838],[-122.6211046,45.5165901],[-122.6216688,45.5165949],[-122.6227749,45.5165896],[-122.6228926,45.5165417],[-122.6229068,45.5166405],[-122.6229146,45.5171738],[-122.6229392,45.5178821],[-122.6229533,45.5185982],[-122.6229674,45.5193143],[-122.6229608,45.5197488],[-122.6229694,45.5203049],[-122.6229501,45.5209987],[-122.6229537,45.5217226],[-122.6225957,45.5217217],[-122.6226036,45.5216377],[-122.6225962,45.5214244],[-122.6226049,45.5213633],[-122.6224206,45.5213667],[-122.6223122,45.5213687],[-122.6222144,45.5213629],[-122.6220193,45.5213665],[-122.6218239,45.5213625],[-122.6216288,45.5213662],[-122.6214334,45.5213622],[-122.6213358,45.521364],[-122.6212382,45.5213658],[-122.6210429,45.5213618],[-122.6209453,45.5213636],[-122.6208477,45.5213654],[-122.6206524,45.5213614],[-122.620457,45.5213574],[-122.6202619,45.521361],[-122.6200665,45.521357],[-122.619828,45.5213614],[-122.6196979,45.5213638],[-122.6195467,45.5213819],[-122.6194171,45.5213995],[-122.6193418,45.5214161],[-122.6192019,45.5214492],[-122.619116,45.5214737],[-122.6190406,45.5214903],[-122.6189333,45.5215228],[-122.6188582,45.521547],[-122.618772,45.5215638],[-122.6187075,45.5215803],[-122.6186213,45.5215971],[-122.6185349,45.5216063],[-122.6184484,45.5216156],[-122.6183728,45.5216246],[-122.6182863,45.5216338],[-122.6181346,45.5216366],[-122.6180587,45.521638],[-122.6179394,45.5216402],[-122.6177441,45.5216362],[-122.6175489,45.5216398],[-122.6173427,45.521636],[-122.6173335,45.5219943],[-122.616053,45.5219799],[-122.6160715,45.5231379],[-122.6157786,45.5231357],[-122.615594,45.5231315],[-122.6154856,45.5231335],[-122.6153981,45.5231122],[-122.6153108,45.5230986],[-122.6151903,45.5230627],[-122.6150697,45.5230268],[-122.6148949,45.522992],[-122.6148997,45.5237539],[-122.6149021,45.5238225],[-122.6149005,45.5244017],[-122.6133492,45.5243998],[-122.6133516,45.5244683],[-122.6133571,45.5246283],[-122.6133484,45.5246894],[-122.6132292,45.5246916],[-122.6130338,45.5246876],[-122.6128278,45.5246914],[-122.6127733,45.5246848],[-122.6126216,45.5246876],[-122.612617,45.5248705],[-122.6126083,45.5249317],[-122.6126115,45.5250231],[-122.6126141,45.5250992],[-122.6119306,45.5250966],[-122.6119248,45.524929],[-122.6119275,45.5243803],[-122.6101486,45.5243826],[-122.6087711,45.5243851],[-122.6075342,45.5243774],[-122.607435,45.5243335],[-122.6073359,45.5242896],[-122.6062836,45.5242861],[-122.6053291,45.5242884],[-122.6053311,45.5249742],[-122.6053198,45.5255916],[-122.605308,45.5265063],[-122.6046898,45.52651],[-122.6046823,45.5272341],[-122.6047012,45.5277824],[-122.6042073,45.5279287],[-122.6037041,45.5281208],[-122.6030633,45.5284145],[-122.6021361,45.5288964],[-122.6022107,45.5228825],[-122.5984248,45.5228758],[-122.5969375,45.5231545],[-122.5924581,45.5231678],[-122.5918277,45.5231336]]]}},{"type":"Feature","properties":{"boundary_id":"current-elementary-18","school_name":null,"review_status":"unverified"},"geometry":{"type":"Polygon","coordinates":[[[-122.6593595,45.5015849],[-122.6588168,45.5015723],[-122.657786,45.5015537],[-122.6570053,45.5015532],[-122.6567777,45.5015575],[-122.6564846,45.5015478],[-122.6561803,45.5015306],[-122.6557778,45.5014925],[-122.6550675,45.5013382],[-122.6547728,45.5012828],[-122.654205,45.5011716],[-122.6538114,45.5010799],[-122.6533852,45.5009889],[-122.6526419,45.50082],[-122.651132,45.5004369],[-122.6504651,45.5002818],[-122.6497115,45.5001283],[-122.6491434,45.5000094],[-122.6486531,45.4999424],[-122.6477505,45.4998679],[-122.6466409,45.4997668],[-122.6456378,45.4996104],[-122.6446318,45.4993702],[-122.6435581,45.499055],[-122.6430218,45.4989126],[-122.6426052,45.4987833],[-122.6416412,45.4985041],[-122.6406225,45.4982108],[-122.6401731,45.4980744],[-122.6397362,45.4979835],[-122.6396051,45.4979555],[-122.637583,45.4978028],[-122.6375856,45.4991136],[-122.637589,45.4998299],[-122.6375921,45.5005386],[-122.6375955,45.5012549],[-122.6375958,45.5018798],[-122.6375987,45.5019635],[-122.6355709,45.5019634],[-122.6349202,45.5019603],[-122.6335431,45.5019631],[-122.6325345,45.5019591],[-122.6315154,45.5019629],[-122.6305068,45.5019588],[-122.6295307,45.5019541],[-122.6285549,45.5019571],[-122.6285515,45.5012408],[-122.6285485,45.5005321],[-122.6285452,45.4998158],[-122.6285448,45.4991833],[-122.6285527,45.4990993],[-122.6261999,45.499105],[-122.6261948,45.4983354],[-122.626191,45.4976039],[-122.626183,45.497063],[-122.6258693,45.497084],[-122.6258023,45.4967195],[-122.6257566,45.4966518],[-122.6256686,45.4966153],[-122.6248551,45.4962951],[-122.6247998,45.4962657],[-122.6246132,45.4962005],[-122.6244377,45.4961428],[-122.6243505,45.4961292],[-122.6242414,45.4961084],[-122.6241,45.4960958],[-122.623883,45.4960922],[-122.6227445,45.4960905],[-122.622625,45.4960851],[-122.6226228,45.4947744],[-122.6226309,45.4940731],[-122.6226274,45.4933492],[-122.6192011,45.4933443],[-122.6190137,45.4932563],[-122.6189432,45.4930976],[-122.6189529,45.4927545],[-122.6189505,45.4923735],[-122.6189587,45.4919847],[-122.6189595,45.4916951],[-122.618979,45.4910089],[-122.6189766,45.4903154],[-122.6178057,45.4903143],[-122.6178006,45.4898571],[-122.6177906,45.4895677],[-122.617798,45.4888436],[-122.6177969,45.4885007],[-122.6177945,45.4881197],[-122.6195832,45.488117],[-122.6203746,45.4881175],[-122.6204048,45.4880484],[-122.6204349,45.4879793],[-122.6204951,45.487841],[-122.6205252,45.4877718],[-122.6205337,45.4877031],[-122.6205614,45.4875654],[-122.6205675,45.4874281],[-122.6205963,45.486696],[-122.6216479,45.4866993],[-122.6226563,45.4867034],[-122.6226564,45.4854612],[-122.6226532,45.4847449],[-122.6226565,45.4835941],[-122.6226533,45.4835027],[-122.6226614,45.4828015],[-122.6236264,45.4828064],[-122.6236234,45.4820977],[-122.6236205,45.4820139],[-122.623631,45.4813812],[-122.6236451,45.4799177],[-122.6236435,45.4798721],[-122.6236424,45.4792167],[-122.6259516,45.479227],[-122.6263851,45.4792265],[-122.6265801,45.4792229],[-122.6268192,45.4792413],[-122.6270156,45.4792757],[-122.6271577,45.4793112],[-122.627376,45.4793528],[-122.6275931,45.479364],[-122.627907,45.4793505],[-122.6282632,45.4793058],[-122.6285432,45.4792548],[-122.6286185,45.4792382],[-122.6287261,45.4792133],[-122.6288552,45.479188],[-122.6289525,45.4791786],[-122.6290391,45.479177],[-122.629213,45.479189],[-122.629343,45.4791866],[-122.6294518,45.4791998],[-122.6295607,45.479213],[-122.6297129,45.4792254],[-122.6298976,45.4792372],[-122.6302656,45.4792227],[-122.6304165,45.479197],[-122.6306537,45.4791621],[-122.6309776,45.4791255],[-122.6311293,45.4791227],[-122.6313787,45.4791257],[-122.6314981,45.479131],[-122.6317597,45.4791719],[-122.6319455,45.4792141],[-122.6321748,45.4792632],[-122.6323595,45.479275],[-122.632489,45.4792573],[-122.6326184,45.4792396],[-122.6327902,45.4791907],[-122.6331109,45.4790628],[-122.6331965,45.4790307],[-122.633541,45.4789633],[-122.634058,45.4788698],[-122.6344036,45.4788328],[-122.6344884,45.4787779],[-122.6345621,45.4787155],[-122.6346136,45.4786384],[-122.6346542,45.4785614],[-122.6346838,45.478477],[-122.6346925,45.4784159],[-122.6346452,45.4783024],[-122.6345548,45.4781974],[-122.6344221,45.4781237],[-122.6342015,45.4780135],[-122.6341222,45.4779159],[-122.6340754,45.4778177],[-122.6340627,45.4777646],[-122.6340603,45.4776961],[-122.6341118,45.4776189],[-122.6341739,45.4775339],[-122.6342795,45.4774557],[-122.6343641,45.4773932],[-122.6345833,45.4771528],[-122.6346356,45.4770985],[-122.6347277,45.4769444],[-122.6347877,45.4767984],[-122.6348151,45.4766531],[-122.6348317,45.476508],[-122.6348266,45.4763633],[-122.6348276,45.4760813],[-122.6347998,45.4759066],[-122.6347284,45.475725],[-122.6346132,45.475529],[-122.6345104,45.4753785],[-122.6344638,45.4752879],[-122.634439,45.475197],[-122.6344923,45.4748606],[-122.6346399,45.4747436],[-122.6348097,45.4746413],[-122.6350129,45.4745613],[-122.6351843,45.4745047],[-122.6354638,45.4744385],[-122.6356905,45.4744114],[-122.6358524,45.4743931],[-122.6360257,45.4743899],[-122.6361016,45.4743885],[-122.6365132,45.4743807],[-122.6377163,45.474381],[-122.6384848,45.4743514],[-122.6393611,45.4743044],[-122.6395992,45.4742924],[-122.640421,45.4742388],[-122.6407156,45.4755289],[-122.6410483,45.4769782],[-122.641202,45.4776536],[-122.6412272,45.4777522],[-122.641265,45.4779039],[-122.641341,45.478215],[-122.6414058,45.4785186],[-122.6414958,45.4789208],[-122.6415593,45.4791864],[-122.641598,45.4793609],[-122.6416491,45.479581],[-122.6416983,45.4797477],[-122.6417615,45.4800056],[-122.6418224,45.480195],[-122.6419438,45.4805662],[-122.6420636,45.4808916],[-122.6421702,45.4811487],[-122.6423006,45.4814664],[-122.6423355,45.4815343],[-122.6424167,45.4816852],[-122.642533,45.4819116],[-122.6427295,45.4822585],[-122.6427985,45.4823715],[-122.6432226,45.4830266],[-122.6432916,45.4831396],[-122.6434058,45.4833051],[-122.6435528,45.4834777],[-122.6436882,45.4836275],[-122.6438344,45.4837772],[-122.6439692,45.4839119],[-122.6440818,45.4840317],[-122.6442047,45.4841361],[-122.6443385,45.4842402],[-122.6444942,45.4843516],[-122.6447717,45.4845369],[-122.6450817,45.4847216],[-122.6453693,45.4848839],[-122.6455242,45.4849724],[-122.6464172,45.4853977],[-122.6473766,45.4858597],[-122.6483696,45.4863517],[-122.6485237,45.4864174],[-122.6490748,45.4866737],[-122.6494604,45.4868494],[-122.6499682,45.4871065],[-122.6503443,45.4873205],[-122.6507231,45.4876105],[-122.6512149,45.4880281],[-122.6519224,45.4887235],[-122.6697427,45.4852841],[-122.6697882,45.485954],[-122.6696902,45.4865503],[-122.6692538,45.4895233],[-122.6665952,45.4958691],[-122.6665551,45.4959613],[-122.6654599,45.5002348],[-122.6654203,45.500952],[-122.6654176,45.5011807],[-122.662152,45.5014407],[-122.6612217,45.501504],[-122.661157,45.5015128],[-122.6607457,45.5015359],[-122.6606376,45.5015455],[-122.660562,45.5015546],[-122.6601941,45.5015768],[-122.6593595,45.5015849]]]}},{"type":"Feature","properties":{"boundary_id":"current-elementary-19","school_name":null,"review_status":"unverified"},"geometry":{"type":"Polygon","coordinates":[[[-122.7438314,45.4870907],[-122.7410666,45.487084],[-122.7380406,45.4870519],[-122.7375092,45.4870471],[-122.7349075,45.4870523],[-122.7316768,45.4870546],[-122.7288151,45.4870648],[-122.7287065,45.4870593],[-122.7286087,45.4870535],[-122.7285109,45.4870478],[-122.7283915,45.4870425],[-122.7282062,45.4870157],[-122.7281081,45.4870023],[-122.7280098,45.4869814],[-122.7279223,45.4869602],[-122.727824,45.4869393],[-122.7277364,45.4869181],[-122.7276051,45.4868826],[-122.7274517,45.4868398],[-122.7272317,45.4867527],[-122.726835,45.4865775],[-122.726162,45.4862552],[-122.7259092,45.4861611],[-122.7257339,45.4861111],[-122.7255806,45.4860684],[-122.7252528,45.4859985],[-122.7250892,45.4859713],[-122.7245997,45.4859274],[-122.7237944,45.485844],[-122.7236311,45.4858244],[-122.7233047,45.4857926],[-122.7231414,45.4857729],[-122.7224892,45.4857247],[-122.7213361,45.4856175],[-122.72076,45.4855754],[-122.7206836,45.4855616],[-122.7202919,45.4855235],[-122.7199653,45.4854841],[-122.7194525,45.485395],[-122.7192558,45.4853531],[-122.718917,45.4852759],[-122.718742,45.4852335],[-122.7185667,45.4851836],[-122.718392,45.4851489],[-122.7181181,45.4850704],[-122.7178109,45.4849696],[-122.7176901,45.4849262],[-122.7175145,45.4848687],[-122.7173498,45.4848109],[-122.7167668,45.4845783],[-122.7165357,45.4844837],[-122.7163813,45.4844105],[-122.7130086,45.4828829],[-122.7129591,45.4833107],[-122.7129618,45.4833869],[-122.7129557,45.4835166],[-122.7129615,45.4836765],[-122.7129556,45.4838139],[-122.7129636,45.4840347],[-122.7129602,45.4842406],[-122.7129563,45.4844312],[-122.7129363,45.4844774],[-122.7128696,45.4847302],[-122.712871,45.4847683],[-122.7128409,45.4848374],[-122.7125046,45.4848287],[-122.711896,45.4847872],[-122.7117871,45.484774],[-122.7116888,45.4847531],[-122.7116229,45.4847315],[-122.7114879,45.4848942],[-122.7114145,45.4849642],[-122.7113298,45.4850192],[-122.7112126,45.4850748],[-122.7110837,45.4851078],[-122.7105106,45.4851494],[-122.710382,45.48519],[-122.7102075,45.4851629],[-122.7083206,45.4851461],[-122.7081145,45.4851424],[-122.7080378,45.4851211],[-122.7079826,45.4850916],[-122.7079484,45.4850466],[-122.7079504,45.4848026],[-122.7080136,45.4844508],[-122.7080436,45.4843816],[-122.7080842,45.4843046],[-122.7081773,45.4841808],[-122.7082184,45.4841191],[-122.7082901,45.4840034],[-122.708319,45.4839037],[-122.7083379,45.4838271],[-122.7083463,45.4837584],[-122.7083419,45.4836365],[-122.7082825,45.4834928],[-122.7082131,45.4833722],[-122.7081328,45.4832518],[-122.7079613,45.4830036],[-122.7077888,45.4827325],[-122.7077766,45.4826947],[-122.7077641,45.4826492],[-122.7077686,45.4824738],[-122.7077934,45.4822599],[-122.7078122,45.4815812],[-122.7077245,45.4815524],[-122.7076039,45.4815166],[-122.7074831,45.4814732],[-122.7073623,45.4814298],[-122.7072415,45.4813864],[-122.7071204,45.4813354],[-122.7067688,45.481205],[-122.70635,45.4810149],[-122.7056904,45.4807609],[-122.705065,45.480552],[-122.7046706,45.4804377],[-122.7043423,45.4803525],[-122.7039168,45.4802769],[-122.7025748,45.4800361],[-122.7022471,45.4799662],[-122.7021046,45.4799232],[-122.7019727,45.4798724],[-122.7018408,45.4798216],[-122.7017086,45.4797632],[-122.7015764,45.4797048],[-122.7014551,45.4796461],[-122.7013334,45.4795799],[-122.7012224,45.4795058],[-122.7011007,45.4794395],[-122.7009894,45.4793579],[-122.7009003,45.479291],[-122.7007106,45.4791422],[-122.7002777,45.4788609],[-122.7001231,45.4787801],[-122.6999578,45.478707],[-122.6997926,45.478634],[-122.6996276,45.4785686],[-122.6994957,45.4785178],[-122.698633,45.478039],[-122.6983659,45.477846],[-122.6996491,45.4776612],[-122.700468,45.4775234],[-122.7006938,45.4774733],[-122.7007794,45.4774412],[-122.7008861,45.4773934],[-122.7010136,45.4773223],[-122.7011189,45.4772364],[-122.7012242,45.4771506],[-122.7016762,45.4767607],[-122.7023191,45.4762529],[-122.7023827,45.4762136],[-122.7024888,45.4761505],[-122.7026447,45.4759646],[-122.7026463,45.4754081],[-122.7026503,45.4752175],[-122.7026476,45.474242],[-122.7026339,45.4729617],[-122.702625,45.4724131],[-122.7026333,45.4717422],[-122.702636,45.4712162],[-122.7026262,45.4706448],[-122.7026149,45.4697304],[-122.7026171,45.4691892],[-122.7026418,45.4683731],[-122.7026496,45.4682891],[-122.70434,45.4682793],[-122.7051417,45.4682714],[-122.7060523,45.4682766],[-122.7069193,45.4682751],[-122.7070831,45.46831],[-122.7071937,45.4683688],[-122.7076084,45.4687495],[-122.7077306,45.468831],[-122.7082185,45.4688368],[-122.708945,45.4688456],[-122.7090214,45.4688593],[-122.7091205,45.4689031],[-122.7089616,45.4690053],[-122.7086658,45.4692168],[-122.7082219,45.4695303],[-122.7081169,45.4696238],[-122.7080541,45.469686],[-122.7079708,45.4697791],[-122.7078991,45.4698948],[-122.7078588,45.4699795],[-122.7078291,45.4700563],[-122.7078102,45.4701328],[-122.7078018,45.4702016],[-122.7077943,45.4702932],[-122.7077981,45.4706971],[-122.7077999,45.4710477],[-122.7078089,45.4724957],[-122.707817,45.4733187],[-122.7077866,45.4736776],[-122.707787,45.4742873],[-122.7077838,45.4745008],[-122.7077832,45.4747828],[-122.7078008,45.4752703],[-122.7078197,45.4760931],[-122.7095653,45.476105],[-122.70988,45.4761142],[-122.7110073,45.4761152],[-122.71168,45.4761326],[-122.7129701,45.4761381],[-122.7143035,45.4761427],[-122.7149865,45.4761446],[-122.715518,45.4761572],[-122.716093,45.4761689],[-122.7197796,45.4762038],[-122.7211133,45.476216],[-122.7232389,45.4762431],[-122.7244423,45.4762502],[-122.7251797,45.4762586],[-122.7263723,45.4762658],[-122.7273483,45.4762773],[-122.7283892,45.4762874],[-122.7307533,45.4763174],[-122.7310027,45.4763201],[-122.7325967,45.4763347],[-122.7335727,45.476346],[-122.7344075,45.4763525],[-122.7360123,45.4763668],[-122.7386905,45.4763905],[-122.7405881,45.4764065],[-122.7416726,45.4764233],[-122.7437546,45.4764434],[-122.7437825,45.4769078],[-122.743788,45.4779444],[-122.743783,45.4789888],[-122.7437812,45.4804142],[-122.7437913,45.4806884],[-122.7437852,45.4808181],[-122.7437849,45.482579],[-122.743816,45.4857875],[-122.7438199,45.4858941],[-122.7438314,45.4870907]]]}},{"type":"Feature","properties":{"boundary_id":"current-elementary-20","school_name":null,"review_status":"unverified"},"geometry":{"type":"Polygon","coordinates":[[[-122.6575301,45.5482764],[-122.6565533,45.5482719],[-122.656347,45.5482681],[-122.6555764,45.5482674],[-122.6545999,45.5482704],[-122.6543177,45.5482681],[-122.65434,45.5467511],[-122.6543464,45.5460117],[-122.6548453,45.5460024],[-122.6549103,45.5460011],[-122.6552359,45.5460027],[-122.6553555,45.546008],[-122.6553708,45.5452152],[-122.654351,45.5452191],[-122.6533308,45.5452153],[-122.6523215,45.5452114],[-122.6513014,45.5452076],[-122.6502921,45.5452037],[-122.6492716,45.5451923],[-122.648219,45.5451891],[-122.6471663,45.545186],[-122.6461461,45.5451822],[-122.6451368,45.5451782],[-122.6440841,45.545175],[-122.6430206,45.545172],[-122.6420113,45.5451679],[-122.6409589,45.5451723],[-122.6410024,45.5436321],[-122.6410129,45.5420772],[-122.639982,45.5420736],[-122.6389727,45.5420696],[-122.6379852,45.5420651],[-122.6369325,45.5420618],[-122.6365853,45.5420607],[-122.6365876,45.5411995],[-122.6365853,45.5405137],[-122.636592,45.5400868],[-122.6365856,45.5389742],[-122.6365886,45.5378234],[-122.6365871,45.5371605],[-122.6365945,45.536444],[-122.6365914,45.5357353],[-122.6365936,45.5351789],[-122.6365907,45.5344778],[-122.6365553,45.5337774],[-122.6369567,45.5337775],[-122.6369738,45.5333352],[-122.6369753,45.5330684],[-122.6369797,45.5328855],[-122.6369936,45.5323517],[-122.6369983,45.5321764],[-122.6370061,45.5317799],[-122.637016,45.5314444],[-122.6370335,45.5307049],[-122.6370289,45.5305754],[-122.637035,45.5304381],[-122.6422986,45.5301875],[-122.6447572,45.5300729],[-122.6447506,45.530195],[-122.644756,45.5303473],[-122.6447504,45.5308046],[-122.6447523,45.5314753],[-122.6447555,45.5321839],[-122.6447479,45.5328928],[-122.6447406,45.5336094],[-122.6447236,45.5340517],[-122.6447224,45.5343261],[-122.6447256,45.5350348],[-122.6465596,45.5350462],[-122.6483499,45.5350508],[-122.6493699,45.5350545],[-122.6503788,45.5350508],[-122.6513987,45.5350546],[-122.6524079,45.5350585],[-122.6534279,45.5350622],[-122.6544479,45.5350659],[-122.655457,45.5350698],[-122.656477,45.5350735],[-122.6574861,45.5350774],[-122.6585061,45.5350811],[-122.6595261,45.5350847],[-122.660535,45.535081],[-122.6615446,45.5351001],[-122.6625646,45.5351037],[-122.6635738,45.5351075],[-122.6645938,45.5351111],[-122.6645861,45.5358124],[-122.6635769,45.5358086],[-122.663559,45.5365254],[-122.6640797,45.5365232],[-122.6640672,45.5370874],[-122.6615281,45.5370819],[-122.6615261,45.5379431],[-122.6615214,45.5387282],[-122.6615097,45.5390104],[-122.661508,45.5395744],[-122.6615003,45.5399709],[-122.6614948,45.5404282],[-122.661491,45.5409313],[-122.6614926,45.5412818],[-122.6614819,45.5418994],[-122.6614792,45.5421281],[-122.6614726,45.5428598],[-122.6614769,45.5429817],[-122.6614637,45.5438355],[-122.6614667,45.5439193],[-122.6614889,45.5442389],[-122.6614924,45.5446428],[-122.6613422,45.5446914],[-122.6584553,45.5446771],[-122.658453,45.5452258],[-122.6584421,45.5455309],[-122.6584398,45.5463845],[-122.6584353,45.5471772],[-122.6584286,45.5479089],[-122.6584175,45.5482064],[-122.6584527,45.5482819],[-122.6575301,45.5482764]]]}},{"type":"Feature","properties":{"boundary_id":"current-elementary-21","school_name":null,"review_status":"unverified"},"geometry":{"type":"Polygon","coordinates":[[[-122.7368518,45.6043375],[-122.7367852,45.6043007],[-122.7367299,45.6042713],[-122.7366636,45.6042421],[-122.7365971,45.6042052],[-122.7365308,45.604176],[-122.7364646,45.6041468],[-122.7363986,45.6041252],[-122.7363215,45.6040962],[-122.7362556,45.6040746],[-122.7361896,45.6040531],[-122.7361128,45.6040317],[-122.7360468,45.6040101],[-122.73597,45.6039887],[-122.7358935,45.6039749],[-122.7358167,45.6039536],[-122.735751,45.6039396],[-122.7356742,45.6039182],[-122.7355976,45.6039045],[-122.7355211,45.6038907],[-122.7354663,45.6038765],[-122.7354117,45.6038699],[-122.7353349,45.6038486],[-122.7352584,45.6038348],[-122.7351818,45.603821],[-122.7351053,45.6038073],[-122.7350287,45.6037935],[-122.7349522,45.6037797],[-122.7348757,45.603766],[-122.73481,45.603752],[-122.7347335,45.6037382],[-122.7346678,45.6037243],[-122.7346132,45.6037177],[-122.7345367,45.6037039],[-122.7344601,45.6036902],[-122.7343839,45.603684],[-122.7343074,45.6036703],[-122.7342308,45.6036565],[-122.7341546,45.6036503],[-122.7340783,45.6036442],[-122.7340018,45.6036304],[-122.7339255,45.6036243],[-122.7338492,45.6036181],[-122.733773,45.603612],[-122.7336967,45.6036058],[-122.7336096,45.6035999],[-122.7335334,45.6035938],[-122.7334571,45.6035876],[-122.7333808,45.6035815],[-122.7333046,45.6035753],[-122.7332283,45.6035692],[-122.7331521,45.603563],[-122.7330758,45.6035569],[-122.7329887,45.6035509],[-122.7329125,45.6035448],[-122.7328362,45.6035386],[-122.7327599,45.6035325],[-122.7326837,45.6035263],[-122.7326183,45.60352],[-122.7325637,45.6035134],[-122.7324875,45.6035073],[-122.7324112,45.6035011],[-122.732335,45.603495],[-122.7322587,45.6034888],[-122.7321716,45.6034829],[-122.7321173,45.6034839],[-122.7320628,45.6034774],[-122.7319865,45.6034712],[-122.7318994,45.6034653],[-122.7318231,45.6034591],[-122.7317469,45.603453],[-122.7316706,45.6034468],[-122.7315944,45.6034407],[-122.7315398,45.6034341],[-122.7314747,45.6034354],[-122.7313984,45.6034292],[-122.7313222,45.6034231],[-122.7312459,45.6034169],[-122.7311697,45.6034108],[-122.7310931,45.603397],[-122.731006,45.6033911],[-122.7309298,45.6033849],[-122.7308535,45.6033788],[-122.7307773,45.6033726],[-122.730723,45.6033737],[-122.7306576,45.6033673],[-122.7305813,45.6033612],[-122.7305051,45.603355],[-122.7304285,45.6033412],[-122.7303523,45.6033351],[-122.7302757,45.6033213],[-122.7301995,45.6033152],[-122.730123,45.6033014],[-122.7300461,45.60328],[-122.7299805,45.6032661],[-122.7299036,45.6032447],[-122.7298268,45.6032233],[-122.7297609,45.6032017],[-122.7296841,45.6031803],[-122.7296181,45.6031587],[-122.729541,45.6031297],[-122.7294748,45.6031005],[-122.7294085,45.6030713],[-122.7293531,45.6030419],[-122.7292866,45.6030051],[-122.729231,45.602968],[-122.7291753,45.602931],[-122.7291196,45.6028939],[-122.7290531,45.6028571],[-122.7289975,45.6028201],[-122.7289421,45.6027907],[-122.7288975,45.602761],[-122.728853,45.6027314],[-122.7287868,45.6027022],[-122.7287311,45.6026652],[-122.7286755,45.6026281],[-122.7286089,45.6025913],[-122.7285644,45.6025617],[-122.7285202,45.6025396],[-122.7284645,45.6025026],[-122.72842,45.602473],[-122.7283754,45.6024434],[-122.7283201,45.6024139],[-122.7282535,45.6023771],[-122.7281979,45.6023401],[-122.7281422,45.602303],[-122.7280757,45.6022662],[-122.7280203,45.6022368],[-122.7279538,45.6022],[-122.7278981,45.6021629],[-122.7278319,45.6021337],[-122.7277762,45.6020967],[-122.72771,45.6020675],[-122.7276543,45.6020304],[-122.7275881,45.6020012],[-122.7275216,45.6019644],[-122.7274662,45.601935],[-122.7273997,45.6018981],[-122.7273554,45.6018761],[-122.7273003,45.6018543],[-122.7272447,45.6018173],[-122.7271784,45.6017881],[-122.7271122,45.6017589],[-122.727046,45.6017297],[-122.7269797,45.6017004],[-122.7269135,45.6016712],[-122.7268473,45.601642],[-122.7267813,45.6016204],[-122.7267042,45.6015914],[-122.7266383,45.6015698],[-122.7265615,45.6015484],[-122.7264955,45.6015269],[-122.7264187,45.6015055],[-122.7263419,45.6014841],[-122.7262762,45.6014701],[-122.7261994,45.6014487],[-122.7261226,45.6014273],[-122.726046,45.6014136],[-122.7259804,45.6013996],[-122.7259036,45.6013782],[-122.725827,45.6013644],[-122.7257505,45.6013507],[-122.725674,45.6013369],[-122.7255974,45.6013231],[-122.7255212,45.601317],[-122.7254446,45.6013032],[-122.7253684,45.601297],[-122.7252919,45.6012833],[-122.7252156,45.6012771],[-122.7251393,45.601271],[-122.7250631,45.6012648],[-122.724976,45.6012589],[-122.7248997,45.6012527],[-122.7248235,45.6012466],[-122.7247472,45.6012404],[-122.724671,45.6012343],[-122.724595,45.6012357],[-122.7245187,45.6012296],[-122.7244316,45.6012236],[-122.7243557,45.6012251],[-122.7242794,45.6012189],[-122.7242034,45.6012204],[-122.7241275,45.6012219],[-122.7240404,45.6012159],[-122.7239644,45.6012174],[-122.7238884,45.6012188],[-122.7238124,45.6012203],[-122.7237365,45.6012218],[-122.7236496,45.6012234],[-122.7235734,45.6012173],[-122.7234974,45.6012188],[-122.7234214,45.6012202],[-122.7233452,45.6012141],[-122.7232583,45.6012157],[-122.7231821,45.6012096],[-122.7231058,45.6012034],[-122.7230299,45.6012049],[-122.7229536,45.6011987],[-122.7228773,45.6011926],[-122.7228011,45.6011864],[-122.722714,45.6011805],[-122.7226377,45.6011743],[-122.7225615,45.6011682],[-122.7224852,45.601162],[-122.722409,45.6011559],[-122.7223324,45.6011421],[-122.7222562,45.6011359],[-122.7221694,45.6011376],[-122.7220931,45.6011315],[-122.7220169,45.6011253],[-122.7219406,45.6011191],[-122.7218643,45.601113],[-122.7217881,45.6011068],[-122.7217118,45.6011007],[-122.7216247,45.6010947],[-122.7215482,45.601081],[-122.721472,45.6010748],[-122.7213954,45.601061],[-122.7213192,45.6010549],[-122.7212426,45.6010411],[-122.721177,45.6010271],[-122.7211002,45.6010057],[-122.7210236,45.600992],[-122.7209468,45.6009706],[-122.7208811,45.6009566],[-122.7208043,45.6009352],[-122.7207275,45.6009138],[-122.7206616,45.6008922],[-122.7205848,45.6008708],[-122.7205188,45.6008492],[-122.720442,45.6008278],[-122.7203652,45.6008065],[-122.7202992,45.6007849],[-122.7202227,45.6007711],[-122.7201459,45.6007497],[-122.7200799,45.6007281],[-122.7200031,45.6007067],[-122.7199372,45.6006851],[-122.7198607,45.6006713],[-122.7197838,45.6006499],[-122.7197179,45.6006283],[-122.7196411,45.600607],[-122.7195751,45.6005854],[-122.7194983,45.600564],[-122.7194324,45.6005424],[-122.7193775,45.6005282],[-122.7193224,45.6005064],[-122.7192456,45.600485],[-122.7191797,45.6004634],[-122.7191135,45.6004342],[-122.7190472,45.600405],[-122.718981,45.6003757],[-122.7189253,45.6003387],[-122.7188588,45.6003019],[-122.7188032,45.6002648],[-122.7187587,45.6002352],[-122.7194545,45.5996578],[-122.7198449,45.5993454],[-122.720288,45.5989863],[-122.7204884,45.5988224],[-122.7209838,45.5984089],[-122.7213108,45.5981434],[-122.7220383,45.5975426],[-122.7230295,45.5967308],[-122.7231347,45.5966373],[-122.7237253,45.5961533],[-122.7239151,45.5959973],[-122.7242632,45.5957161],[-122.7255179,45.5946859],[-122.7256125,45.5946002],[-122.7258658,45.5943971],[-122.7261084,45.5942019],[-122.726235,45.5941004],[-122.7264983,45.5938742],[-122.7272471,45.5932653],[-122.7280273,45.5926252],[-122.7287758,45.5920086],[-122.7289447,45.5918758],[-122.7291659,45.5916886],[-122.7294188,45.5914779],[-122.7297563,45.5912046],[-122.7301993,45.5908454],[-122.7306208,45.5904942],[-122.7311904,45.5900335],[-122.7315696,45.5897137],[-122.7318119,45.5895108],[-122.7320545,45.5893156],[-122.7324132,45.5890266],[-122.7327712,45.5887224],[-122.733077,45.5884726],[-122.733309,45.5882852],[-122.7334882,45.5881369],[-122.7337414,45.5879338],[-122.7340891,45.587645],[-122.7343843,45.587403],[-122.7347849,45.5870751],[-122.7351432,45.5867785],[-122.7354384,45.5865365],[-122.7356599,45.5863569],[-122.735755,45.5862865],[-122.7360287,45.5860525],[-122.7364291,45.585717],[-122.7368614,45.5853656],[-122.737378,45.584944],[-122.73781,45.584585],[-122.7382003,45.5842725],[-122.7384214,45.5840853],[-122.7386851,45.5838743],[-122.7398231,45.5829299],[-122.7401711,45.5826488],[-122.7403925,45.5824692],[-122.740582,45.5823054],[-122.7407614,45.5821647],[-122.7409828,45.5819851],[-122.7411722,45.5818213],[-122.7414779,45.5815715],[-122.7417204,45.5813762],[-122.7419627,45.5811733],[-122.7422158,45.5809702],[-122.7425847,45.5806658],[-122.7428584,45.5804318],[-122.7431749,45.5801817],[-122.7433434,45.5800412],[-122.7435331,45.5798851],[-122.743786,45.5796743],[-122.7441653,45.579362],[-122.7445764,45.5790263],[-122.7449135,45.5787453],[-122.7452403,45.5784798],[-122.7458302,45.5779881],[-122.7463678,45.5775507],[-122.7464207,45.5775116],[-122.7465155,45.5774335],[-122.7466735,45.5773009],[-122.7474817,45.5777272],[-122.7477472,45.5778592],[-122.7477917,45.5778888],[-122.7495519,45.5788073],[-122.7546254,45.5806519],[-122.7548566,45.5807388],[-122.756397,45.581288],[-122.7599618,45.5825521],[-122.7611711,45.5832449],[-122.7617811,45.5835912],[-122.7622693,45.5838713],[-122.7639442,45.5848217],[-122.766587,45.5869804],[-122.7668334,45.5871813],[-122.7676062,45.5878141],[-122.7655718,45.5888831],[-122.7652414,45.5890497],[-122.7646011,45.5893519],[-122.7640356,45.5896222],[-122.7635129,45.5898764],[-122.7632064,45.5901034],[-122.7630896,45.5901743],[-122.7615318,45.5909214],[-122.7612756,45.5910408],[-122.7606886,45.5913191],[-122.7598455,45.5917167],[-122.7590026,45.592122],[-122.7581594,45.5925196],[-122.7573165,45.5929249],[-122.7572547,45.5930175],[-122.7569457,45.593176],[-122.7565509,45.5933667],[-122.7564229,45.5934302],[-122.7557402,45.5937637],[-122.7552386,45.5940022],[-122.7542785,45.5944706],[-122.7533079,45.594947],[-122.7523261,45.5954158],[-122.7517393,45.5957017],[-122.7513554,45.5958921],[-122.7512591,45.5959321],[-122.7503204,45.5963925],[-122.7500853,45.5964962],[-122.7499353,45.5965525],[-122.7497745,45.596609],[-122.7496668,45.5966339],[-122.7495268,45.5966672],[-122.749408,45.5966847],[-122.7492783,45.5967025],[-122.7491701,45.5967122],[-122.7490182,45.5967152],[-122.7488988,45.5967175],[-122.7487683,45.5967124],[-122.7486158,45.5967002],[-122.7484301,45.5966733],[-122.7482442,45.5966388],[-122.7477074,45.596512],[-122.7467434,45.5962869],[-122.7457794,45.5960617],[-122.7452974,45.5959492],[-122.7448154,45.5958366],[-122.7438622,45.5956112],[-122.7428648,45.5953638],[-122.7419442,45.5951378],[-122.7409803,45.5949126],[-122.740016,45.5946798],[-122.739052,45.5944546],[-122.7380881,45.5942293],[-122.7374413,45.5955453],[-122.736806,45.5968762],[-122.7367159,45.5970838],[-122.7366338,45.597215],[-122.7369004,45.5973775],[-122.7368968,45.5975757],[-122.7369017,45.598597],[-122.7368959,45.5987343],[-122.7368973,45.6002511],[-122.7369004,45.6006322],[-122.7369049,45.6010513],[-122.7368997,45.6012039],[-122.7369052,45.6013562],[-122.7369025,45.6015773],[-122.7368995,45.602088],[-122.7369032,45.6024843],[-122.7368977,45.6029265],[-122.7369022,45.6030484],[-122.7369082,45.6041001],[-122.736896,45.6043595],[-122.7368518,45.6043375]]]}},{"type":"Feature","properties":{"boundary_id":"current-elementary-22","school_name":null,"review_status":"unverified"},"geometry":{"type":"Polygon","coordinates":[[[-122.5532149,45.471409],[-122.5557745,45.4711418],[-122.5557843,45.4707911],[-122.5557813,45.4703797],[-122.5557909,45.4700214],[-122.5558342,45.4700207],[-122.5559859,45.4700179],[-122.5562352,45.470021],[-122.5562894,45.4700201],[-122.5562853,45.4695782],[-122.5558949,45.46957],[-122.5557972,45.4695641],[-122.5558042,45.4691297],[-122.5557993,45.468985],[-122.5563303,45.468983],[-122.5563844,45.468982],[-122.5564608,45.4686759],[-122.5565908,45.4686735],[-122.5565833,45.4684527],[-122.5565759,45.4682319],[-122.5562835,45.4682371],[-122.5559044,45.468244],[-122.5557852,45.4682461],[-122.5557848,45.4679109],[-122.5557925,45.4678193],[-122.5557923,45.4674916],[-122.5562908,45.4674903],[-122.5567137,45.4674979],[-122.556887,45.4674947],[-122.5571905,45.4674969],[-122.5571998,45.467771],[-122.5574056,45.4677673],[-122.5574705,45.4677661],[-122.5574615,45.4674996],[-122.5577648,45.4674941],[-122.5579275,45.4674988],[-122.5583499,45.4674911],[-122.5583481,45.4674378],[-122.5583469,45.4670797],[-122.5583438,45.4666683],[-122.5583498,45.4665234],[-122.5583522,45.4659519],[-122.5583491,45.4655405],[-122.5583561,45.4654261],[-122.5586634,45.4655424],[-122.5589798,45.4656053],[-122.5591108,45.4656334],[-122.5592307,45.4656541],[-122.559251,45.4646479],[-122.5586225,45.4646516],[-122.5576476,45.4646617],[-122.5556973,45.464674],[-122.5539312,45.4646831],[-122.5533678,45.4646856],[-122.5531945,45.4646888],[-122.5531815,45.4610848],[-122.5567576,45.4610888],[-122.5582965,45.4610915],[-122.5590014,45.4611092],[-122.5590772,45.4611078],[-122.5604441,45.4611516],[-122.5606393,45.4611557],[-122.5609539,45.4611653],[-122.5628086,45.4612155],[-122.5632315,45.461223],[-122.5650645,45.4612736],[-122.5651189,45.4612802],[-122.5662468,45.4613055],[-122.5663445,45.4613113],[-122.568102,45.4613708],[-122.5686553,45.4613912],[-122.5687747,45.4613967],[-122.569219,45.4613962],[-122.5693925,45.4614007],[-122.5699887,45.4614051],[-122.570162,45.4614019],[-122.5703788,45.4614056],[-122.5708558,45.4614122],[-122.571181,45.4614139],[-122.5720915,45.4614201],[-122.5728617,45.4614442],[-122.5738046,45.4614499],[-122.5755828,45.4614784],[-122.579096,45.4615438],[-122.5791827,45.4615422],[-122.579092,45.4633346],[-122.5790867,45.4634947],[-122.5790812,45.4642873],[-122.5790882,45.4644929],[-122.5790881,45.4651254],[-122.5790838,45.4669086],[-122.5790767,45.4673355],[-122.5790784,45.4680212],[-122.5790793,45.4686842],[-122.5790849,45.4691641],[-122.5790878,45.469568],[-122.579083,45.4700633],[-122.5790761,45.4704978],[-122.5790946,45.4710385],[-122.5790865,45.472075],[-122.5790832,45.472296],[-122.5779333,45.4722637],[-122.577034,45.4722725],[-122.5770514,45.4740552],[-122.5770471,45.4758384],[-122.5764827,45.4758182],[-122.5758859,45.4757986],[-122.5755388,45.4757897],[-122.5754692,45.4775664],[-122.5754012,45.4793889],[-122.575933,45.4794097],[-122.5758876,45.4806221],[-122.5753779,45.4806161],[-122.5748682,45.4806102],[-122.5748485,45.481624],[-122.5743347,45.4814962],[-122.5732751,45.4812564],[-122.5723114,45.4809691],[-122.5720269,45.4808904],[-122.5713696,45.480689],[-122.5711617,45.4806318],[-122.570811,45.4805163],[-122.569814,45.4802067],[-122.5695731,45.4801349],[-122.5686092,45.47984],[-122.5674823,45.4795328],[-122.567034,45.479419],[-122.5669466,45.4793977],[-122.5668589,45.4793688],[-122.5659722,45.4791106],[-122.5655894,45.4790108],[-122.5647581,45.4787897],[-122.5634561,45.4784323],[-122.5625593,45.4781971],[-122.562384,45.4781393],[-122.5621539,45.4780672],[-122.5619347,45.477995],[-122.5616935,45.4779155],[-122.5609585,45.4776545],[-122.560267,45.4774003],[-122.5583063,45.4774358],[-122.5583133,45.4770013],[-122.5564365,45.4766314],[-122.5557822,45.4765136],[-122.5555532,45.476472],[-122.5555614,45.4763957],[-122.5555531,45.4755043],[-122.5555595,45.4753747],[-122.5557004,45.4753721],[-122.5557653,45.475371],[-122.5557779,45.4722085],[-122.5557863,45.4718122],[-122.5532192,45.4718585],[-122.5532149,45.471409]]]}},{"type":"Feature","properties":{"boundary_id":"current-elementary-23","school_name":null,"review_status":"unverified"},"geometry":{"type":"Polygon","coordinates":[[[-122.6640242,45.5664451],[-122.6634922,45.5664399],[-122.6629495,45.5664425],[-122.6624174,45.5664372],[-122.6618745,45.5664322],[-122.6612231,45.5664292],[-122.6610688,45.5663635],[-122.6602113,45.5663643],[-122.6594511,45.5663557],[-122.6592016,45.5663604],[-122.658192,45.5663565],[-122.6576924,45.5663506],[-122.6571823,45.5663526],[-122.6559226,45.5663381],[-122.6559287,45.5658959],[-122.6559266,45.5655302],[-122.6559352,45.5648517],[-122.6559369,45.5645926],[-122.6559508,45.5640665],[-122.6559586,45.5633652],[-122.6559614,45.5628317],[-122.6559584,45.5627479],[-122.6554375,45.56275],[-122.6549491,45.5627515],[-122.6549461,45.5626678],[-122.6549491,45.5618294],[-122.6539395,45.5618254],[-122.6529191,45.5618217],[-122.6524632,45.5618226],[-122.6524642,45.5612358],[-122.6524644,45.5606261],[-122.6524757,45.5600238],[-122.6515095,45.560019],[-122.6510211,45.5600205],[-122.6506087,45.5600206],[-122.6505108,45.5600148],[-122.6505057,45.5598701],[-122.6505178,45.5592907],[-122.6505225,45.5591153],[-122.6505386,45.557728],[-122.6515481,45.557732],[-122.6515545,45.5572975],[-122.6515659,45.5563904],[-122.6515881,45.555483],[-122.6525651,45.5554876],[-122.653542,45.5554922],[-122.6545189,45.5554967],[-122.6554959,45.5555013],[-122.6564728,45.5555058],[-122.656831,45.5555067],[-122.6574497,45.5555104],[-122.6584264,45.5555073],[-122.6594033,45.5555118],[-122.6603803,45.5555163],[-122.6613897,45.5555202],[-122.6613891,45.5545828],[-122.661399,45.5533327],[-122.66142,45.5520901],[-122.6614292,45.5508172],[-122.6614489,45.5495364],[-122.6616015,45.5495564],[-122.662513,45.5495545],[-122.6635224,45.5495584],[-122.6635236,45.5508158],[-122.6645436,45.5508119],[-122.6645343,45.5520772],[-122.6645355,45.5533346],[-122.664537,45.5545997],[-122.6645166,45.5555528],[-122.6645038,45.5564142],[-122.6644728,45.5576799],[-122.6644374,45.5591286],[-122.6646435,45.5591247],[-122.6646279,45.5605197],[-122.6646137,45.5616479],[-122.6646093,45.5627455],[-122.664585,45.5638967],[-122.6645754,45.5651544],[-122.6645669,45.5664425],[-122.6640242,45.5664451]]]}},{"type":"Feature","properties":{"boundary_id":"current-elementary-24","school_name":null,"review_status":"unverified"},"geometry":{"type":"Polygon","coordinates":[[[-122.5738928,45.4901758],[-122.5734481,45.4901686],[-122.5732094,45.4901653],[-122.5723953,45.4901344],[-122.5720805,45.4901249],[-122.5713967,45.4900992],[-122.5704528,45.4900782],[-122.5688907,45.4900532],[-122.568576,45.4900437],[-122.5669059,45.4900282],[-122.5665915,45.4900263],[-122.5663309,45.4900158],[-122.5662004,45.4900029],[-122.5660593,45.4899978],[-122.565734,45.4899961],[-122.5654409,45.4899862],[-122.565137,45.4899764],[-122.563922,45.4899527],[-122.5634228,45.4899389],[-122.5621969,45.4899153],[-122.5620231,45.4899032],[-122.560873,45.4898783],[-122.5583124,45.4898178],[-122.5570874,45.489817],[-122.555732,45.489811],[-122.5557187,45.489095],[-122.5556212,45.4890967],[-122.5552414,45.4890883],[-122.5550898,45.489091],[-122.5550947,45.4889157],[-122.554466,45.4889194],[-122.5531628,45.4888514],[-122.5531549,45.4882953],[-122.5531611,45.4881581],[-122.5535259,45.4880448],[-122.5539376,45.4880374],[-122.5546751,45.488047],[-122.5548366,45.4880136],[-122.5557364,45.4880126],[-122.5577851,45.4880062],[-122.5583052,45.4879968],[-122.5583006,45.4875397],[-122.5582975,45.4874483],[-122.5582957,45.487075],[-122.5582934,45.4866864],[-122.5582909,45.4866103],[-122.5582922,45.4863283],[-122.5582785,45.4843169],[-122.5582715,45.4841113],[-122.5582697,45.484058],[-122.5582788,45.4840045],[-122.5582682,45.4836923],[-122.5581818,45.4837015],[-122.5580085,45.4837046],[-122.5575971,45.4837196],[-122.5561567,45.4837609],[-122.5544782,45.483814],[-122.5543918,45.4838232],[-122.553146,45.4838456],[-122.5531534,45.4837464],[-122.553152,45.4833807],[-122.5531549,45.4828244],[-122.5529788,45.4827437],[-122.5528134,45.4826629],[-122.5528255,45.4817331],[-122.5528907,45.4817395],[-122.5529016,45.4814193],[-122.5529099,45.4800552],[-122.5529143,45.4798647],[-122.552929,45.478691],[-122.5529285,45.4783557],[-122.5537851,45.4783631],[-122.5548256,45.4783596],[-122.5550966,45.4783623],[-122.556029,45.4783684],[-122.5565276,45.478367],[-122.5571128,45.4783641],[-122.5580993,45.4783691],[-122.5582946,45.4783732],[-122.5583073,45.4781063],[-122.5583006,45.4779083],[-122.5583047,45.4777101],[-122.5583063,45.4774358],[-122.560267,45.4774003],[-122.5609585,45.4776545],[-122.5616935,45.4779155],[-122.5619347,45.477995],[-122.5621539,45.4780672],[-122.562384,45.4781393],[-122.5625593,45.4781971],[-122.5634561,45.4784323],[-122.5647581,45.4787897],[-122.5655894,45.4790108],[-122.5659722,45.4791106],[-122.5668589,45.4793688],[-122.5669466,45.4793977],[-122.567034,45.479419],[-122.5674823,45.4795328],[-122.5686092,45.47984],[-122.5695731,45.4801349],[-122.569814,45.4802067],[-122.570811,45.4805163],[-122.5711617,45.4806318],[-122.5713696,45.480689],[-122.5720269,45.4808904],[-122.5723114,45.4809691],[-122.5732751,45.4812564],[-122.5743347,45.4814962],[-122.5748485,45.481624],[-122.5748357,45.4822033],[-122.5748705,45.4822713],[-122.5743719,45.4822727],[-122.5741228,45.4822773],[-122.5741129,45.4835805],[-122.5741068,45.4840378],[-122.5741051,45.4846246],[-122.5741069,45.4846779],[-122.5741157,45.4849368],[-122.5741117,45.4857751],[-122.5741021,45.4858133],[-122.5740991,45.486362],[-122.5740899,45.4864079],[-122.5740571,45.4879935],[-122.5740383,45.4883977],[-122.5740618,45.4884506],[-122.5740513,45.4890985],[-122.5740351,45.4895788],[-122.5740233,45.4901886],[-122.5738928,45.4901758]]]}},{"type":"Feature","properties":{"boundary_id":"current-elementary-25","school_name":null,"review_status":"unverified"},"geometry":{"type":"Polygon","coordinates":[[[-122.6087436,45.4759345],[-122.6099688,45.4724978],[-122.6100748,45.4718023],[-122.6101096,45.4615291],[-122.6109007,45.4615297],[-122.6115507,45.4615252],[-122.6129266,45.4615149],[-122.6132082,45.4615097],[-122.6152233,45.4614951],[-122.6155807,45.4614885],[-122.6160466,45.4614874],[-122.6165884,45.461485],[-122.6167941,45.4614811],[-122.6169352,45.4614861],[-122.617011,45.4614847],[-122.6190477,45.4614697],[-122.6194917,45.4614614],[-122.6202287,45.4614629],[-122.6206188,45.4614633],[-122.6209223,45.4614652],[-122.6213882,45.4614642],[-122.6217134,45.4614657],[-122.6220491,45.4614595],[-122.6224392,45.4614598],[-122.622537,45.4614656],[-122.6225607,45.4633932],[-122.622552,45.4634544],[-122.6225721,45.4643456],[-122.6225743,45.4650314],[-122.6209815,45.4650383],[-122.6209059,45.4650473],[-122.6209078,45.4651006],[-122.620917,45.4653672],[-122.621004,45.4653732],[-122.6210135,45.4656473],[-122.6210182,45.4657844],[-122.6210156,45.4660207],[-122.6210169,45.4660588],[-122.6209195,45.4660606],[-122.620929,45.4663348],[-122.6209293,45.4666549],[-122.6210268,45.466653],[-122.6211242,45.4666512],[-122.6211274,45.4667426],[-122.6211261,45.467017],[-122.6211309,45.4671541],[-122.6211391,45.4673902],[-122.6211404,45.4674282],[-122.6211391,45.4677026],[-122.6211439,45.4678397],[-122.6211426,45.4681141],[-122.6211516,45.468373],[-122.6211463,45.4685331],[-122.6211556,45.4687997],[-122.621154,45.4690664],[-122.621159,45.4692111],[-122.6211577,45.4694855],[-122.6211673,45.4697597],[-122.6211612,45.469897],[-122.6211652,45.4700112],[-122.6211707,45.4701711],[-122.6211723,45.4702168],[-122.6211628,45.4702551],[-122.6210545,45.4702571],[-122.621058,45.4703561],[-122.6210611,45.4704475],[-122.6210879,45.4712167],[-122.6210892,45.4718797],[-122.6210985,45.4724587],[-122.6211033,45.4725958],[-122.6212032,45.4726625],[-122.6211966,45.4727846],[-122.6212019,45.4729369],[-122.6212048,45.4730207],[-122.6212114,45.4732111],[-122.6212053,45.4733484],[-122.6212149,45.4736225],[-122.6212178,45.4737063],[-122.6212525,45.474704],[-122.6206565,45.4747074],[-122.620637,45.476331],[-122.6206291,45.4770399],[-122.6206324,45.4777562],[-122.6206247,45.4784727],[-122.6206179,45.479212],[-122.6195447,45.4792091],[-122.6185148,45.4792054],[-122.6174957,45.4792015],[-122.6164875,45.4791973],[-122.6154684,45.4791934],[-122.6144605,45.4791968],[-122.6134414,45.4791929],[-122.6124224,45.4791889],[-122.6114141,45.4791847],[-122.6100701,45.4791868],[-122.6088344,45.4791868],[-122.6087474,45.4791807],[-122.6087436,45.4784416],[-122.6087513,45.4777251],[-122.6087437,45.4775043],[-122.6087485,45.4770165],[-122.6087433,45.4765517],[-122.6087454,45.4763002],[-122.6087436,45.4759345]]]}},{"type":"Feature","properties":{"boundary_id":"current-elementary-26","school_name":null,"review_status":"unverified"},"geometry":{"type":"Polygon","coordinates":[[[-122.6512149,45.4880281],[-122.6507231,45.4876105],[-122.6503443,45.4873205],[-122.6499682,45.4871065],[-122.6494604,45.4868494],[-122.6490748,45.4866737],[-122.6485237,45.4864174],[-122.6483696,45.4863517],[-122.6473766,45.4858597],[-122.6464172,45.4853977],[-122.6455242,45.4849724],[-122.6453693,45.4848839],[-122.6450817,45.4847216],[-122.6447717,45.4845369],[-122.6444942,45.4843516],[-122.6443385,45.4842402],[-122.6442047,45.4841361],[-122.6440818,45.4840317],[-122.6439692,45.4839119],[-122.6438344,45.4837772],[-122.6436882,45.4836275],[-122.6435528,45.4834777],[-122.6434058,45.4833051],[-122.6432916,45.4831396],[-122.6432226,45.4830266],[-122.6427985,45.4823715],[-122.6427295,45.4822585],[-122.642533,45.4819116],[-122.6424167,45.4816852],[-122.6423355,45.4815343],[-122.6423006,45.4814664],[-122.6421702,45.4811487],[-122.6420636,45.4808916],[-122.6419438,45.4805662],[-122.6418224,45.480195],[-122.6417615,45.4800056],[-122.6416983,45.4797477],[-122.6416491,45.479581],[-122.641598,45.4793609],[-122.6415593,45.4791864],[-122.6414958,45.4789208],[-122.6414058,45.4785186],[-122.641341,45.478215],[-122.641265,45.4779039],[-122.6412272,45.4777522],[-122.641202,45.4776536],[-122.6410483,45.4769782],[-122.6407156,45.4755289],[-122.640421,45.4742388],[-122.6395992,45.4742924],[-122.6389267,45.4718053],[-122.6385125,45.4698849],[-122.637741,45.4664242],[-122.6372659,45.4643069],[-122.6375583,45.4643014],[-122.6383816,45.4642936],[-122.6385438,45.4642829],[-122.638771,45.464271],[-122.639149,45.4642334],[-122.639678,45.4641777],[-122.6399805,45.4641492],[-122.6401965,45.4641299],[-122.6404676,45.4641324],[-122.6406194,45.4641372],[-122.6407827,45.464157],[-122.6409246,45.4641848],[-122.6411325,45.4642418],[-122.6412746,45.4642773],[-122.6413401,45.4642913],[-122.6414489,45.4643045],[-122.6416338,45.4643239],[-122.6419049,45.4643264],[-122.6431514,45.4643334],[-122.6432489,45.4643316],[-122.6451346,45.4643342],[-122.6471287,45.4643347],[-122.6491011,45.4643355],[-122.6510951,45.464336],[-122.6530892,45.4643364],[-122.6550724,45.464337],[-122.6570664,45.4643373],[-122.6580744,45.4643411],[-122.659093,45.464337],[-122.6601007,45.4643331],[-122.6610762,45.4643375],[-122.6614553,45.4643303],[-122.6615527,45.4643284],[-122.662245,45.4642924],[-122.663925,45.4642986],[-122.6655939,45.4642973],[-122.6660165,45.4655163],[-122.6665548,45.4684709],[-122.6665345,45.4691191],[-122.666528,45.4692411],[-122.6665231,45.4694089],[-122.666455,45.4711555],[-122.6663991,45.47294],[-122.6662591,45.4738801],[-122.6661721,45.4744838],[-122.6659874,45.4756915],[-122.6663239,45.4766226],[-122.6665643,45.4772887],[-122.6679267,45.4787185],[-122.6679717,45.4787634],[-122.6683619,45.4793733],[-122.6690836,45.4804647],[-122.6691348,45.4806847],[-122.6695615,45.4823228],[-122.6695992,45.4827718],[-122.6697427,45.4852841],[-122.6519224,45.4887235],[-122.6512149,45.4880281]]]}},{"type":"Feature","properties":{"boundary_id":"current-elementary-27","school_name":null,"review_status":"unverified"},"geometry":{"type":"Polygon","coordinates":[[[-122.7439545,45.4753951],[-122.7439726,45.475593],[-122.7439533,45.4759516],[-122.7437364,45.4759483],[-122.7437546,45.4764434],[-122.7416726,45.4764233],[-122.7405881,45.4764065],[-122.7386905,45.4763905],[-122.7360123,45.4763668],[-122.7344075,45.4763525],[-122.7335727,45.476346],[-122.7325967,45.4763347],[-122.7310027,45.4763201],[-122.7307533,45.4763174],[-122.7283892,45.4762874],[-122.7273483,45.4762773],[-122.7263723,45.4762658],[-122.7251797,45.4762586],[-122.7244423,45.4762502],[-122.7232389,45.4762431],[-122.7211133,45.476216],[-122.7197796,45.4762038],[-122.716093,45.4761689],[-122.715518,45.4761572],[-122.7149865,45.4761446],[-122.7143035,45.4761427],[-122.7129701,45.4761381],[-122.71168,45.4761326],[-122.7110073,45.4761152],[-122.70988,45.4761142],[-122.7095653,45.476105],[-122.7078197,45.4760931],[-122.7078008,45.4752703],[-122.7077832,45.4747828],[-122.7077838,45.4745008],[-122.707787,45.4742873],[-122.7077866,45.4736776],[-122.707817,45.4733187],[-122.7078089,45.4724957],[-122.7077999,45.4710477],[-122.7077981,45.4706971],[-122.7077943,45.4702932],[-122.7078018,45.4702016],[-122.7078102,45.4701328],[-122.7078291,45.4700563],[-122.7078588,45.4699795],[-122.7078991,45.4698948],[-122.7079708,45.4697791],[-122.7080541,45.469686],[-122.7081169,45.4696238],[-122.7082219,45.4695303],[-122.7086658,45.4692168],[-122.7089616,45.4690053],[-122.7091205,45.4689031],[-122.7090214,45.4688593],[-122.708945,45.4688456],[-122.7082185,45.4688368],[-122.7077306,45.468831],[-122.7076084,45.4687495],[-122.7071937,45.4683688],[-122.7070831,45.46831],[-122.7069193,45.4682751],[-122.7060523,45.4682766],[-122.7051417,45.4682714],[-122.70434,45.4682793],[-122.7026496,45.4682891],[-122.7000595,45.4682935],[-122.7000672,45.4679046],[-122.7000715,45.4674243],[-122.7000782,45.4667077],[-122.7000647,45.4666318],[-122.7000619,45.4665556],[-122.7000383,45.4665027],[-122.700015,45.4664574],[-122.6999806,45.4664047],[-122.6999351,45.4663446],[-122.6998901,45.4662998],[-122.6998238,45.4662629],[-122.6997691,45.4662488],[-122.699703,45.4662195],[-122.6996158,45.466206],[-122.6995181,45.4662003],[-122.6982715,45.4661938],[-122.6981521,45.4661885],[-122.6980213,45.4661682],[-122.69789,45.4661326],[-122.6977692,45.4660892],[-122.6976807,45.4660376],[-122.6976029,45.4659857],[-122.6975463,45.4659182],[-122.6975008,45.4658581],[-122.6980313,45.465543],[-122.698966,45.4650143],[-122.699189,45.464888],[-122.6994121,45.4647618],[-122.7003464,45.4642254],[-122.7013444,45.4636497],[-122.7016096,45.4634921],[-122.7022254,45.4631372],[-122.7027145,45.4628762],[-122.7034783,45.4624194],[-122.7037118,45.4622853],[-122.7048794,45.4616072],[-122.70506,45.4615046],[-122.7052721,45.4613785],[-122.7066105,45.4606285],[-122.7078838,45.4598797],[-122.7078724,45.4607641],[-122.7078741,45.4617092],[-122.7129588,45.4617705],[-122.7148778,45.4617941],[-122.7155826,45.4618033],[-122.7164061,45.4618025],[-122.718173,45.4618138],[-122.7184548,45.461816],[-122.7192242,45.4618162],[-122.7195175,45.4618333],[-122.7199079,45.461841],[-122.7200595,45.461838],[-122.7201464,45.4618439],[-122.7203741,45.4618471],[-122.7206123,45.4618425],[-122.7207101,45.4618482],[-122.7208075,45.4618463],[-122.7210677,45.4618488],[-122.7213387,45.4618512],[-122.7215772,45.4618541],[-122.7218049,45.4618573],[-122.7220218,45.4618607],[-122.722282,45.4618632],[-122.7223578,45.4618618],[-122.7225097,45.4618664],[-122.7227482,45.4618694],[-122.7229759,45.4618726],[-122.7232141,45.4618679],[-122.7232685,45.4618745],[-122.7232657,45.4623928],[-122.7233118,45.4627654],[-122.7232843,45.4629032],[-122.7232756,45.4641534],[-122.7232803,45.465472],[-122.7234091,45.465439],[-122.7235277,45.4654214],[-122.7236141,45.4654121],[-122.723744,45.4654096],[-122.7242641,45.465407],[-122.7252397,45.4654108],[-122.7255865,45.4654117],[-122.7256729,45.4654024],[-122.7257481,45.4653857],[-122.7258125,45.4653692],[-122.7259086,45.4653292],[-122.726025,45.4652507],[-122.726509,45.4648525],[-122.7265817,45.4647672],[-122.7266226,45.4646978],[-122.726642,45.4646364],[-122.7266503,45.4645677],[-122.7266481,45.4645067],[-122.7266234,45.4644234],[-122.7265773,45.4643481],[-122.7264509,45.4641523],[-122.7263013,45.4639114],[-122.7262655,45.4638206],[-122.7262527,45.4637675],[-122.7262505,45.4637065],[-122.7262805,45.4636374],[-122.7263213,45.463568],[-122.7263626,45.4635138],[-122.7264368,45.4634666],[-122.7265645,45.4634031],[-122.7266934,45.4633701],[-122.726823,45.46336],[-122.7269427,45.4633729],[-122.7270413,45.4634014],[-122.7279413,45.4637116],[-122.728523,45.4639136],[-122.7287765,45.4640306],[-122.7289879,45.4641789],[-122.7293011,45.4644472],[-122.7293683,45.4645069],[-122.7295013,45.4645881],[-122.729786,45.4646664],[-122.7299603,45.4646935],[-122.730112,45.4646905],[-122.7302414,45.4646727],[-122.7303702,45.4646397],[-122.7310139,45.4644594],[-122.7311852,45.4644027],[-122.7313574,45.4643688],[-122.7314759,45.4643512],[-122.7315734,45.4643493],[-122.7316597,45.46434],[-122.7317578,45.4643533],[-122.7319758,45.4643872],[-122.7324898,45.4645143],[-122.7334303,45.4647474],[-122.7344142,45.4649796],[-122.7352559,45.4651766],[-122.73543,45.465196],[-122.7355388,45.4652091],[-122.7356469,45.4651994],[-122.7357763,45.4651816],[-122.7361528,45.4651056],[-122.736927,45.4649379],[-122.7370783,45.4649273],[-122.7372083,45.4649248],[-122.7373279,45.4649377],[-122.7375565,45.4649637],[-122.7378395,45.4649962],[-122.739156,45.465138],[-122.7412454,45.4653713],[-122.7437991,45.4655574],[-122.7438024,45.4656488],[-122.7438058,45.4657402],[-122.7438001,45.4664721],[-122.7438002,45.4667693],[-122.7437997,45.4670514],[-122.7437901,45.4673793],[-122.7437954,45.4675241],[-122.7437891,45.4676462],[-122.743781,45.4686068],[-122.7437831,45.4692547],[-122.7437771,45.4693844],[-122.743781,45.469491],[-122.7437763,45.4696588],[-122.743783,45.4698416],[-122.7437803,45.4700627],[-122.7437816,45.4718692],[-122.743785,45.4719607],[-122.7437839,45.4722275],[-122.74378,45.4730051],[-122.743785,45.4731422],[-122.7437773,45.4732262],[-122.7437795,45.4732871],[-122.743778,45.4747202],[-122.7437614,45.475155],[-122.743815,45.4751387],[-122.7450518,45.4751677],[-122.7450662,45.4752665],[-122.7450676,45.4753046],[-122.7450607,45.4754115],[-122.744963,45.4754058],[-122.7448983,45.4754147],[-122.7448897,45.4754758],[-122.744617,45.4757251],[-122.7445623,45.4757109],[-122.7445187,45.4757042],[-122.7444754,45.475705],[-122.7443886,45.4754094],[-122.7439545,45.4753951]]]}},{"type":"Feature","properties":{"boundary_id":"current-elementary-28","school_name":null,"review_status":"unverified"},"geometry":{"type":"Polygon","coordinates":[[[-122.7437991,45.4655574],[-122.7412454,45.4653713],[-122.739156,45.465138],[-122.7378395,45.4649962],[-122.7375565,45.4649637],[-122.7373279,45.4649377],[-122.7372083,45.4649248],[-122.7370783,45.4649273],[-122.736927,45.4649379],[-122.7361528,45.4651056],[-122.7357763,45.4651816],[-122.7356469,45.4651994],[-122.7355388,45.4652091],[-122.73543,45.465196],[-122.7352559,45.4651766],[-122.7344142,45.4649796],[-122.7334303,45.4647474],[-122.7324898,45.4645143],[-122.7319758,45.4643872],[-122.7317578,45.4643533],[-122.7316597,45.46434],[-122.7315734,45.4643493],[-122.7314759,45.4643512],[-122.7313574,45.4643688],[-122.7311852,45.4644027],[-122.7310139,45.4644594],[-122.7303702,45.4646397],[-122.7302414,45.4646727],[-122.730112,45.4646905],[-122.7299603,45.4646935],[-122.729786,45.4646664],[-122.7295013,45.4645881],[-122.7293683,45.4645069],[-122.7293011,45.4644472],[-122.7289879,45.4641789],[-122.7287765,45.4640306],[-122.728523,45.4639136],[-122.7279413,45.4637116],[-122.7270413,45.4634014],[-122.7269427,45.4633729],[-122.726823,45.46336],[-122.7266934,45.4633701],[-122.7265645,45.4634031],[-122.7264368,45.4634666],[-122.7263626,45.4635138],[-122.7263213,45.463568],[-122.7262805,45.4636374],[-122.7262505,45.4637065],[-122.7262527,45.4637675],[-122.7262655,45.4638206],[-122.7263013,45.4639114],[-122.7264509,45.4641523],[-122.7265773,45.4643481],[-122.7266234,45.4644234],[-122.7266481,45.4645067],[-122.7266503,45.4645677],[-122.726642,45.4646364],[-122.7266226,45.4646978],[-122.7265817,45.4647672],[-122.726509,45.4648525],[-122.726025,45.4652507],[-122.7259086,45.4653292],[-122.7258125,45.4653692],[-122.7257481,45.4653857],[-122.7256729,45.4654024],[-122.7255865,45.4654117],[-122.7252397,45.4654108],[-122.7242641,45.465407],[-122.723744,45.4654096],[-122.7236141,45.4654121],[-122.7235277,45.4654214],[-122.7234091,45.465439],[-122.7232803,45.465472],[-122.7232756,45.4641534],[-122.7232843,45.4629032],[-122.7233118,45.4627654],[-122.7233412,45.462681],[-122.7233615,45.4626425],[-122.7234026,45.4625807],[-122.7234437,45.462519],[-122.7235068,45.4624644],[-122.7235801,45.4623943],[-122.7236434,45.4623474],[-122.723707,45.462308],[-122.7238977,45.4621899],[-122.7239719,45.4621428],[-122.7240349,45.4620882],[-122.7241082,45.4620181],[-122.7241707,45.4619483],[-122.7242229,45.4618939],[-122.7242535,45.46184],[-122.7243562,45.4616855],[-122.7244878,45.4614314],[-122.7246208,45.4612154],[-122.7246828,45.4611303],[-122.7247239,45.4610686],[-122.7247758,45.4610066],[-122.7248805,45.4609054],[-122.7249646,45.4608352],[-122.7251129,45.4607408],[-122.7254736,45.460528],[-122.7258551,45.4602918],[-122.7260875,45.4601272],[-122.7262544,45.4599486],[-122.7263685,45.4598092],[-122.7264912,45.4596086],[-122.7269313,45.4588987],[-122.726971,45.4587989],[-122.7270002,45.4587068],[-122.7270296,45.4586224],[-122.7270479,45.4585306],[-122.7270663,45.4584387],[-122.7270849,45.4583545],[-122.7270918,45.4582477],[-122.7271096,45.4581406],[-122.727114,45.4579652],[-122.727111,45.4578814],[-122.7271085,45.4578129],[-122.7270715,45.4576916],[-122.7270213,45.4575021],[-122.7267128,45.4567687],[-122.7265945,45.4564966],[-122.7265465,45.456368],[-122.7265101,45.456262],[-122.7264965,45.456186],[-122.7264935,45.4561023],[-122.7264907,45.4560261],[-122.7264782,45.4556833],[-122.726454,45.4550206],[-122.7264143,45.4548232],[-122.7264107,45.4547242],[-122.7254681,45.4547274],[-122.7244497,45.4547321],[-122.7222819,45.4547135],[-122.7219238,45.4546976],[-122.7211755,45.4546817],[-122.7206763,45.454661],[-122.7205675,45.4546479],[-122.7206389,45.4545245],[-122.7208849,45.4541386],[-122.7211304,45.4537375],[-122.7210324,45.4537241],[-122.720609,45.4537019],[-122.7202508,45.453686],[-122.7191761,45.4536308],[-122.7186769,45.45361],[-122.7181791,45.4536274],[-122.7179414,45.4536473],[-122.7177474,45.4536739],[-122.7176177,45.4536841],[-122.7168134,45.4539132],[-122.7164391,45.45405],[-122.7160976,45.4541939],[-122.7159057,45.4542815],[-122.7154586,45.4545036],[-122.7117081,45.4565584],[-122.7078731,45.4586832],[-122.7078601,45.4583252],[-122.7078654,45.4575705],[-122.7095433,45.4572255],[-122.7098335,45.4571588],[-122.7099729,45.457118],[-122.7101334,45.4570616],[-122.7101601,45.456901],[-122.710187,45.456748],[-122.7101954,45.4566792],[-122.710236,45.4566022],[-122.7102776,45.4565557],[-122.7103304,45.4565166],[-122.7104151,45.4564615],[-122.7110124,45.4561984],[-122.7112359,45.4560874],[-122.7113634,45.4560163],[-122.7114475,45.455946],[-122.7114994,45.4558841],[-122.7115508,45.4558068],[-122.7116422,45.4556374],[-122.7117022,45.455499],[-122.7117319,45.4554222],[-122.7117714,45.4553147],[-122.7118008,45.4552303],[-122.7118306,45.4551535],[-122.7118817,45.4550687],[-122.7119017,45.4550225],[-122.7119219,45.454984],[-122.7119842,45.4549066],[-122.7120355,45.4548294],[-122.7121089,45.4547594],[-122.7121711,45.4546819],[-122.7122441,45.4546043],[-122.712328,45.4545264],[-122.7124013,45.4544564],[-122.7124529,45.4543868],[-122.7125265,45.4543244],[-122.7125785,45.4542624],[-122.7126304,45.4542004],[-122.7126821,45.4541308],[-122.7127334,45.4540536],[-122.7127743,45.4539842],[-122.7128148,45.4539072],[-122.7128445,45.4538304],[-122.7128851,45.4537534],[-122.712904,45.4536768],[-122.7129337,45.4536],[-122.7129526,45.4535234],[-122.7129715,45.4534468],[-122.7129771,45.4533019],[-122.7129693,45.4518919],[-122.7129744,45.4505351],[-122.7129799,45.4491934],[-122.712979,45.4482712],[-122.712977,45.4476157],[-122.7129787,45.4473641],[-122.7129905,45.4467922],[-122.7129789,45.4464723],[-122.7129867,45.4460911],[-122.7129951,45.445725],[-122.7130258,45.4453738],[-122.7130331,45.4446801],[-122.7130087,45.4446043],[-122.7129853,45.4439569],[-122.7129792,45.4437893],[-122.7129813,45.4432481],[-122.7129881,45.4425391],[-122.7129841,45.4418303],[-122.7129909,45.4411213],[-122.7129768,45.4410301],[-122.7130034,45.4408695],[-122.7130141,45.4402672],[-122.7131426,45.4402265],[-122.7150282,45.4402431],[-122.7152464,45.4402846],[-122.7272638,45.4403773],[-122.7272793,45.439912],[-122.727266,45.4395464],[-122.727266,45.4386546],[-122.7272227,45.4383582],[-122.7271941,45.4381682],[-122.7270997,45.4379566],[-122.7269712,45.4377],[-122.7268452,45.4375119],[-122.7266753,45.4373094],[-122.7265965,45.4372271],[-122.7265071,45.4371526],[-122.7264175,45.4370705],[-122.7263281,45.4369961],[-122.7262279,45.4369218],[-122.7261277,45.4368475],[-122.7260278,45.4367809],[-122.7259282,45.4367219],[-122.7258282,45.4366552],[-122.725718,45.436604],[-122.7256184,45.436545],[-122.7255082,45.4364938],[-122.7253983,45.4364502],[-122.7252884,45.4364066],[-122.7251676,45.4363633],[-122.7250469,45.4363199],[-122.7249373,45.4362839],[-122.7248171,45.4362558],[-122.7246969,45.4362277],[-122.724577,45.4362072],[-122.7244571,45.4361866],[-122.7243264,45.4361663],[-122.7242067,45.4361534],[-122.7240763,45.4361407],[-122.7214559,45.4358719],[-122.7213038,45.4358596],[-122.7210645,45.4358338],[-122.7208902,45.4358068],[-122.7206268,45.4357128],[-122.7204276,45.4355948],[-122.7202935,45.435483],[-122.7202011,45.4353248],[-122.7201317,45.4352042],[-122.7200374,45.4349926],[-122.7199547,45.4348037],[-122.7198135,45.4344939],[-122.7194922,45.4331053],[-122.7196002,45.4327983],[-122.719696,45.4324534],[-122.7197024,45.4323313],[-122.7196983,45.4322171],[-122.7196847,45.4321411],[-122.719638,45.4320506],[-122.7195903,45.4319295],[-122.7194657,45.4317795],[-122.7193206,45.4316604],[-122.7190983,45.4315047],[-122.7184312,45.4310299],[-122.7183532,45.4309704],[-122.7185447,45.4308752],[-122.7186621,45.4308272],[-122.718802,45.4308016],[-122.7189105,45.4308071],[-122.7190518,45.4308196],[-122.7192266,45.4308619],[-122.719435,45.430934],[-122.7197206,45.4310428],[-122.7198421,45.431109],[-122.7201399,45.4312556],[-122.7204069,45.4314486],[-122.7206081,45.43162],[-122.7209575,45.4319943],[-122.7218303,45.4330595],[-122.7222038,45.433502],[-122.7223931,45.4336431],[-122.722559,45.4337389],[-122.7227242,45.4338119],[-122.7229645,45.4338682],[-122.723085,45.4339039],[-122.7243895,45.4340308],[-122.7246076,45.4340723],[-122.7247392,45.4341154],[-122.724816,45.4341444],[-122.7249809,45.4342098],[-122.7254547,45.4344292],[-122.7256842,45.4344857],[-122.7258585,45.4345127],[-122.725967,45.4345182],[-122.726108,45.4345231],[-122.7262701,45.4345123],[-122.7264428,45.4344936],[-122.7266146,45.4344522],[-122.7279526,45.4340143],[-122.7300509,45.4333328],[-122.730523,45.4332092],[-122.7322013,45.4331914],[-122.732483,45.4331935],[-122.7336415,45.4331783],[-122.7347577,45.4331945],[-122.7351155,45.4332027],[-122.7353758,45.4332128],[-122.7361127,45.4332211],[-122.7362426,45.4332186],[-122.7364594,45.4332219],[-122.7369146,45.4332282],[-122.7372612,45.433229],[-122.7376187,45.4332296],[-122.7379764,45.4332378],[-122.7383339,45.4332383],[-122.7384855,45.4332353],[-122.7388213,45.4332363],[-122.7408041,45.4332506],[-122.7439678,45.4332719],[-122.7438796,45.4476882],[-122.7438393,45.4504256],[-122.7438235,45.4526517],[-122.7438178,45.4548548],[-122.7438295,45.4581247],[-122.7438276,45.4601371],[-122.7438192,45.4631558],[-122.7438161,45.4639563],[-122.7437991,45.4655574]]]}},{"type":"Feature","properties":{"boundary_id":"current-elementary-29","school_name":null,"review_status":"unverified"},"geometry":{"type":"Polygon","coordinates":[[[-122.5787505,45.4921067],[-122.5787602,45.491436],[-122.5786119,45.4915377],[-122.5767903,45.4915328],[-122.5767869,45.4911138],[-122.5767608,45.4909847],[-122.5767687,45.4902606],[-122.5757714,45.4902635],[-122.5749368,45.4902711],[-122.5740233,45.4901886],[-122.5740351,45.4895788],[-122.5740513,45.4890985],[-122.5740618,45.4884506],[-122.5740383,45.4883977],[-122.5740571,45.4879935],[-122.5740899,45.4864079],[-122.5740991,45.486362],[-122.5741021,45.4858133],[-122.5741117,45.4857751],[-122.5741157,45.4849368],[-122.5741069,45.4846779],[-122.5741051,45.4846246],[-122.5741068,45.4840378],[-122.5741129,45.4835805],[-122.5741228,45.4822773],[-122.5743719,45.4822727],[-122.5748705,45.4822713],[-122.5748357,45.4822033],[-122.5748485,45.481624],[-122.5775276,45.4823067],[-122.5789654,45.4828292],[-122.5790145,45.4794983],[-122.5793294,45.4795154],[-122.5809257,45.4796006],[-122.5815014,45.4796358],[-122.5815989,45.479634],[-122.5816964,45.4796322],[-122.5841568,45.4796254],[-122.5867368,45.4796315],[-122.5880156,45.4796233],[-122.5884051,45.479601],[-122.5893026,45.4795388],[-122.5892892,45.4800953],[-122.5892849,45.4802859],[-122.5892748,45.4809414],[-122.5892625,45.4818485],[-122.5892398,45.4830834],[-122.5892308,45.4837693],[-122.589221,45.4844325],[-122.5892044,45.4848976],[-122.5892045,45.4852177],[-122.5891956,45.4855912],[-122.5891797,45.4863916],[-122.5891733,45.4865213],[-122.5891389,45.4902635],[-122.5891303,45.4906446],[-122.5891317,45.4910028],[-122.5891225,45.4913687],[-122.5891255,45.492405],[-122.5890821,45.4974656],[-122.5868481,45.4974531],[-122.5857962,45.4974495],[-122.5848313,45.4974518],[-122.5838552,45.4974468],[-122.5835949,45.4974439],[-122.5832046,45.4974434],[-122.5828684,45.4974419],[-122.5828034,45.4974431],[-122.5825214,45.4974406],[-122.5818815,45.4974371],[-122.5818274,45.4974381],[-122.5808735,45.4974478],[-122.578672,45.4974346],[-122.5786789,45.4973201],[-122.5786861,45.4968933],[-122.5787061,45.4962071],[-122.5787152,45.4955211],[-122.5787243,45.4948352],[-122.5787335,45.4941492],[-122.5787334,45.4938292],[-122.5787318,45.4934634],[-122.5787409,45.4927775],[-122.5787505,45.4921067]]]}},{"type":"Feature","properties":{"boundary_id":"current-elementary-30","school_name":null,"review_status":"unverified"},"geometry":{"type":"Polygon","coordinates":[[[-122.7014292,45.5943552],[-122.699971,45.5939714],[-122.6982902,45.5934394],[-122.6962684,45.5927844],[-122.6942547,45.5920529],[-122.6920875,45.5912786],[-122.6906798,45.5907871],[-122.6903491,45.5906485],[-122.689677,45.5903793],[-122.6881519,45.5899433],[-122.6865783,45.5896683],[-122.6853314,45.5894175],[-122.6842946,45.5889723],[-122.6832376,45.5885655],[-122.682953,45.5885023],[-122.6823621,45.5883763],[-122.6822316,45.5883711],[-122.6821009,45.5883584],[-122.6813833,45.5883338],[-122.6809045,45.5883048],[-122.6806328,45.5876926],[-122.6803142,45.5869822],[-122.6793712,45.5849041],[-122.6792656,45.5846851],[-122.6790173,45.5841182],[-122.678909,45.583823],[-122.6787131,45.5832018],[-122.6785964,45.5826705],[-122.6785369,45.5822219],[-122.6784836,45.5816437],[-122.6784844,45.5813617],[-122.6784801,45.5812399],[-122.6784674,45.5799749],[-122.6784989,45.5778175],[-122.6785321,45.57723],[-122.6796279,45.5772093],[-122.6799862,45.5772101],[-122.6818082,45.5771528],[-122.6819926,45.5771493],[-122.683013,45.5771452],[-122.6840226,45.5771413],[-122.6845219,45.5771395],[-122.685043,45.5771372],[-122.6855968,45.5771419],[-122.6860531,45.5771485],[-122.6866718,45.5771444],[-122.6872259,45.5771568],[-122.6876056,45.5771495],[-122.6877684,45.5771465],[-122.6881158,45.5771475],[-122.6883006,45.5771516],[-122.6886369,45.5771452],[-122.6888433,45.5771489],[-122.6891471,45.5771431],[-122.6893752,45.5771464],[-122.6896681,45.5771408],[-122.6899071,45.5771439],[-122.6901786,45.5771464],[-122.6906997,45.5771441],[-122.6912099,45.577142],[-122.6917309,45.5771397],[-122.6922303,45.5771379],[-122.693251,45.5771413],[-122.6942716,45.5771447],[-122.6946625,45.5771449],[-122.6952923,45.5771481],[-122.6963019,45.5771441],[-122.697051,45.5771451],[-122.6973117,45.5771477],[-122.6977025,45.5771479],[-122.6979849,45.5771501],[-122.6987121,45.5771439],[-122.6991247,45.5771436],[-122.6997111,45.5771477],[-122.7002647,45.5771447],[-122.7008294,45.5771492],[-122.7012745,45.5771483],[-122.7019694,45.5771503],[-122.7025664,45.5771465],[-122.7026171,45.5770464],[-122.7026184,45.5758803],[-122.702628,45.5746454],[-122.7026231,45.5736089],[-122.7026197,45.5732126],[-122.7033177,45.5736032],[-122.7036278,45.5737726],[-122.7038262,45.5738527],[-122.7040907,45.5739619],[-122.7043324,45.5740411],[-122.7046511,45.5741494],[-122.7056714,45.5744423],[-122.7066688,45.5747052],[-122.7077642,45.5749739],[-122.7077669,45.577146],[-122.7077676,45.5783655],[-122.7077572,45.5789754],[-122.707748,45.5808201],[-122.7077386,45.5823599],[-122.7077302,45.5836253],[-122.7077236,45.5840446],[-122.7064096,45.5840393],[-122.7051715,45.5840325],[-122.7041727,45.5840363],[-122.7031953,45.5840321],[-122.7024786,45.5840306],[-122.7022179,45.584028],[-122.7021995,45.5856212],[-122.7021831,45.5869706],[-122.7021856,45.5870391],[-122.7021875,45.5870925],[-122.7021906,45.5871762],[-122.7021922,45.5872219],[-122.7021836,45.5878852],[-122.7021783,45.5886398],[-122.7021603,45.5899435],[-122.7021674,45.5901415],[-122.7021365,45.5916893],[-122.7021293,45.5929928],[-122.7021203,45.5945478],[-122.7014292,45.5943552]]]}},{"type":"Feature","properties":{"boundary_id":"current-elementary-31","school_name":null,"review_status":"unverified"},"geometry":{"type":"Polygon","coordinates":[[[-122.7124365,45.5017969],[-122.7121165,45.501643],[-122.7119628,45.5015926],[-122.7118211,45.5015725],[-122.7115822,45.5015619],[-122.711289,45.5015523],[-122.7112118,45.5015157],[-122.7111674,45.501486],[-122.7110896,45.5014342],[-122.7110221,45.5013669],[-122.710976,45.5012916],[-122.7109296,45.5012086],[-122.7108827,45.5011105],[-122.7109452,45.5010406],[-122.7109755,45.5009791],[-122.7109738,45.5009334],[-122.7109714,45.5008648],[-122.7109643,45.5000723],[-122.710983,45.4999881],[-122.7110267,45.4996976],[-122.7110312,45.4995222],[-122.7110053,45.4994084],[-122.7106574,45.4984852],[-122.7102428,45.4978149],[-122.7101053,45.4976117],[-122.7099917,45.4974691],[-122.709847,45.4973652],[-122.7095478,45.497188],[-122.7092476,45.4969804],[-122.7090917,45.4968691],[-122.7086434,45.4964662],[-122.7085212,45.4963847],[-122.7083556,45.4963041],[-122.7081687,45.4962315],[-122.7079937,45.4961891],[-122.7074155,45.4960936],[-122.7071652,45.4960679],[-122.7069041,45.4960425],[-122.7065787,45.4960412],[-122.7064051,45.4960369],[-122.706264,45.496032],[-122.7061654,45.4960034],[-122.7061104,45.4959816],[-122.7060548,45.4959446],[-122.7059765,45.4958775],[-122.7059634,45.4958168],[-122.7059618,45.4957711],[-122.7059921,45.4957095],[-122.7060963,45.4955932],[-122.706245,45.4955064],[-122.7066819,45.4949949],[-122.7067439,45.4949099],[-122.7067636,45.4948562],[-122.7067392,45.4947804],[-122.7067042,45.4947125],[-122.7066486,45.4946755],[-122.7065606,45.4946391],[-122.7064406,45.4946185],[-122.7061575,45.4945859],[-122.7060052,45.4945736],[-122.7058102,45.4945773],[-122.7057019,45.4945794],[-122.7056152,45.4945811],[-122.7055182,45.4945982],[-122.7054101,45.4946079],[-122.7053026,45.4946329],[-122.7051951,45.4946578],[-122.7050984,45.4946825],[-122.7049912,45.4947151],[-122.7048947,45.4947475],[-122.7047975,45.4947569],[-122.7047217,45.4947584],[-122.7046455,45.4947523],[-122.7045911,45.4947457],[-122.7045128,45.4946786],[-122.7044569,45.494634],[-122.7044006,45.4945741],[-122.7043661,45.4945214],[-122.7043531,45.4944606],[-122.7043292,45.4944001],[-122.7043373,45.4943238],[-122.7043557,45.4942319],[-122.7043865,45.4941856],[-122.704406,45.4941243],[-122.7044024,45.4940252],[-122.7043777,45.4939419],[-122.7043436,45.4938968],[-122.7042441,45.4938454],[-122.7041891,45.4938236],[-122.7040586,45.4938108],[-122.703831,45.4938152],[-122.7037332,45.4938095],[-122.7036457,45.4937883],[-122.7035796,45.4937591],[-122.7035235,45.4937068],[-122.7034888,45.4936465],[-122.7034763,45.493601],[-122.7034853,45.4935475],[-122.7035036,45.4934557],[-122.7035506,45.4932566],[-122.7035774,45.493096],[-122.7035857,45.4930273],[-122.7035724,45.4929589],[-122.7035269,45.4928988],[-122.7034708,45.4928466],[-122.7033578,45.4927192],[-122.7032559,45.4925992],[-122.7031545,45.4924944],[-122.7030759,45.4924197],[-122.7029873,45.4923681],[-122.7028662,45.4923171],[-122.7027343,45.4922663],[-122.7025809,45.4922235],[-122.7024284,45.4922036],[-122.7022653,45.4921915],[-122.7020706,45.4922029],[-122.7017277,45.4923162],[-122.701406,45.4924138],[-122.7013093,45.4924386],[-122.7012126,45.4924633],[-122.7010287,45.4924745],[-122.7008223,45.4924632],[-122.7007445,45.4924113],[-122.700677,45.4923441],[-122.700631,45.4922687],[-122.7005949,45.4921703],[-122.7006027,45.4920863],[-122.70061,45.4919871],[-122.7007474,45.4915881],[-122.7007438,45.4914891],[-122.7007297,45.4913979],[-122.700673,45.4913304],[-122.7005836,45.4912559],[-122.70043,45.4912055],[-122.7001897,45.4911568],[-122.7000361,45.4911064],[-122.6999589,45.4910698],[-122.6998914,45.4910025],[-122.6997218,45.4908076],[-122.6996421,45.4907024],[-122.6995838,45.4905892],[-122.6995591,45.4905058],[-122.6995661,45.490399],[-122.6995503,45.4902621],[-122.6995134,45.4901409],[-122.6994337,45.4900357],[-122.6993329,45.4899462],[-122.6991569,45.4898734],[-122.6989166,45.4898246],[-122.6985763,45.4897092],[-122.6984655,45.4896428],[-122.6983967,45.4895374],[-122.6983467,45.4893554],[-122.6981301,45.4893596],[-122.6974903,45.4893567],[-122.6971867,45.4893549],[-122.6967961,45.4893472],[-122.6965577,45.4893518],[-122.6958635,45.4893423],[-122.6950613,45.4893424],[-122.695054,45.4894417],[-122.6950554,45.4894797],[-122.6948075,45.4895226],[-122.6946345,45.4895336],[-122.6943969,45.489561],[-122.6938983,45.489563],[-122.6938005,45.4895572],[-122.6934863,45.4895633],[-122.6924546,45.4895145],[-122.6916304,45.4895074],[-122.6915087,45.4894412],[-122.6912644,45.4892782],[-122.6911793,45.4893256],[-122.691116,45.4893725],[-122.691042,45.4894273],[-122.6908462,45.4894082],[-122.6905418,45.4893835],[-122.6904427,45.4896446],[-122.6901586,45.4904884],[-122.6901044,45.4904895],[-122.6865683,45.4904429],[-122.6863614,45.4904164],[-122.6862581,45.4902583],[-122.6861874,45.4900996],[-122.6860863,45.4896976],[-122.6860147,45.4895161],[-122.6859098,45.4893123],[-122.68576,45.4890636],[-122.6856676,45.4889053],[-122.6856204,45.4887995],[-122.685583,45.4886631],[-122.685557,45.4885416],[-122.6855415,45.4884123],[-122.685523,45.4881993],[-122.6855373,45.4879932],[-122.6857138,45.4874716],[-122.6857734,45.487318],[-122.6858009,45.4871803],[-122.6857966,45.4870584],[-122.68576,45.4869448],[-122.6857017,45.4868316],[-122.6855888,45.4867042],[-122.6854663,45.4866151],[-122.6851364,45.4864842],[-122.6840822,45.486108],[-122.6838836,45.4860128],[-122.6837609,45.485916],[-122.6836815,45.4858185],[-122.6836352,45.4857355],[-122.6835878,45.4856221],[-122.6835626,45.4855235],[-122.6835704,45.4854395],[-122.683578,45.4853479],[-122.6836072,45.4852559],[-122.6836892,45.4851248],[-122.6837832,45.4850239],[-122.683856,45.4849386],[-122.6839619,45.484868],[-122.684067,45.4847745],[-122.6844177,45.4845773],[-122.6845233,45.484499],[-122.684608,45.4844441],[-122.6846703,45.4843667],[-122.6847109,45.4842897],[-122.6847407,45.4842129],[-122.6847477,45.484106],[-122.6847453,45.4840375],[-122.6832792,45.4839665],[-122.6809468,45.4839196],[-122.6808769,45.4837838],[-122.6808062,45.4836251],[-122.6807441,45.4834052],[-122.6807051,45.4832231],[-122.6806885,45.4830633],[-122.6806037,45.4825086],[-122.6803336,45.480715],[-122.6802767,45.480335],[-122.6801656,45.4796512],[-122.6798126,45.4773562],[-122.6797432,45.4769307],[-122.6795865,45.4758819],[-122.6793827,45.4744225],[-122.6770203,45.4744372],[-122.677027,45.473713],[-122.6770353,45.4730345],[-122.6759947,45.4730315],[-122.6759911,45.4729325],[-122.6759668,45.4728567],[-122.6759316,45.4727812],[-122.6758297,45.4726612],[-122.6755167,45.4723928],[-122.6754268,45.4723031],[-122.6753583,45.4722053],[-122.6752992,45.4720692],[-122.6752835,45.4719323],[-122.6752667,45.471765],[-122.6752957,45.4716653],[-122.6753016,45.471528],[-122.6752561,45.4714679],[-122.6750002,45.4712823],[-122.674922,45.4712152],[-122.6748876,45.4711625],[-122.6748743,45.4710942],[-122.6748683,45.4709266],[-122.6748096,45.4707981],[-122.6747077,45.4706781],[-122.6745631,45.4705742],[-122.6743939,45.4703869],[-122.6743246,45.4702663],[-122.6742585,45.470237],[-122.6741721,45.4702463],[-122.674043,45.4702716],[-122.673956,45.4702657],[-122.6738147,45.4702531],[-122.6733349,45.4701708],[-122.6732799,45.470149],[-122.6732247,45.4701196],[-122.6731581,45.4700751],[-122.6731017,45.4700152],[-122.6730654,45.4699092],[-122.6729788,45.469606],[-122.6729652,45.4695301],[-122.6729195,45.4694623],[-122.6728745,45.4694175],[-122.6728079,45.469373],[-122.6726224,45.4693384],[-122.6726322,45.4693078],[-122.6726603,45.4691853],[-122.6726882,45.4690552],[-122.6727161,45.4689251],[-122.6727443,45.4688026],[-122.672783,45.4686723],[-122.6728109,45.4685422],[-122.6728498,45.4684195],[-122.6728986,45.4682662],[-122.6729746,45.4679675],[-122.6730727,45.4679808],[-122.6735535,45.4680936],[-122.6736082,45.4681078],[-122.6737176,45.4681362],[-122.674439,45.4683053],[-122.6745903,45.4682948],[-122.6753918,45.4682795],[-122.6754037,45.4680049],[-122.6757938,45.4680051],[-122.6761732,45.4680055],[-122.6764117,45.4680085],[-122.6765633,45.4680056],[-122.6766717,45.4680036],[-122.6769535,45.4680058],[-122.6773437,45.468006],[-122.6777339,45.4680061],[-122.6781351,45.4680137],[-122.6781327,45.46825],[-122.6781341,45.4682881],[-122.6786764,45.4683006],[-122.6786686,45.4683846],[-122.6787227,45.4683835],[-122.6800668,45.4683883],[-122.6800763,45.46835],[-122.6800747,45.4683043],[-122.6805731,45.4683024],[-122.6805942,45.4679819],[-122.6808227,45.468008],[-122.6808133,45.4680463],[-122.6807832,45.4681154],[-122.6808574,45.4683732],[-122.6808715,45.4684643],[-122.6811491,45.4686496],[-122.6812027,45.4686333],[-122.6814388,45.4685678],[-122.6815033,45.4685513],[-122.6815417,45.4687183],[-122.6815566,45.4688323],[-122.6816655,45.4688455],[-122.6817741,45.468851],[-122.6818571,45.4684455],[-122.682136,45.4683639],[-122.6823718,45.4682908],[-122.6825115,45.4682576],[-122.6826937,45.4682008],[-122.6829296,45.4681277],[-122.6830308,45.4682324],[-122.6831319,45.4683296],[-122.6832778,45.4684716],[-122.6830442,45.4686056],[-122.6830017,45.4686293],[-122.6831138,45.4687339],[-122.6832032,45.4688084],[-122.6832812,45.4688679],[-122.6833147,45.4688977],[-122.6834369,45.4689792],[-122.6834686,45.4689557],[-122.6837017,45.4688064],[-122.6838127,45.4688805],[-122.6839237,45.4689546],[-122.6840683,45.4690586],[-122.6841125,45.4690806],[-122.6843009,45.4691989],[-122.6844556,45.4692798],[-122.6844997,45.4693018],[-122.6847093,45.4694045],[-122.6844898,45.4696297],[-122.6845232,45.4702617],[-122.6848828,45.4703158],[-122.6850461,45.4703355],[-122.6852855,45.4703614],[-122.685416,45.4703741],[-122.6855898,45.470386],[-122.685742,45.4703984],[-122.6858289,45.4704043],[-122.6859592,45.4704094],[-122.6858988,45.4705402],[-122.6858179,45.4707018],[-122.6856149,45.4710868],[-122.6865694,45.4711065],[-122.6868402,45.4711013],[-122.6870349,45.47109],[-122.687186,45.4710718],[-122.687434,45.4710366],[-122.6876931,45.4710088],[-122.6879614,45.470935],[-122.6882303,45.4708765],[-122.6884669,45.4708262],[-122.6887672,45.4707366],[-122.6890775,45.4706239],[-122.6893125,45.470528],[-122.6894828,45.4704408],[-122.6896422,45.4703539],[-122.6899181,45.4701886],[-122.6902262,45.470015],[-122.6904917,45.4698651],[-122.6907679,45.4697073],[-122.6922019,45.4688947],[-122.6931461,45.4683277],[-122.6943681,45.4676487],[-122.6948883,45.467349],[-122.6953025,45.4671124],[-122.6956211,45.4669309],[-122.69681,45.4662373],[-122.6973944,45.4659135],[-122.6975008,45.4658581],[-122.6975463,45.4659182],[-122.6976029,45.4659857],[-122.6976807,45.4660376],[-122.6977692,45.4660892],[-122.69789,45.4661326],[-122.6980213,45.4661682],[-122.6981521,45.4661885],[-122.6982715,45.4661938],[-122.6995181,45.4662003],[-122.6996158,45.466206],[-122.699703,45.4662195],[-122.6997691,45.4662488],[-122.6998238,45.4662629],[-122.6998901,45.4662998],[-122.6999351,45.4663446],[-122.6999806,45.4664047],[-122.700015,45.4664574],[-122.7000383,45.4665027],[-122.7000619,45.4665556],[-122.7000647,45.4666318],[-122.7000782,45.4667077],[-122.7000715,45.4674243],[-122.7000672,45.4679046],[-122.7000595,45.4682935],[-122.7026496,45.4682891],[-122.7026418,45.4683731],[-122.7026171,45.4691892],[-122.7026149,45.4697304],[-122.7026262,45.4706448],[-122.702636,45.4712162],[-122.7026333,45.4717422],[-122.702625,45.4724131],[-122.7026339,45.4729617],[-122.7026476,45.474242],[-122.7026503,45.4752175],[-122.7026463,45.4754081],[-122.7026447,45.4759646],[-122.7024888,45.4761505],[-122.7023827,45.4762136],[-122.7023191,45.4762529],[-122.7016762,45.4767607],[-122.7012242,45.4771506],[-122.7011189,45.4772364],[-122.7010136,45.4773223],[-122.7008861,45.4773934],[-122.7007794,45.4774412],[-122.7006938,45.4774733],[-122.700468,45.4775234],[-122.6996491,45.4776612],[-122.6983659,45.477846],[-122.698633,45.478039],[-122.6994957,45.4785178],[-122.6996276,45.4785686],[-122.6997926,45.478634],[-122.6999578,45.478707],[-122.7001231,45.4787801],[-122.7002777,45.4788609],[-122.7007106,45.4791422],[-122.7009003,45.479291],[-122.7009894,45.4793579],[-122.7011007,45.4794395],[-122.7012224,45.4795058],[-122.7013334,45.4795799],[-122.7014551,45.4796461],[-122.7015764,45.4797048],[-122.7017086,45.4797632],[-122.7018408,45.4798216],[-122.7019727,45.4798724],[-122.7021046,45.4799232],[-122.7022471,45.4799662],[-122.7025748,45.4800361],[-122.7039168,45.4802769],[-122.7043423,45.4803525],[-122.7046706,45.4804377],[-122.705065,45.480552],[-122.7056904,45.4807609],[-122.70635,45.4810149],[-122.7067688,45.481205],[-122.7071204,45.4813354],[-122.7072415,45.4813864],[-122.7073623,45.4814298],[-122.7074831,45.4814732],[-122.7076039,45.4815166],[-122.7077245,45.4815524],[-122.7078122,45.4815812],[-122.7077934,45.4822599],[-122.7077686,45.4824738],[-122.7077641,45.4826492],[-122.7077766,45.4826947],[-122.7077888,45.4827325],[-122.7079613,45.4830036],[-122.7081328,45.4832518],[-122.7082131,45.4833722],[-122.7082825,45.4834928],[-122.7083419,45.4836365],[-122.7083463,45.4837584],[-122.7083379,45.4838271],[-122.708319,45.4839037],[-122.7082901,45.4840034],[-122.7082184,45.4841191],[-122.7081773,45.4841808],[-122.7080842,45.4843046],[-122.7080436,45.4843816],[-122.7080136,45.4844508],[-122.7079504,45.4848026],[-122.7079484,45.4850466],[-122.7079826,45.4850916],[-122.7080378,45.4851211],[-122.7081145,45.4851424],[-122.7083206,45.4851461],[-122.7102075,45.4851629],[-122.710382,45.48519],[-122.7103874,45.4856396],[-122.7103873,45.4862341],[-122.710412,45.4872169],[-122.7103805,45.4887419],[-122.7103862,45.4891991],[-122.7103848,45.4894583],[-122.710394,45.4900145],[-122.7103933,45.4905938],[-122.7103806,45.4914401],[-122.7104064,45.491554],[-122.7104314,45.4916449],[-122.7104878,45.4917048],[-122.7106016,45.4918551],[-122.7106925,45.4919676],[-122.7107836,45.4920878],[-122.7108202,45.4922015],[-122.7108241,45.4923081],[-122.7108176,45.4924302],[-122.7107676,45.4925455],[-122.7106962,45.4926688],[-122.7106667,45.4927532],[-122.7106692,45.4928218],[-122.7106825,45.4928901],[-122.7107175,45.492958],[-122.7107739,45.4930179],[-122.7108405,45.4930624],[-122.7109178,45.493099],[-122.7110164,45.4931276],[-122.7111589,45.4931705],[-122.7112575,45.4931991],[-122.7113456,45.4932355],[-122.7114231,45.4932797],[-122.7115114,45.4933238],[-122.7115783,45.4933758],[-122.7116455,45.4934355],[-122.7117019,45.4934954],[-122.7117477,45.4935631],[-122.7117936,45.4936308],[-122.7118288,45.4937063],[-122.7119952,45.4941071],[-122.712074,45.4944867],[-122.71218,45.4950182],[-122.7121858,45.4951781],[-122.7121682,45.4952928],[-122.7121299,45.4954307],[-122.7120479,45.4955619],[-122.7119545,45.495678],[-122.7118392,45.495787],[-122.7117653,45.4958418],[-122.7117027,45.4959116],[-122.7116616,45.4959733],[-122.7116321,45.4960578],[-122.7116246,45.4961494],[-122.7116488,45.4962175],[-122.7116946,45.4962852],[-122.7122415,45.497014],[-122.7129531,45.4978005],[-122.7130228,45.4979287],[-122.7130581,45.4980043],[-122.7130617,45.4981033],[-122.7130222,45.4982108],[-122.7129216,45.4984261],[-122.7122978,45.4997644],[-122.7122689,45.4998641],[-122.7122613,45.4999557],[-122.7122757,45.5003518],[-122.7122771,45.5003899],[-122.7122898,45.500443],[-122.7123143,45.5005187],[-122.7123487,45.5005714],[-122.712654,45.5009161],[-122.7127234,45.5010367],[-122.7128187,45.5012712],[-122.7129023,45.501483],[-122.7129253,45.5015206],[-122.7129489,45.5015735],[-122.713005,45.5016258],[-122.7131259,45.5016692],[-122.7134551,45.5017771],[-122.7135435,45.5018212],[-122.7136215,45.5018806],[-122.7133787,45.5020606],[-122.7132316,45.5021931],[-122.7124365,45.5017969]]]}},{"type":"Feature","properties":{"boundary_id":"current-elementary-32","school_name":null,"review_status":"unverified"},"geometry":{"type":"Polygon","coordinates":[[[-122.5964373,45.5786158],[-122.5962227,45.5786883],[-122.5957127,45.5771202],[-122.5933898,45.5771319],[-122.5926952,45.5771369],[-122.5896667,45.5771538],[-122.589428,45.5771581],[-122.5885704,45.5771584],[-122.5884402,45.5771608],[-122.5864859,45.5771581],[-122.5835655,45.5771576],[-122.583381,45.5771609],[-122.5797331,45.5771582],[-122.5777354,45.5771562],[-122.5767253,45.5771439],[-122.5750857,45.5771354],[-122.5750932,45.5757637],[-122.5750971,45.5755579],[-122.5750908,45.5753751],[-122.5750949,45.5751769],[-122.5751001,45.5734166],[-122.573678,45.5734194],[-122.5704085,45.5733639],[-122.5692463,45.5733467],[-122.5676063,45.5733228],[-122.5653907,45.573294],[-122.5653987,45.5716099],[-122.5654005,45.569743],[-122.5666711,45.5697583],[-122.5667253,45.5697574],[-122.5667839,45.5695658],[-122.566871,45.5692518],[-122.5670469,45.5686772],[-122.5670753,45.5685548],[-122.5672907,45.5685052],[-122.5678558,45.5685255],[-122.5679343,45.5670002],[-122.5679345,45.5663677],[-122.5679476,45.5648359],[-122.5679569,45.56447],[-122.5679749,45.5630829],[-122.567971,45.5629687],[-122.5679739,45.5627324],[-122.5685707,45.5627293],[-122.5698298,45.5627295],[-122.5709801,45.5627241],[-122.5710452,45.5627229],[-122.5729657,45.5627035],[-122.5731179,45.5627084],[-122.5736279,45.5627068],[-122.5767213,45.5627044],[-122.5774806,45.5626907],[-122.5782836,45.5626838],[-122.5820931,45.5626759],[-122.5841665,45.562684],[-122.5852737,45.5626868],[-122.5856534,45.5626799],[-122.5864023,45.5626816],[-122.5871622,45.5626831],[-122.5875421,45.5626838],[-122.5886599,45.5626787],[-122.5888335,45.5626756],[-122.5890509,45.5626869],[-122.5893229,45.5627048],[-122.5896062,45.5627378],[-122.5896607,45.5627444],[-122.5898676,45.5627635],[-122.5900859,45.5627976],[-122.5903261,45.562839],[-122.5906978,45.562916],[-122.5908356,45.5628221],[-122.5908994,45.5627828],[-122.5909849,45.5627432],[-122.5910711,45.5627264],[-122.5911902,45.5627166],[-122.5913204,45.5627142],[-122.5917548,45.5627216],[-122.5925797,45.5627218],[-122.5939695,45.5627346],[-122.5955328,45.5627443],[-122.59575,45.5627479],[-122.5959021,45.5627528],[-122.5969551,45.5627564],[-122.5974869,45.5627544],[-122.5978996,45.5627621],[-122.5983555,45.5627614],[-122.5990719,45.5627636],[-122.600635,45.5627655],[-122.6006408,45.5616757],[-122.6006491,45.5612869],[-122.6006785,45.5611949],[-122.6007082,45.5611106],[-122.6007571,45.5609573],[-122.6007648,45.5608657],[-122.6007614,45.5607667],[-122.6007699,45.560698],[-122.6007334,45.5605843],[-122.6006837,45.5604023],[-122.600657,45.560258],[-122.6006649,45.5595416],[-122.600675,45.5592061],[-122.6006721,45.5591224],[-122.6006838,45.5578877],[-122.6006966,45.5566834],[-122.600777,45.5555542],[-122.6007307,45.5554712],[-122.6020112,45.5538932],[-122.6032005,45.5525075],[-122.6037842,45.5518109],[-122.6042626,45.5512078],[-122.6043136,45.5511154],[-122.6043343,45.5507721],[-122.6043431,45.5503986],[-122.6043429,45.5500785],[-122.6043512,45.5496897],[-122.6043528,45.549423],[-122.6043699,45.5489731],[-122.6043806,45.5483404],[-122.6043885,45.5482564],[-122.6053003,45.5482626],[-122.605409,45.5482682],[-122.6064183,45.5482726],[-122.6074385,45.5482767],[-122.6084587,45.5482808],[-122.6094681,45.5482852],[-122.6095146,45.5483758],[-122.6094964,45.5484752],[-122.6094559,45.5485597],[-122.6093614,45.5486529],[-122.6091821,45.548801],[-122.6089281,45.5489885],[-122.6087067,45.5491755],[-122.6086006,45.549246],[-122.6085171,45.549339],[-122.6084562,45.5494621],[-122.6084065,45.5495925],[-122.6083863,45.5496386],[-122.6083252,45.549754],[-122.6083953,45.5498975],[-122.6084186,45.5499428],[-122.6084426,45.550011],[-122.6084498,45.5502166],[-122.6087068,45.5504329],[-122.6089287,45.5505736],[-122.6091163,45.5506616],[-122.6093136,45.5507189],[-122.609412,45.55074],[-122.6094882,45.5507462],[-122.6094831,45.5515388],[-122.6095135,45.5517897],[-122.6103165,45.5517902],[-122.6120748,45.551796],[-122.6120886,45.5518796],[-122.6131197,45.5518835],[-122.6147806,45.5518987],[-122.6147877,45.5524167],[-122.61477,45.5528438],[-122.6147581,45.5537508],[-122.6147459,45.5546503],[-122.6147308,45.5554659],[-122.614712,45.5555501],[-122.614693,45.5556267],[-122.6146755,45.5566862],[-122.6146755,45.5569987],[-122.6146755,45.5573111],[-122.614654,45.5582564],[-122.61465,45.5584546],[-122.6146397,45.559095],[-122.6146751,45.5591781],[-122.6147003,45.5592767],[-122.6146936,45.5600237],[-122.6146862,45.5604353],[-122.6140457,45.5604318],[-122.6139972,45.5627874],[-122.6140951,45.5627933],[-122.6142144,45.5627911],[-122.6145184,45.5627931],[-122.6148333,45.5627949],[-122.6149092,45.5627935],[-122.616744,45.5628055],[-122.617352,45.5628096],[-122.6181769,45.5628096],[-122.6187198,45.5628149],[-122.6200008,45.5628217],[-122.6201418,45.5628191],[-122.6202286,45.5628175],[-122.620576,45.5628188],[-122.6212379,45.5628142],[-122.6222578,45.562803],[-122.6232669,45.562792],[-122.624276,45.562781],[-122.6253287,45.5627768],[-122.6254371,45.5627748],[-122.6257411,45.5627768],[-122.6264137,45.5627643],[-122.6274338,45.5627607],[-122.6274303,45.5639039],[-122.6264099,45.5638999],[-122.6253463,45.5639043],[-122.6242827,45.5639087],[-122.6242817,45.5645031],[-122.6243635,45.5646693],[-122.6243466,45.5651192],[-122.624458,45.565201],[-122.6244569,45.5664127],[-122.6241965,45.5664175],[-122.6241933,45.5681931],[-122.6243156,45.5682747],[-122.624323,45.5700425],[-122.6245838,45.570053],[-122.6245859,45.571356],[-122.6241406,45.5716615],[-122.6241481,45.5724996],[-122.6241645,45.5726593],[-122.6241665,45.5733375],[-122.6241721,45.5741223],[-122.6241823,45.5750366],[-122.6232776,45.5752438],[-122.6220582,45.5754568],[-122.6220256,45.5776368],[-122.6212908,45.5780466],[-122.6202156,45.5786608],[-122.6202172,45.583073],[-122.6202155,45.5845819],[-122.6200951,45.5892326],[-122.6193646,45.589147],[-122.6188823,45.5887062],[-122.6187921,45.5886088],[-122.6185935,45.588521],[-122.6182847,45.5883819],[-122.6173681,45.588254],[-122.6166198,45.5882829],[-122.6151451,45.5886529],[-122.6150474,45.5886547],[-122.6150578,45.5852025],[-122.6150639,45.5813159],[-122.6150674,45.5798528],[-122.6139927,45.5798572],[-122.6127208,45.5807493],[-122.6114521,45.5798581],[-122.604775,45.5798583],[-122.604015,45.5795445],[-122.6023188,45.5788439],[-122.6004337,45.5783296],[-122.5994252,45.5780508],[-122.5988936,45.5780605],[-122.5987308,45.5780635],[-122.5980473,45.5780759],[-122.5964373,45.5786158]]]}},{"type":"Feature","properties":{"boundary_id":"current-elementary-33","school_name":null,"review_status":"unverified"},"geometry":{"type":"Polygon","coordinates":[[[-122.5962227,45.5786883],[-122.5974283,45.5799617],[-122.5973632,45.5799629],[-122.596136,45.5799548],[-122.5957018,45.5799551],[-122.5962227,45.5786883]]]}},{"type":"Feature","properties":{"boundary_id":"current-elementary-34","school_name":null,"review_status":"unverified"},"geometry":{"type":"Polygon","coordinates":[[[-122.7112607,45.5962404],[-122.7100033,45.5960053],[-122.7092673,45.5957755],[-122.7090914,45.5957179],[-122.7080369,45.5953875],[-122.7069921,45.5950264],[-122.7058524,45.5947433],[-122.7047752,45.5946876],[-122.7037559,45.59473],[-122.70355,45.5947415],[-122.7024275,45.5946334],[-122.7021203,45.5945478],[-122.7021293,45.5929928],[-122.7021365,45.5916893],[-122.7021674,45.5901415],[-122.7021603,45.5899435],[-122.7021783,45.5886398],[-122.7021836,45.5878852],[-122.7021922,45.5872219],[-122.7021906,45.5871762],[-122.7021875,45.5870925],[-122.7021856,45.5870391],[-122.7021831,45.5869706],[-122.7021995,45.5856212],[-122.7022179,45.584028],[-122.7024786,45.5840306],[-122.7031953,45.5840321],[-122.7041727,45.5840363],[-122.7051715,45.5840325],[-122.7064096,45.5840393],[-122.7077236,45.5840446],[-122.7089723,45.5840435],[-122.7100473,45.5840458],[-122.7111227,45.5840557],[-122.7121977,45.5840579],[-122.7132619,45.5840604],[-122.7143481,45.58407],[-122.7151961,45.5840994],[-122.7154685,45.5841247],[-122.7161957,45.5841183],[-122.717216,45.5841063],[-122.7182254,45.5840945],[-122.7182063,45.5853601],[-122.7181869,45.5866181],[-122.7181902,45.5867095],[-122.7181974,45.5872048],[-122.7182157,45.5880048],[-122.7182167,45.5883325],[-122.71823,45.5886981],[-122.7177197,45.5887003],[-122.7177177,45.5892415],[-122.7177229,45.5896835],[-122.7177118,45.5899733],[-122.7177078,45.5904612],[-122.7176924,45.5912313],[-122.7176731,45.5915975],[-122.7176725,45.5918796],[-122.7176706,45.5921235],[-122.7176705,45.5924208],[-122.7176721,45.5927637],[-122.7174225,45.5927685],[-122.7173569,45.5927545],[-122.7173021,45.5927403],[-122.7172141,45.5927115],[-122.7171693,45.5926743],[-122.7171134,45.5926296],[-122.7170358,45.5925854],[-122.7169804,45.592556],[-122.7169256,45.5925418],[-122.7168599,45.5925278],[-122.7167731,45.5925295],[-122.7164495,45.592589],[-122.716521,45.592763],[-122.7166055,45.5929976],[-122.7166228,45.5931726],[-122.7166191,45.5933708],[-122.7165495,45.5935475],[-122.7164607,45.5937931],[-122.7164415,45.593862],[-122.7164262,45.5940376],[-122.7161204,45.5939902],[-122.7154651,45.5938884],[-122.715312,45.5938609],[-122.7149327,45.5938834],[-122.7143158,45.593941],[-122.7138734,45.594018],[-122.7134225,45.5941639],[-122.7129842,45.5943552],[-122.7126461,45.5946132],[-122.7123725,45.5948547],[-122.712253,45.5951543],[-122.7121556,45.595461],[-122.7120915,45.59579],[-122.712058,45.596065],[-122.7120644,45.5962402],[-122.7120574,45.596347],[-122.7120479,45.5963853],[-122.7112607,45.5962404]]]}},{"type":"Feature","properties":{"boundary_id":"current-elementary-35","school_name":null,"review_status":"unverified"},"geometry":{"type":"Polygon","coordinates":[[[-122.5887287,45.5482299],[-122.588775,45.5464154],[-122.5888136,45.5453251],[-122.5888216,45.5452411],[-122.5888335,45.5446389],[-122.5888414,45.5445549],[-122.5888646,45.5436477],[-122.5888875,45.5427329],[-122.5889063,45.5420162],[-122.5901216,45.542017],[-122.5909328,45.5419412],[-122.5919169,45.5418471],[-122.5903944,45.5417453],[-122.5902085,45.541703],[-122.5901535,45.5416811],[-122.5900651,45.541637],[-122.5899985,45.5415925],[-122.5899202,45.5415253],[-122.5898035,45.5412836],[-122.5894579,45.5403831],[-122.5894202,45.5402314],[-122.5894139,45.5400486],[-122.5894301,45.5398883],[-122.5895745,45.5393523],[-122.589602,45.539207],[-122.5895981,45.5390928],[-122.58955,45.5389565],[-122.5893873,45.5386394],[-122.589294,45.5384506],[-122.5892319,45.5382231],[-122.5892032,45.5380179],[-122.5892016,45.5379722],[-122.5891694,45.537348],[-122.5891874,45.5372409],[-122.5892126,45.5363946],[-122.5892492,45.5361959],[-122.5893353,45.535859],[-122.5889909,45.5359415],[-122.5885815,45.5360251],[-122.5882253,45.5360773],[-122.587869,45.5361295],[-122.5875342,45.5361737],[-122.587036,45.5361981],[-122.5870488,45.5359387],[-122.5870457,45.5358474],[-122.5870521,45.5357177],[-122.5874958,45.5356868],[-122.5879605,45.5356326],[-122.5884355,45.535563],[-122.5888769,45.5354635],[-122.589339,45.5353332],[-122.5898539,45.5351637],[-122.5901433,45.5350594],[-122.5904213,45.53494],[-122.5917768,45.5342905],[-122.5929811,45.5336589],[-122.5949103,45.5326559],[-122.5962853,45.5319449],[-122.5968928,45.531629],[-122.5992062,45.5304436],[-122.6004743,45.5297803],[-122.6021147,45.5289044],[-122.6030633,45.5284145],[-122.6037041,45.5281208],[-122.6042073,45.5279287],[-122.6047012,45.5277824],[-122.6050372,45.5284011],[-122.6050285,45.5300321],[-122.6050319,45.5301311],[-122.6050252,45.5302531],[-122.6049871,45.5304062],[-122.6049759,45.5310237],[-122.604953,45.5319309],[-122.6048863,45.5321989],[-122.604889,45.532275],[-122.6048607,45.5336548],[-122.6048633,45.533731],[-122.6052105,45.5337322],[-122.6057315,45.5337379],[-122.6067512,45.5337344],[-122.6074781,45.5337363],[-122.6077603,45.5337387],[-122.608726,45.5337438],[-122.6091275,45.5337441],[-122.6098978,45.5337451],[-122.6100932,45.5337492],[-122.6108093,45.5337512],[-122.6109831,45.5337556],[-122.6110806,45.5337538],[-122.6111782,45.5337521],[-122.6115582,45.5337603],[-122.6118295,45.5337629],[-122.6122527,45.5337627],[-122.6125782,45.5337644],[-122.6128387,45.5337672],[-122.6138586,45.5337713],[-122.614868,45.5337831],[-122.6148719,45.5351471],[-122.6148547,45.5365268],[-122.6148552,45.5377918],[-122.6148425,45.5383635],[-122.6148446,45.5390493],[-122.6148438,45.5405887],[-122.6148432,45.5415108],[-122.6148356,45.5416024],[-122.6147163,45.5416046],[-122.6138917,45.5416045],[-122.6138155,45.5415983],[-122.6137078,45.5416231],[-122.6135674,45.541641],[-122.6134923,45.5416652],[-122.6133537,45.5417363],[-122.6131479,45.5417478],[-122.6129202,45.5417519],[-122.6127459,45.5417323],[-122.6125386,45.541698],[-122.6124082,45.5416928],[-122.6122553,45.5416651],[-122.6121242,45.5416371],[-122.6120363,45.5416082],[-122.6119596,45.5415867],[-122.6118287,45.5415663],[-122.611536,45.5415717],[-122.6113744,45.5416051],[-122.6112244,45.5416612],[-122.6111284,45.5417087],[-122.6110435,45.5417636],[-122.6108213,45.5419277],[-122.6108039,45.5417375],[-122.6107674,45.5416239],[-122.6107325,45.541556],[-122.6107092,45.5415107],[-122.6106307,45.5414359],[-122.610509,45.5413696],[-122.6103887,45.5413413],[-122.6102797,45.5413281],[-122.6075122,45.5413103],[-122.6075133,45.5410284],[-122.6054368,45.5418514],[-122.6044201,45.5422587],[-122.6044581,45.542418],[-122.604438,45.5437214],[-122.6033854,45.5437179],[-122.6023653,45.5437137],[-122.6013343,45.5437097],[-122.600694,45.5437062],[-122.6003189,45.5438426],[-122.5992484,45.544266],[-122.5991841,45.5442901],[-122.5982419,45.5446578],[-122.597214,45.5450576],[-122.5964537,45.5453535],[-122.5961966,45.5454496],[-122.5951795,45.5458492],[-122.5941624,45.5462487],[-122.593145,45.5466407],[-122.5924916,45.5468888],[-122.5920101,45.5470881],[-122.5910998,45.5474399],[-122.5899646,45.5478797],[-122.5890543,45.5482315],[-122.5887223,45.5483595],[-122.5887287,45.5482299]]]}},{"type":"Feature","properties":{"boundary_id":"current-elementary-36","school_name":null,"review_status":"unverified"},"geometry":{"type":"Polygon","coordinates":[[[-122.6505386,45.557728],[-122.6495617,45.5577234],[-122.6485847,45.5577188],[-122.6476077,45.5577142],[-122.6466307,45.5577096],[-122.645654,45.5577126],[-122.6446879,45.5577078],[-122.6437109,45.5577031],[-122.642734,45.5576985],[-122.6427411,45.5563571],[-122.6427523,45.5554423],[-122.6417754,45.5554377],[-122.6407987,45.5554406],[-122.6402993,45.5554347],[-122.6397893,45.5554366],[-122.639279,45.5554308],[-122.6387689,45.5554327],[-122.6382586,45.5554269],[-122.6377595,45.5554286],[-122.6372492,45.5554229],[-122.6367391,45.5554247],[-122.6362289,45.555419],[-122.6357188,45.5554208],[-122.6352085,45.5554151],[-122.6347094,45.5554167],[-122.6341991,45.5554109],[-122.6336673,45.5554132],[-122.6336837,45.5543307],[-122.6336937,45.5530655],[-122.6347251,45.5530768],[-122.6357345,45.5530809],[-122.6367548,45.5530848],[-122.6377748,45.5530811],[-122.6387842,45.5530852],[-122.6387797,45.5529557],[-122.6388312,45.5528786],[-122.6392238,45.5523149],[-122.6396788,45.5516739],[-122.6400714,45.5511103],[-122.6402304,45.5510006],[-122.6402573,45.5508401],[-122.6404982,45.5505917],[-122.6409061,45.5507747],[-122.6409574,45.5494553],[-122.6409691,45.5482434],[-122.6409804,45.5467114],[-122.6409589,45.5451723],[-122.6420113,45.5451679],[-122.6430206,45.545172],[-122.6440841,45.545175],[-122.6451368,45.5451782],[-122.6461461,45.5451822],[-122.6471663,45.545186],[-122.648219,45.5451891],[-122.6492716,45.5451923],[-122.6502921,45.5452037],[-122.6513014,45.5452076],[-122.6523215,45.5452114],[-122.6533308,45.5452153],[-122.654351,45.5452191],[-122.6553708,45.5452152],[-122.6553555,45.546008],[-122.6552359,45.5460027],[-122.6549103,45.5460011],[-122.6548453,45.5460024],[-122.6543464,45.5460117],[-122.65434,45.5467511],[-122.6543177,45.5482681],[-122.6545999,45.5482704],[-122.6555764,45.5482674],[-122.656347,45.5482681],[-122.6565533,45.5482719],[-122.6575301,45.5482764],[-122.6584527,45.5482819],[-122.659484,45.548293],[-122.6604608,45.5482975],[-122.6614591,45.548294],[-122.6614489,45.5495364],[-122.6614292,45.5508172],[-122.66142,45.5520901],[-122.661399,45.5533327],[-122.6613891,45.5545828],[-122.6613897,45.5555202],[-122.6603803,45.5555163],[-122.6594033,45.5555118],[-122.6584264,45.5555073],[-122.6574497,45.5555104],[-122.656831,45.5555067],[-122.6564728,45.5555058],[-122.6554959,45.5555013],[-122.6545189,45.5554967],[-122.653542,45.5554922],[-122.6525651,45.5554876],[-122.6515881,45.555483],[-122.6515659,45.5563904],[-122.6515545,45.5572975],[-122.6515481,45.557732],[-122.6505386,45.557728]]]}},{"type":"Feature","properties":{"boundary_id":"current-elementary-37","school_name":null,"review_status":"unverified"},"geometry":{"type":"Polygon","coordinates":[[[-122.5990719,45.5627636],[-122.5983555,45.5627614],[-122.5978996,45.5627621],[-122.5974869,45.5627544],[-122.5969551,45.5627564],[-122.5959021,45.5627528],[-122.59575,45.5627479],[-122.5955328,45.5627443],[-122.5939695,45.5627346],[-122.5925797,45.5627218],[-122.5917548,45.5627216],[-122.5913204,45.5627142],[-122.5911902,45.5627166],[-122.5910711,45.5627264],[-122.5909849,45.5627432],[-122.5908994,45.5627828],[-122.5908356,45.5628221],[-122.5906978,45.562916],[-122.5903261,45.562839],[-122.5900859,45.5627976],[-122.5898676,45.5627635],[-122.5896607,45.5627444],[-122.5896062,45.5627378],[-122.5893229,45.5627048],[-122.5890509,45.5626869],[-122.5888335,45.5626756],[-122.5886599,45.5626787],[-122.5875421,45.5626838],[-122.5871622,45.5626831],[-122.5864023,45.5626816],[-122.5856534,45.5626799],[-122.5852737,45.5626868],[-122.5841665,45.562684],[-122.5820931,45.5626759],[-122.5782836,45.5626838],[-122.578308,45.5611746],[-122.5783189,45.5602219],[-122.5783403,45.5598939],[-122.5783881,45.5574775],[-122.5783947,45.5573555],[-122.5784337,45.5550002],[-122.5784875,45.552759],[-122.5784877,45.5524466],[-122.5805321,45.5516171],[-122.5815598,45.5512022],[-122.5819558,45.5510427],[-122.5825765,45.5507876],[-122.5836041,45.5503727],[-122.5846314,45.5499502],[-122.5854564,45.5496381],[-122.5856704,45.5495504],[-122.5866879,45.5491585],[-122.5877051,45.548759],[-122.5887223,45.5483595],[-122.5890543,45.5482315],[-122.5899646,45.5478797],[-122.5910998,45.5474399],[-122.5920101,45.5470881],[-122.5924916,45.5468888],[-122.593145,45.5466407],[-122.5941624,45.5462487],[-122.5951795,45.5458492],[-122.5961966,45.5454496],[-122.5964537,45.5453535],[-122.597214,45.5450576],[-122.5982419,45.5446578],[-122.5991841,45.5442901],[-122.5992484,45.544266],[-122.6003189,45.5438426],[-122.600694,45.5437062],[-122.6013343,45.5437097],[-122.6023653,45.5437137],[-122.6033854,45.5437179],[-122.604438,45.5437214],[-122.6044197,45.5453906],[-122.6044078,45.5469301],[-122.6043967,45.5481801],[-122.6043885,45.5482564],[-122.6043806,45.5483404],[-122.6043699,45.5489731],[-122.6043528,45.549423],[-122.6043512,45.5496897],[-122.6043429,45.5500785],[-122.6043431,45.5503986],[-122.6043343,45.5507721],[-122.6043136,45.5511154],[-122.6042626,45.5512078],[-122.6037842,45.5518109],[-122.6032005,45.5525075],[-122.6020112,45.5538932],[-122.6007307,45.5554712],[-122.600777,45.5555542],[-122.6006966,45.5566834],[-122.6006838,45.5578877],[-122.6006721,45.5591224],[-122.600675,45.5592061],[-122.6006649,45.5595416],[-122.600657,45.560258],[-122.6006837,45.5604023],[-122.6007334,45.5605843],[-122.6007699,45.560698],[-122.6007614,45.5607667],[-122.6007648,45.5608657],[-122.6007571,45.5609573],[-122.6007082,45.5611106],[-122.6006785,45.5611949],[-122.6006491,45.5612869],[-122.6006408,45.5616757],[-122.600635,45.5627655],[-122.5990719,45.5627636]]]}},{"type":"Feature","properties":{"boundary_id":"current-elementary-38","school_name":null,"review_status":"unverified"},"geometry":{"type":"Polygon","coordinates":[[[-122.7534323,45.6103571],[-122.7533441,45.6103207],[-122.7532778,45.6102916],[-122.7532118,45.61027],[-122.7531456,45.6102408],[-122.7530793,45.6102116],[-122.7530022,45.6101826],[-122.7529359,45.6101534],[-122.7528917,45.6101314],[-122.7528366,45.6101096],[-122.7527703,45.6100804],[-122.752704,45.6100512],[-122.7526378,45.610022],[-122.7525715,45.6099928],[-122.7525053,45.6099636],[-122.752439,45.6099344],[-122.7523728,45.6099052],[-122.7523068,45.6098836],[-122.7522405,45.6098544],[-122.7521743,45.6098252],[-122.7520974,45.6098039],[-122.7520315,45.6097823],[-122.7519652,45.6097531],[-122.7518884,45.6097317],[-122.7518116,45.6097103],[-122.7517456,45.6096887],[-122.7516907,45.6096746],[-122.7516362,45.609668],[-122.7515594,45.6096466],[-122.7514828,45.6096329],[-122.751406,45.6096115],[-122.7513294,45.6095978],[-122.7512529,45.609584],[-122.7511763,45.6095703],[-122.7511109,45.6095639],[-122.7510235,45.6095504],[-122.7509473,45.6095442],[-122.750871,45.6095381],[-122.7507944,45.6095243],[-122.7507182,45.6095182],[-122.7506419,45.6095121],[-122.7505656,45.6095059],[-122.7504894,45.6094998],[-122.7504128,45.609486],[-122.7503366,45.6094799],[-122.75026,45.6094661],[-122.7501729,45.6094602],[-122.7500963,45.6094465],[-122.7500201,45.6094403],[-122.7499655,45.6094338],[-122.749911,45.6094272],[-122.7498344,45.6094134],[-122.7497579,45.6093997],[-122.7496816,45.6093936],[-122.7496051,45.6093798],[-122.7495285,45.609366],[-122.749452,45.6093523],[-122.7493754,45.6093385],[-122.7492986,45.6093172],[-122.7492326,45.6092956],[-122.7491561,45.6092818],[-122.7490792,45.6092605],[-122.7490133,45.6092389],[-122.7489364,45.6092175],[-122.7488813,45.6091957],[-122.7488262,45.6091739],[-122.7487602,45.6091523],[-122.748694,45.6091231],[-122.7486277,45.6090939],[-122.7485615,45.6090647],[-122.7484952,45.6090355],[-122.7484398,45.6090061],[-122.7483733,45.6089693],[-122.7483176,45.6089323],[-122.7482619,45.6088952],[-122.7482062,45.6088582],[-122.7481506,45.6088212],[-122.7480946,45.6087765],[-122.7480389,45.6087395],[-122.7479832,45.6087025],[-122.7479381,45.6086576],[-122.7478936,45.608628],[-122.7478599,45.6085982],[-122.747804,45.6085535],[-122.7477483,45.6085165],[-122.7476926,45.6084795],[-122.7476366,45.6084348],[-122.747581,45.6083978],[-122.7475253,45.6083608],[-122.7474916,45.6083309],[-122.747447,45.6083013],[-122.7473914,45.6082643],[-122.7473357,45.6082272],[-122.7472797,45.6081826],[-122.7472241,45.6081456],[-122.7471578,45.6081164],[-122.7471021,45.6080793],[-122.7470356,45.6080425],[-122.7469693,45.6080133],[-122.7469139,45.6079839],[-122.7468477,45.6079547],[-122.7467814,45.6079255],[-122.7467152,45.6078963],[-122.7466489,45.6078671],[-122.7465827,45.6078379],[-122.7465164,45.6078087],[-122.7464502,45.6077795],[-122.7463731,45.6077505],[-122.7463071,45.6077289],[-122.7462409,45.6076997],[-122.7461746,45.6076705],[-122.7461083,45.6076413],[-122.7460421,45.6076121],[-122.745955,45.6076062],[-122.745879,45.6076077],[-122.7457922,45.6076093],[-122.7457159,45.6076032],[-122.7456399,45.6076047],[-122.7455639,45.6076062],[-122.7454879,45.6076076],[-122.7454011,45.6076093],[-122.7453251,45.6076108],[-122.7452489,45.6076047],[-122.7451729,45.6076061],[-122.745086,45.6076078],[-122.7450101,45.6076093],[-122.7449338,45.6076032],[-122.7448578,45.6076046],[-122.7447816,45.6075985],[-122.7447056,45.6076],[-122.7446185,45.607594],[-122.7445422,45.6075879],[-122.7444659,45.6075818],[-122.7444002,45.6075678],[-122.7443231,45.6075388],[-122.7442683,45.6075246],[-122.744224,45.6075026],[-122.7441472,45.6074812],[-122.7440704,45.6074599],[-122.7440044,45.6074383],[-122.7439276,45.6074169],[-122.7438616,45.6073953],[-122.7437848,45.6073739],[-122.7437083,45.6073602],[-122.7436423,45.6073386],[-122.7435655,45.6073172],[-122.7434889,45.6073035],[-122.7434127,45.6072973],[-122.7433361,45.6072836],[-122.7432599,45.6072774],[-122.7431833,45.6072637],[-122.7431071,45.6072575],[-122.7430308,45.6072514],[-122.7429545,45.6072452],[-122.7428783,45.6072391],[-122.7427911,45.6072332],[-122.7427149,45.607227],[-122.7426386,45.6072209],[-122.7425624,45.6072147],[-122.7424861,45.6072086],[-122.7424101,45.6072101],[-122.742323,45.6072041],[-122.7422467,45.607198],[-122.7421705,45.6071918],[-122.7420942,45.6071857],[-122.7420182,45.6071872],[-122.741942,45.607181],[-122.7418548,45.6071751],[-122.7417786,45.607169],[-122.7417023,45.6071628],[-122.7416261,45.6071567],[-122.7415498,45.6071505],[-122.7414735,45.6071444],[-122.7413973,45.6071382],[-122.7413319,45.6071319],[-122.7412773,45.6071253],[-122.741201,45.6071192],[-122.7411139,45.6071132],[-122.7410377,45.6071071],[-122.7409614,45.607101],[-122.7408849,45.6070872],[-122.7408086,45.6070811],[-122.7407321,45.6070673],[-122.7406555,45.6070535],[-122.7405898,45.6070396],[-122.740513,45.6070182],[-122.7404365,45.6070044],[-122.7403702,45.6069752],[-122.7403154,45.606961],[-122.7402603,45.6069392],[-122.7401943,45.6069177],[-122.7401172,45.6068887],[-122.740051,45.6068595],[-122.739985,45.6068379],[-122.7399185,45.606801],[-122.7398631,45.6067716],[-122.7397968,45.6067424],[-122.7397303,45.6067056],[-122.7396746,45.6066686],[-122.7396189,45.6066315],[-122.7395633,45.6065945],[-122.7395076,45.6065575],[-122.7394519,45.6065204],[-122.7393963,45.6064834],[-122.7393403,45.6064388],[-122.7392958,45.6064091],[-122.7392621,45.6063793],[-122.7392061,45.6063347],[-122.7391613,45.6062974],[-122.7391054,45.6062528],[-122.7390603,45.6062079],[-122.7390152,45.606163],[-122.7389704,45.6061258],[-122.738925,45.6060733],[-122.7388799,45.6060285],[-122.7388348,45.6059836],[-122.7387897,45.6059387],[-122.7387554,45.6058937],[-122.7387103,45.6058488],[-122.7386653,45.605804],[-122.7386202,45.6057591],[-122.7385751,45.6057142],[-122.73853,45.6056694],[-122.7384849,45.6056245],[-122.7384398,45.6055797],[-122.7383947,45.6055348],[-122.7383387,45.6054901],[-122.7382936,45.6054453],[-122.7382485,45.6054004],[-122.7382037,45.6053632],[-122.7381586,45.6053183],[-122.7381135,45.6052735],[-122.7380576,45.6052288],[-122.7380125,45.605184],[-122.7379674,45.6051391],[-122.7379117,45.6051021],[-122.7378666,45.6050572],[-122.7378107,45.6050126],[-122.7377659,45.6049753],[-122.7377102,45.6049383],[-122.7376542,45.6048936],[-122.7375986,45.6048566],[-122.7375429,45.6048196],[-122.7374872,45.6047825],[-122.7374316,45.6047455],[-122.7373756,45.6047008],[-122.7373199,45.6046638],[-122.7372643,45.6046268],[-122.7372306,45.6045969],[-122.7371858,45.6045597],[-122.737141,45.6045225],[-122.7370853,45.6044854],[-122.7370293,45.6044408],[-122.7369737,45.6044037],[-122.736896,45.6043595],[-122.7369082,45.6041001],[-122.7369022,45.6030484],[-122.7368977,45.6029265],[-122.7369032,45.6024843],[-122.7368995,45.602088],[-122.7369025,45.6015773],[-122.7369052,45.6013562],[-122.7368997,45.6012039],[-122.7369049,45.6010513],[-122.7369004,45.6006322],[-122.7368973,45.6002511],[-122.7368959,45.5987343],[-122.7369017,45.598597],[-122.7368968,45.5975757],[-122.7369004,45.5973775],[-122.7366338,45.597215],[-122.7367159,45.5970838],[-122.736806,45.5968762],[-122.7374413,45.5955453],[-122.7380881,45.5942293],[-122.739052,45.5944546],[-122.740016,45.5946798],[-122.7409803,45.5949126],[-122.7419442,45.5951378],[-122.7428648,45.5953638],[-122.7438622,45.5956112],[-122.7448154,45.5958366],[-122.7452974,45.5959492],[-122.7457794,45.5960617],[-122.7467434,45.5962869],[-122.7477074,45.596512],[-122.7482442,45.5966388],[-122.7484301,45.5966733],[-122.7486158,45.5967002],[-122.7487683,45.5967124],[-122.7488988,45.5967175],[-122.7490182,45.5967152],[-122.7491701,45.5967122],[-122.7492783,45.5967025],[-122.749408,45.5966847],[-122.7495268,45.5966672],[-122.7496668,45.5966339],[-122.7497745,45.596609],[-122.7499353,45.5965525],[-122.7500853,45.5964962],[-122.7503204,45.5963925],[-122.7512591,45.5959321],[-122.7513554,45.5958921],[-122.7517393,45.5957017],[-122.7523261,45.5954158],[-122.7533079,45.594947],[-122.7542785,45.5944706],[-122.7552386,45.5940022],[-122.7557402,45.5937637],[-122.7564229,45.5934302],[-122.7565509,45.5933667],[-122.7569457,45.593176],[-122.7572547,45.5930175],[-122.7573165,45.5929249],[-122.7581594,45.5925196],[-122.7590026,45.592122],[-122.7598455,45.5917167],[-122.7606886,45.5913191],[-122.7612756,45.5910408],[-122.7615318,45.5909214],[-122.7630896,45.5901743],[-122.7632064,45.5901034],[-122.7635129,45.5898764],[-122.7640356,45.5896222],[-122.7646011,45.5893519],[-122.7652414,45.5890497],[-122.7655718,45.5888831],[-122.7676062,45.5878141],[-122.7680992,45.5882236],[-122.7690422,45.5890512],[-122.7693899,45.5893493],[-122.7722187,45.5918243],[-122.7724543,45.5920255],[-122.7748152,45.5947613],[-122.7755527,45.5956081],[-122.7766423,45.5968673],[-122.7776526,45.5980365],[-122.7779502,45.5984423],[-122.7797935,45.6009748],[-122.7799882,45.6012454],[-122.78048,45.6019065],[-122.7825386,45.6046711],[-122.7830376,45.6055226],[-122.7808621,45.6057333],[-122.7792511,45.6059328],[-122.7790575,45.6059823],[-122.7784713,45.6059939],[-122.7780503,45.6060632],[-122.7768314,45.606293],[-122.7763775,45.6063553],[-122.7761499,45.6063674],[-122.7754341,45.6063968],[-122.7750553,45.6064347],[-122.7743386,45.6064412],[-122.7736217,45.6064401],[-122.7727311,45.6064423],[-122.7718079,45.6064452],[-122.7711452,45.606443],[-122.7705802,45.6064389],[-122.7699067,45.6064369],[-122.7693745,45.6064397],[-122.7690269,45.6064389],[-122.7685927,45.6064474],[-122.7682451,45.6064466],[-122.7680931,45.6064496],[-122.7679517,45.6064448],[-122.7676912,45.6064499],[-122.7670813,45.6066982],[-122.7667268,45.6068042],[-122.7666088,45.6068446],[-122.7664903,45.6068698],[-122.7663291,45.6069187],[-122.7662943,45.6068584],[-122.7657444,45.6069683],[-122.7650289,45.6070052],[-122.7639626,45.6069575],[-122.7630443,45.6068002],[-122.7623857,45.6066149],[-122.7617025,45.6063538],[-122.7610631,45.6060996],[-122.7600504,45.6057382],[-122.7590773,45.6055667],[-122.7582921,45.605483],[-122.757254,45.60561],[-122.756132,45.6058148],[-122.7551618,45.6060167],[-122.7548919,45.6060601],[-122.7546773,45.6061329],[-122.7551634,45.6063521],[-122.7556937,45.6065933],[-122.7555674,45.6067024],[-122.7554945,45.6067877],[-122.7553874,45.6068279],[-122.7552791,45.6068377],[-122.7551157,45.6068256],[-122.7548227,45.6068313],[-122.754713,45.606803],[-122.7552809,45.6077676],[-122.7555584,45.6082195],[-122.7558826,45.608762],[-122.7553314,45.609131],[-122.7546107,45.6096177],[-122.7538583,45.6101278],[-122.7534983,45.6103787],[-122.7534323,45.6103571]]]}},{"type":"Feature","properties":{"boundary_id":"current-elementary-39","school_name":null,"review_status":"unverified"},"geometry":{"type":"Polygon","coordinates":[[[-122.7161439,45.4330716],[-122.7185602,45.433093],[-122.7194922,45.4331053],[-122.7198135,45.4344939],[-122.7199547,45.4348037],[-122.7200374,45.4349926],[-122.7201317,45.4352042],[-122.7202011,45.4353248],[-122.7202935,45.435483],[-122.7204276,45.4355948],[-122.7206268,45.4357128],[-122.7208902,45.4358068],[-122.7210645,45.4358338],[-122.7213038,45.4358596],[-122.7214559,45.4358719],[-122.7240763,45.4361407],[-122.7242067,45.4361534],[-122.7243264,45.4361663],[-122.7244571,45.4361866],[-122.724577,45.4362072],[-122.7246969,45.4362277],[-122.7248171,45.4362558],[-122.7249373,45.4362839],[-122.7250469,45.4363199],[-122.7251676,45.4363633],[-122.7252884,45.4364066],[-122.7253983,45.4364502],[-122.7255082,45.4364938],[-122.7256184,45.436545],[-122.725718,45.436604],[-122.7258282,45.4366552],[-122.7259282,45.4367219],[-122.7260278,45.4367809],[-122.7261277,45.4368475],[-122.7262279,45.4369218],[-122.7263281,45.4369961],[-122.7264175,45.4370705],[-122.7265071,45.4371526],[-122.7265965,45.4372271],[-122.7266753,45.4373094],[-122.7268452,45.4375119],[-122.7269712,45.4377],[-122.7270997,45.4379566],[-122.7271941,45.4381682],[-122.7272227,45.4383582],[-122.727266,45.4386546],[-122.727266,45.4395464],[-122.7272793,45.439912],[-122.7272638,45.4403773],[-122.7152464,45.4402846],[-122.7150282,45.4402431],[-122.7131426,45.4402265],[-122.7130141,45.4402672],[-122.7130034,45.4408695],[-122.7129768,45.4410301],[-122.7129909,45.4411213],[-122.7129841,45.4418303],[-122.7129881,45.4425391],[-122.7129813,45.4432481],[-122.7129792,45.4437893],[-122.7129853,45.4439569],[-122.7130087,45.4446043],[-122.7130331,45.4446801],[-122.7130258,45.4453738],[-122.7129951,45.445725],[-122.7129867,45.4460911],[-122.7129789,45.4464723],[-122.7129905,45.4467922],[-122.7129787,45.4473641],[-122.712977,45.4476157],[-122.712979,45.4482712],[-122.7129799,45.4491934],[-122.7129744,45.4505351],[-122.7129693,45.4518919],[-122.7129771,45.4533019],[-122.7129715,45.4534468],[-122.7129526,45.4535234],[-122.7129337,45.4536],[-122.712904,45.4536768],[-122.7128851,45.4537534],[-122.7128445,45.4538304],[-122.7128148,45.4539072],[-122.7127743,45.4539842],[-122.7127334,45.4540536],[-122.7126821,45.4541308],[-122.7126304,45.4542004],[-122.7125785,45.4542624],[-122.7125265,45.4543244],[-122.7124529,45.4543868],[-122.7124013,45.4544564],[-122.712328,45.4545264],[-122.7122441,45.4546043],[-122.7121711,45.4546819],[-122.7121089,45.4547594],[-122.7120355,45.4548294],[-122.7119842,45.4549066],[-122.7119219,45.454984],[-122.7119017,45.4550225],[-122.7118817,45.4550687],[-122.7118306,45.4551535],[-122.7118008,45.4552303],[-122.7117714,45.4553147],[-122.7117319,45.4554222],[-122.7117022,45.455499],[-122.7116422,45.4556374],[-122.7115508,45.4558068],[-122.7114994,45.4558841],[-122.7114475,45.455946],[-122.7113634,45.4560163],[-122.7112359,45.4560874],[-122.7110124,45.4561984],[-122.7104151,45.4564615],[-122.7103304,45.4565166],[-122.7102776,45.4565557],[-122.710236,45.4566022],[-122.7101954,45.4566792],[-122.710187,45.456748],[-122.7101601,45.456901],[-122.7101334,45.4570616],[-122.7099729,45.457118],[-122.7098335,45.4571588],[-122.7095433,45.4572255],[-122.7078654,45.4575705],[-122.7065953,45.4578086],[-122.7058311,45.457953],[-122.7052286,45.4580714],[-122.7049262,45.4581001],[-122.7047424,45.4581113],[-122.7045364,45.4581077],[-122.7040485,45.4581019],[-122.7037778,45.4581071],[-122.7035829,45.4581109],[-122.7032902,45.4581089],[-122.7029212,45.4580932],[-122.7026275,45.4580608],[-122.7026264,45.4580303],[-122.702625,45.4579922],[-122.7026234,45.4579465],[-122.7026254,45.4577026],[-122.7026327,45.4576034],[-122.7026264,45.4574282],[-122.7026311,45.4572604],[-122.7026262,45.4571233],[-122.7026327,45.456704],[-122.7026264,45.4565288],[-122.7026276,45.456262],[-122.7026336,45.4558274],[-122.702632,45.4557817],[-122.7025954,45.4556681],[-122.7024058,45.4555193],[-122.7022515,45.4554461],[-122.7019783,45.4553828],[-122.7007787,45.4551697],[-122.700691,45.4551409],[-122.7005805,45.4550821],[-122.7004031,45.4549712],[-122.7003251,45.4549117],[-122.7002913,45.4548743],[-122.7002569,45.4548216],[-122.6999104,45.4548283],[-122.6998354,45.4548526],[-122.6982463,45.4552568],[-122.6973182,45.4550613],[-122.6966525,45.4549294],[-122.6959675,45.4548664],[-122.693732,45.4547723],[-122.6925473,45.4543683],[-122.6914954,45.4537408],[-122.6914551,45.4538254],[-122.6913276,45.4538964],[-122.6911879,45.4539296],[-122.6910469,45.4539247],[-122.6902049,45.4537123],[-122.6900289,45.4536394],[-122.6899512,45.4535876],[-122.6898713,45.4534748],[-122.6897895,45.4533087],[-122.6897205,45.4531957],[-122.6895201,45.4530471],[-122.6894568,45.4530941],[-122.6842004,45.453058],[-122.6839632,45.453093],[-122.6838025,45.4531418],[-122.6836961,45.4531972],[-122.68359,45.4532602],[-122.6826061,45.453927],[-122.6821987,45.4537442],[-122.6818218,45.4535076],[-122.6814219,45.4532333],[-122.6811128,45.4530715],[-122.6808819,45.4529769],[-122.6806087,45.4529135],[-122.6803586,45.4528878],[-122.6800443,45.4528862],[-122.6798713,45.4528972],[-122.6796883,45.4529311],[-122.6785577,45.4531281],[-122.6783097,45.4531634],[-122.6780723,45.4531908],[-122.6779318,45.4532011],[-122.6777908,45.4531962],[-122.6776711,45.4531832],[-122.6775626,45.4531777],[-122.677421,45.4531575],[-122.67729,45.4531295],[-122.6771262,45.4530946],[-122.6769949,45.453059],[-122.6768414,45.4530086],[-122.6749747,45.4529223],[-122.6746079,45.4526626],[-122.6744297,45.4525288],[-122.6729363,45.4513608],[-122.672835,45.451256],[-122.6727554,45.4511508],[-122.6726967,45.4510224],[-122.6726842,45.4509769],[-122.6727051,45.4503439],[-122.6727862,45.4486656],[-122.6727919,45.4485207],[-122.6728481,45.4470563],[-122.6728914,45.4467506],[-122.6730472,45.443516],[-122.6732143,45.4402965],[-122.6734108,45.4363828],[-122.6735868,45.4328049],[-122.6757428,45.4328169],[-122.6769342,45.4328169],[-122.6772917,45.4328177],[-122.6793936,45.4328307],[-122.6820802,45.43284],[-122.6835212,45.4328504],[-122.6850488,45.4328591],[-122.686273,45.432866],[-122.6872266,45.4328781],[-122.6878875,45.4328806],[-122.6890576,45.4328886],[-122.6902277,45.4328965],[-122.6908344,45.4329],[-122.6913978,45.4329044],[-122.6923837,45.4329082],[-122.6962407,45.4329327],[-122.6975518,45.4329454],[-122.6984727,45.4329504],[-122.7001196,45.4329642],[-122.7011271,45.4329676],[-122.7022323,45.4329766],[-122.702377,45.4327833],[-122.7024773,45.4325603],[-122.702604,45.4321691],[-122.7039758,45.4323635],[-122.7040965,45.4324069],[-122.7042069,45.4324657],[-122.704296,45.4325326],[-122.7044314,45.4326824],[-122.7045205,45.4327493],[-122.7045979,45.4327935],[-122.7047191,45.4328521],[-122.7050485,45.4329753],[-122.705257,45.4330475],[-122.7058597,45.4332415],[-122.7065277,45.433442],[-122.7070753,45.4336066],[-122.7072173,45.433642],[-122.7073153,45.4336553],[-122.7074133,45.4336687],[-122.7075757,45.4336655],[-122.7076298,45.4336644],[-122.7077375,45.4336471],[-122.7079309,45.4336052],[-122.7080592,45.433557],[-122.7081658,45.4335092],[-122.7083667,45.4333757],[-122.7084947,45.4333199],[-122.7087056,45.4334606],[-122.7087611,45.4334976],[-122.7089487,45.433593],[-122.7090697,45.433644],[-122.7093333,45.4337456],[-122.7095962,45.4338244],[-122.7102722,45.4339484],[-122.7105326,45.4339586],[-122.7106303,45.4339643],[-122.7108035,45.4339609],[-122.7109658,45.4339577],[-122.7111818,45.4339383],[-122.7113114,45.4339281],[-122.7115165,45.4339089],[-122.7118707,45.4338182],[-122.7120525,45.4337536],[-122.7123095,45.4336724],[-122.7123633,45.4336637],[-122.7126215,45.433613],[-122.7128924,45.4336153],[-122.7131316,45.4336411],[-122.7133825,45.4336896],[-122.7135798,45.4337543],[-122.7137674,45.4338498],[-122.7138559,45.4339014],[-122.7141229,45.4340944],[-122.7142006,45.4341462],[-122.7143444,45.4342273],[-122.7144765,45.4342857],[-122.7147074,45.4343802],[-122.7149269,45.4344598],[-122.7151131,45.4345171],[-122.7152672,45.4345827],[-122.7154326,45.4346634],[-122.7156657,45.4348189],[-122.7157076,45.4347799],[-122.7162539,45.4343119],[-122.7164216,45.4341562],[-122.7165043,45.4340479],[-122.7165756,45.4339245],[-122.7166253,45.4338016],[-122.7166126,45.4337485],[-122.7166004,45.4337106],[-122.7164416,45.4335155],[-122.7162369,45.4332451],[-122.7161439,45.4330716]]]}},{"type":"Feature","properties":{"boundary_id":"current-elementary-40","school_name":null,"review_status":"unverified"},"geometry":{"type":"Polygon","coordinates":[[[-122.5758099,45.5528455],[-122.5758483,45.5511075],[-122.5767384,45.5511142],[-122.5771183,45.551115],[-122.5778129,45.5511177],[-122.5783771,45.5511151],[-122.5784639,45.5511135],[-122.5785073,45.5511127],[-122.5785339,45.5499845],[-122.5784796,45.5499855],[-122.5754843,45.5499787],[-122.5729989,45.5499702],[-122.5699168,45.5499648],[-122.5695262,45.5499643],[-122.5694066,45.5499588],[-122.5693917,45.5514373],[-122.5693858,45.5519022],[-122.5693812,45.5520852],[-122.5693737,45.5525044],[-122.5693732,45.5528092],[-122.5691455,45.5528133],[-122.5683258,45.5526452],[-122.5680637,45.5525965],[-122.5680691,45.5521164],[-122.5678055,45.5520221],[-122.567156,45.5517518],[-122.5657908,45.5511744],[-122.5657466,45.5511524],[-122.5653154,45.5509163],[-122.5651594,45.5507972],[-122.5650814,45.5507376],[-122.5635644,45.5495229],[-122.5630312,45.5491591],[-122.5629297,45.5490466],[-122.5628716,45.5489334],[-122.5628479,45.5488728],[-122.5628337,45.548774],[-122.5628414,45.5486825],[-122.5628613,45.5486288],[-122.5628913,45.548552],[-122.5629638,45.5484517],[-122.5630059,45.5484128],[-122.5630795,45.5483429],[-122.5631965,45.5482722],[-122.5633465,45.5482162],[-122.5634862,45.5481756],[-122.5635944,45.548166],[-122.5637137,45.5481639],[-122.5638332,45.5481694],[-122.5639861,45.5481971],[-122.564117,45.5482176],[-122.564204,45.5482237],[-122.5643236,45.5482291],[-122.5645288,45.5482026],[-122.5646254,45.5481704],[-122.5647326,45.5481303],[-122.5671853,45.5481396],[-122.5672396,45.5481386],[-122.5672814,45.5480921],[-122.5673126,45.5480534],[-122.5673439,45.5480148],[-122.5673955,45.5479377],[-122.5674474,45.5478681],[-122.5675179,45.5477069],[-122.5675566,45.547569],[-122.5675946,45.5474083],[-122.5676328,45.5472552],[-122.5677048,45.5471396],[-122.5677874,45.5470162],[-122.56787,45.5468928],[-122.567994,45.5467077],[-122.5681486,45.5464687],[-122.5682183,45.5462846],[-122.5682713,45.5462455],[-122.5683242,45.5462065],[-122.5683552,45.5461602],[-122.5683751,45.5461065],[-122.5683831,45.5460226],[-122.568296,45.5456965],[-122.5682692,45.5455446],[-122.5682537,45.5454077],[-122.5683045,45.5449877],[-122.5683019,45.5449115],[-122.5682996,45.544843],[-122.5682748,45.544752],[-122.5682397,45.5446764],[-122.5681472,45.5445105],[-122.5680822,45.5445116],[-122.5659988,45.5445111],[-122.5629492,45.5444973],[-122.5629971,45.5423858],[-122.564668,45.5423862],[-122.5647037,45.5408769],[-122.5630002,45.540877],[-122.5629971,45.5423858],[-122.5628995,45.5423875],[-122.5596979,45.5423688],[-122.5595133,45.5423645],[-122.5595789,45.5420586],[-122.5596523,45.541341],[-122.5597211,45.5404864],[-122.5598133,45.5393646],[-122.5598699,45.5387921],[-122.5599441,45.5380974],[-122.5600104,45.5378143],[-122.5600572,45.5375925],[-122.5601837,45.5371635],[-122.5603544,45.5367566],[-122.5605282,45.5364411],[-122.5607652,45.5360711],[-122.5611073,45.5356001],[-122.5615358,45.53512],[-122.5618926,45.5347631],[-122.5623364,45.5344122],[-122.5637818,45.5335252],[-122.5680114,45.5334795],[-122.5684128,45.5334798],[-122.5684182,45.5333197],[-122.5684146,45.5332131],[-122.5684226,45.5328091],[-122.5684494,45.5316809],[-122.5684455,45.5315667],[-122.5702984,45.5315028],[-122.5709386,45.5315064],[-122.5715788,45.5315101],[-122.5720899,45.5315466],[-122.5726566,45.5316202],[-122.5735077,45.5317648],[-122.5738139,45.5318354],[-122.5741425,45.5319286],[-122.5747458,45.5321234],[-122.5756455,45.5324195],[-122.5788826,45.5334962],[-122.5801345,45.5339384],[-122.580947,45.5342208],[-122.5816833,45.534497],[-122.5818708,45.534585],[-122.5823006,45.534783],[-122.5826192,45.5348991],[-122.5835306,45.5352178],[-122.5839034,45.535333],[-122.5842213,45.5354263],[-122.5849862,45.5355876],[-122.5853353,45.5356422],[-122.585738,45.5356806],[-122.5860316,45.5356982],[-122.5864227,45.5357139],[-122.5870521,45.5357177],[-122.5870457,45.5358474],[-122.5870488,45.5359387],[-122.587036,45.5361981],[-122.5875342,45.5361737],[-122.587869,45.5361295],[-122.5882253,45.5360773],[-122.5885815,45.5360251],[-122.5889909,45.5359415],[-122.5893353,45.535859],[-122.5892492,45.5361959],[-122.5892126,45.5363946],[-122.5891874,45.5372409],[-122.5891694,45.537348],[-122.5892016,45.5379722],[-122.5892032,45.5380179],[-122.5892319,45.5382231],[-122.589294,45.5384506],[-122.5893873,45.5386394],[-122.58955,45.5389565],[-122.5895981,45.5390928],[-122.589602,45.539207],[-122.5895745,45.5393523],[-122.5894301,45.5398883],[-122.5894139,45.5400486],[-122.5894202,45.5402314],[-122.5894579,45.5403831],[-122.5898035,45.5412836],[-122.5899202,45.5415253],[-122.5899985,45.5415925],[-122.5900651,45.541637],[-122.5901535,45.5416811],[-122.5902085,45.541703],[-122.5903944,45.5417453],[-122.5919169,45.5418471],[-122.5909328,45.5419412],[-122.5901216,45.542017],[-122.5889063,45.5420162],[-122.5888875,45.5427329],[-122.5888646,45.5436477],[-122.5888414,45.5445549],[-122.5888335,45.5446389],[-122.5888216,45.5452411],[-122.5888136,45.5453251],[-122.588775,45.5464154],[-122.5887287,45.5482299],[-122.5887223,45.5483595],[-122.5877051,45.548759],[-122.5866879,45.5491585],[-122.5856704,45.5495504],[-122.5854564,45.5496381],[-122.5846314,45.5499502],[-122.5836041,45.5503727],[-122.5825765,45.5507876],[-122.5819558,45.5510427],[-122.5815598,45.5512022],[-122.5805321,45.5516171],[-122.5784877,45.5524466],[-122.5784875,45.552759],[-122.5758099,45.5528455]]]}},{"type":"Feature","properties":{"boundary_id":"current-elementary-41","school_name":null,"review_status":"unverified"},"geometry":{"type":"Polygon","coordinates":[[[-122.5918277,45.5231336],[-122.5924581,45.5231678],[-122.5969375,45.5231545],[-122.5984248,45.5228758],[-122.6016357,45.5228779],[-122.6022107,45.5228825],[-122.6021361,45.5288964],[-122.6021147,45.5289044],[-122.6004743,45.5297803],[-122.5992062,45.5304436],[-122.5968928,45.531629],[-122.5962853,45.5319449],[-122.5949103,45.5326559],[-122.5929811,45.5336589],[-122.5917768,45.5342905],[-122.5904213,45.53494],[-122.5901433,45.5350594],[-122.5898539,45.5351637],[-122.589339,45.5353332],[-122.5888769,45.5354635],[-122.5884355,45.535563],[-122.5879605,45.5356326],[-122.5874958,45.5356868],[-122.5870521,45.5357177],[-122.5864227,45.5357139],[-122.5860316,45.5356982],[-122.585738,45.5356806],[-122.5853353,45.5356422],[-122.5849862,45.5355876],[-122.5842213,45.5354263],[-122.5839034,45.535333],[-122.5835306,45.5352178],[-122.5826192,45.5348991],[-122.5823006,45.534783],[-122.5818708,45.534585],[-122.5816833,45.534497],[-122.580947,45.5342208],[-122.5801345,45.5339384],[-122.5788826,45.5334962],[-122.5756455,45.5324195],[-122.5747458,45.5321234],[-122.5741425,45.5319286],[-122.5738139,45.5318354],[-122.5735077,45.5317648],[-122.5726566,45.5316202],[-122.5720899,45.5315466],[-122.5715788,45.5315101],[-122.5709386,45.5315064],[-122.5702984,45.5315028],[-122.5684455,45.5315667],[-122.5684483,45.5310104],[-122.5684673,45.5299737],[-122.5684756,45.5298974],[-122.5684921,45.5287846],[-122.5685293,45.5263684],[-122.5685257,45.5262618],[-122.5685198,45.5260867],[-122.5685334,45.5258502],[-122.5685288,45.5257132],[-122.5685427,45.5251643],[-122.5685522,45.524806],[-122.5685491,45.5243946],[-122.5685795,45.5227329],[-122.5685854,45.522588],[-122.5683575,45.5225845],[-122.5677068,45.5225886],[-122.5673596,45.5225873],[-122.5673754,45.5220917],[-122.5673774,45.5218326],[-122.5673792,45.5215659],[-122.5673862,45.5214514],[-122.5673942,45.5210474],[-122.5673903,45.5209332],[-122.5673986,45.5208569],[-122.5673942,45.5207274],[-122.5673921,45.5206665],[-122.5674019,45.5206358],[-122.5673998,45.5205749],[-122.5673965,45.5204759],[-122.5674006,45.5202777],[-122.5677914,45.5202859],[-122.5679738,45.5202293],[-122.5679919,45.5201223],[-122.5681762,45.5201189],[-122.568274,45.5201248],[-122.5684041,45.5201224],[-122.5685669,45.5201271],[-122.5686211,45.5201261],[-122.5686258,45.5199432],[-122.5686221,45.5198366],[-122.5686203,45.5197833],[-122.5686185,45.51973],[-122.5686154,45.5196386],[-122.5686304,45.5194402],[-122.5686484,45.5193332],[-122.5686427,45.5191657],[-122.5712438,45.5191034],[-122.5719272,45.5191063],[-122.5728819,45.5191118],[-122.5738366,45.5191174],[-122.5739127,45.5191236],[-122.5771239,45.5191416],[-122.5779593,45.5191493],[-122.5789682,45.5191539],[-122.5801941,45.5191621],[-122.5804112,45.5191658],[-122.5813767,45.5191711],[-122.5823422,45.5191764],[-122.5830042,45.5191872],[-122.5831668,45.5191842],[-122.5834381,45.5191869],[-122.5846751,45.5192025],[-122.5851523,45.5192014],[-122.5857707,45.5192054],[-122.5859986,45.5192089],[-122.586552,45.519214],[-122.5874305,45.5192133],[-122.5876584,45.5192167],[-122.5885589,45.5192232],[-122.5884742,45.5192857],[-122.5884634,45.5199183],[-122.5884758,45.5199638],[-122.5884996,45.5200244],[-122.5885342,45.5200847],[-122.5885577,45.5201376],[-122.5885489,45.5201987],[-122.5884968,45.5202606],[-122.5883678,45.5202935],[-122.5881074,45.5202906],[-122.5879799,45.5203691],[-122.5880467,45.5204212],[-122.5888522,45.520818],[-122.5897895,45.5212658],[-122.5908035,45.521735],[-122.5911334,45.5218661],[-122.5913859,45.5219529],[-122.5915286,45.5220037],[-122.591849,45.5221731],[-122.5918277,45.5231336]]]}},{"type":"Feature","properties":{"boundary_id":"current-elementary-42","school_name":null,"review_status":"unverified"},"geometry":{"type":"Polygon","coordinates":[[[-122.6048493,45.4758464],[-122.6041775,45.4758512],[-122.6035487,45.4758476],[-122.6028985,45.475852],[-122.6022589,45.4758485],[-122.5996901,45.4758502],[-122.5984111,45.4758509],[-122.5981403,45.4758558],[-122.5977501,45.4758554],[-122.5971432,45.475859],[-122.5964714,45.4758637],[-122.5961897,45.4758689],[-122.5961356,45.4758699],[-122.5958214,45.4758757],[-122.5951927,45.475872],[-122.5945316,45.4758765],[-122.5944125,45.4758787],[-122.5942392,45.4758819],[-122.5942175,45.4758823],[-122.5942594,45.4711036],[-122.593284,45.4711063],[-122.5923089,45.4711166],[-122.5913336,45.4711192],[-122.5903585,45.4711295],[-122.5895023,45.47113],[-122.5893726,45.47114],[-122.5889824,45.4711395],[-122.5888738,45.4711339],[-122.5887328,45.4711289],[-122.5886672,45.4711148],[-122.5886015,45.4710932],[-122.5885246,45.4710641],[-122.5884369,45.4710352],[-122.5883276,45.4710067],[-122.5882406,45.4710007],[-122.5855207,45.4710125],[-122.5831254,45.4710106],[-122.5830173,45.4710202],[-122.5829093,45.4710298],[-122.5790946,45.4710385],[-122.5790761,45.4704978],[-122.579083,45.4700633],[-122.5790878,45.469568],[-122.5790849,45.4691641],[-122.5790793,45.4686842],[-122.5790784,45.4680212],[-122.5790767,45.4673355],[-122.5790838,45.4669086],[-122.5790881,45.4651254],[-122.5790882,45.4644929],[-122.5790812,45.4642873],[-122.5790867,45.4634947],[-122.579092,45.4633346],[-122.5791827,45.4615422],[-122.5798979,45.4615444],[-122.5800496,45.4615416],[-122.5821296,45.4615264],[-122.5821946,45.4615252],[-122.5823032,45.4615309],[-122.5823573,45.4615299],[-122.5846107,45.4615115],[-122.5855209,45.46151],[-122.5856836,45.4615147],[-122.5868984,45.4615457],[-122.5894341,45.4615449],[-122.5934645,45.4615242],[-122.5945919,45.4615339],[-122.5966719,45.4615184],[-122.597658,45.4615155],[-122.5986984,45.4615192],[-122.5997494,45.461515],[-122.6026855,45.4614989],[-122.6027397,45.4614979],[-122.6034117,45.4615007],[-122.6038559,45.4615001],[-122.6040836,45.4615035],[-122.6048747,45.4615041],[-122.6049289,45.4615031],[-122.6050371,45.4615011],[-122.6053948,45.4615021],[-122.6066848,45.4615164],[-122.6069017,45.46152],[-122.6087874,45.4615231],[-122.6101096,45.4615291],[-122.6100748,45.4718023],[-122.6099688,45.4724978],[-122.6087436,45.4759345],[-122.6087624,45.4758503],[-122.6059442,45.4758491],[-122.6048493,45.4758464]]]}},{"type":"Feature","properties":{"boundary_id":"current-elementary-43","school_name":null,"review_status":"unverified"},"geometry":{"type":"Polygon","coordinates":[[[-122.6805998,45.5882877],[-122.6792816,45.5881678],[-122.6780559,45.5879013],[-122.6771769,45.5876131],[-122.6763255,45.5871871],[-122.6756817,45.5867953],[-122.6752078,45.5865985],[-122.6747173,45.5865467],[-122.6742846,45.586593],[-122.6739092,45.586722],[-122.6734692,45.5868675],[-122.672995,45.5869679],[-122.672607,45.5870514],[-122.6722381,45.5870584],[-122.671734,45.5869307],[-122.6713054,45.5867863],[-122.6704086,45.5863002],[-122.6685918,45.5852903],[-122.6678458,45.5850757],[-122.6668988,45.5850096],[-122.6661566,45.5852065],[-122.6655174,45.5855538],[-122.6651072,45.5859273],[-122.6648017,45.5861922],[-122.6645456,45.5863189],[-122.6641143,45.5864033],[-122.6636385,45.5864579],[-122.6631589,45.5864059],[-122.6626736,45.586194],[-122.66223,45.5859356],[-122.6617903,45.5857838],[-122.6610647,45.5855307],[-122.660023,45.5852453],[-122.6578841,45.5846376],[-122.6568379,45.5842228],[-122.6545649,45.5835032],[-122.6531815,45.5830718],[-122.6518795,45.5827912],[-122.6506928,45.5826991],[-122.6496432,45.5828025],[-122.6492018,45.5829098],[-122.6479028,45.582713],[-122.6479056,45.5824843],[-122.6478843,45.5821875],[-122.6463525,45.5821627],[-122.6463569,45.5819797],[-122.6463804,45.580798],[-122.646387,45.5797538],[-122.6463833,45.5796472],[-122.6436903,45.5796364],[-122.6437572,45.576602],[-122.6437307,45.5764653],[-122.6437295,45.5761224],[-122.6437315,45.5758709],[-122.6437303,45.575528],[-122.6436271,45.575065],[-122.6436299,45.5748363],[-122.6436373,45.5741198],[-122.6432681,45.5741191],[-122.6432818,45.5732729],[-122.6432897,45.5725717],[-122.6464377,45.5725664],[-122.6464353,45.5718805],[-122.6464328,45.5711947],[-122.6464412,45.5705087],[-122.6464388,45.5698228],[-122.6464363,45.569137],[-122.6464447,45.568451],[-122.6468247,45.5684515],[-122.6478124,45.5684483],[-122.648149,45.5684496],[-122.6488112,45.5684525],[-122.6498424,45.5684485],[-122.6498028,45.5682511],[-122.6498137,45.5664066],[-122.6498642,45.566299],[-122.6508741,45.5663106],[-122.6509937,45.566316],[-122.6518949,45.566322],[-122.6529043,45.5663184],[-122.6539139,45.5663223],[-122.6549127,45.5663265],[-122.6559226,45.5663381],[-122.6571823,45.5663526],[-122.6576924,45.5663506],[-122.658192,45.5663565],[-122.6592016,45.5663604],[-122.6594511,45.5663557],[-122.6602113,45.5663643],[-122.6610688,45.5663635],[-122.6612231,45.5664292],[-122.6618745,45.5664322],[-122.6624174,45.5664372],[-122.6629495,45.5664425],[-122.6634922,45.5664399],[-122.6640242,45.5664451],[-122.6645669,45.5664425],[-122.6645475,45.5677309],[-122.6645382,45.5689962],[-122.6645297,45.5699795],[-122.6641389,45.5699792],[-122.6641387,45.5718083],[-122.6650614,45.5718062],[-122.6656044,45.5718112],[-122.6661254,45.571809],[-122.6666247,45.5718073],[-122.6675691,45.5718047],[-122.6686005,45.5718082],[-122.6685867,45.5720294],[-122.6695967,45.5720409],[-122.6705739,45.5720453],[-122.6715622,45.5720572],[-122.6715725,45.5717369],[-122.6726042,45.5717479],[-122.6736034,45.5717596],[-122.6746676,45.57177],[-122.6756774,45.5717737],[-122.6765786,45.5717796],[-122.6775119,45.5717695],[-122.6779898,45.5717758],[-122.6785761,45.5717799],[-122.6785803,45.572199],[-122.6785668,45.5730376],[-122.6785521,45.5747527],[-122.6785321,45.57723],[-122.6784989,45.5778175],[-122.6784674,45.5799749],[-122.6784801,45.5812399],[-122.6784844,45.5813617],[-122.6784836,45.5816437],[-122.6785369,45.5822219],[-122.6785964,45.5826705],[-122.6787131,45.5832018],[-122.678909,45.583823],[-122.6790173,45.5841182],[-122.6792656,45.5846851],[-122.6793712,45.5849041],[-122.6803142,45.5869822],[-122.6806328,45.5876926],[-122.6809045,45.5883048],[-122.6805998,45.5882877]]]}},{"type":"Feature","properties":{"boundary_id":"current-elementary-44","school_name":null,"review_status":"unverified"},"geometry":{"type":"Polygon","coordinates":[[[-122.5942175,45.4758823],[-122.5942392,45.4758819],[-122.5944125,45.4758787],[-122.5945316,45.4758765],[-122.5951927,45.475872],[-122.5958214,45.4758757],[-122.5961356,45.4758699],[-122.5961897,45.4758689],[-122.5964714,45.4758637],[-122.5971432,45.475859],[-122.5977501,45.4758554],[-122.5981403,45.4758558],[-122.5984111,45.4758509],[-122.5996901,45.4758502],[-122.6022589,45.4758485],[-122.6028985,45.475852],[-122.6035487,45.4758476],[-122.6041775,45.4758512],[-122.6048493,45.4758464],[-122.6059442,45.4758491],[-122.6087624,45.4758503],[-122.6087436,45.4759345],[-122.6087454,45.4763002],[-122.6087433,45.4765517],[-122.6087485,45.4770165],[-122.6087437,45.4775043],[-122.6087513,45.4777251],[-122.6087436,45.4784416],[-122.6087474,45.4791807],[-122.5970616,45.4791601],[-122.5922049,45.4791426],[-122.5918962,45.4793083],[-122.5914927,45.479552],[-122.5894221,45.4795442],[-122.5893026,45.4795388],[-122.5884051,45.479601],[-122.5880156,45.4796233],[-122.5867368,45.4796315],[-122.5841568,45.4796254],[-122.5816964,45.4796322],[-122.5815989,45.479634],[-122.5815014,45.4796358],[-122.5809257,45.4796006],[-122.5793294,45.4795154],[-122.5790145,45.4794983],[-122.5789654,45.4828292],[-122.5775276,45.4823067],[-122.5748485,45.481624],[-122.5748682,45.4806102],[-122.5753779,45.4806161],[-122.5758876,45.4806221],[-122.575933,45.4794097],[-122.5754012,45.4793889],[-122.5754692,45.4775664],[-122.5755388,45.4757897],[-122.5758859,45.4757986],[-122.5764827,45.4758182],[-122.5770471,45.4758384],[-122.5770514,45.4740552],[-122.577034,45.4722725],[-122.5779333,45.4722637],[-122.5790832,45.472296],[-122.5790865,45.472075],[-122.5790946,45.4710385],[-122.5829093,45.4710298],[-122.5830173,45.4710202],[-122.5831254,45.4710106],[-122.5855207,45.4710125],[-122.5882406,45.4710007],[-122.5883276,45.4710067],[-122.5884369,45.4710352],[-122.5885246,45.4710641],[-122.5886015,45.4710932],[-122.5886672,45.4711148],[-122.5887328,45.4711289],[-122.5888738,45.4711339],[-122.5889824,45.4711395],[-122.5893726,45.47114],[-122.5895023,45.47113],[-122.5903585,45.4711295],[-122.5913336,45.4711192],[-122.5923089,45.4711166],[-122.593284,45.4711063],[-122.5942594,45.4711036],[-122.5942175,45.4758823]]]}},{"type":"Feature","properties":{"boundary_id":"current-elementary-45","school_name":null,"review_status":"unverified"},"geometry":{"type":"Polygon","coordinates":[[[-122.6056735,45.4903025],[-122.6013262,45.4903064],[-122.6013308,45.4854064],[-122.6021119,45.4854225],[-122.6021347,45.4838828],[-122.6021425,45.4834787],[-122.6021502,45.4830747],[-122.6014997,45.4830715],[-122.60086,45.483068],[-122.6002098,45.4830724],[-122.5995809,45.4830687],[-122.5995928,45.4818416],[-122.5995993,45.4813995],[-122.599606,45.480965],[-122.5996125,45.4805229],[-122.5996192,45.4800884],[-122.5970391,45.4800826],[-122.5970456,45.4796405],[-122.5970622,45.4791753],[-122.5970616,45.4791601],[-122.6087474,45.4791807],[-122.6088344,45.4791868],[-122.6100701,45.4791868],[-122.6114141,45.4791847],[-122.6124224,45.4791889],[-122.6134414,45.4791929],[-122.6144605,45.4791968],[-122.6154684,45.4791934],[-122.6164875,45.4791973],[-122.6174957,45.4792015],[-122.6185148,45.4792054],[-122.6195447,45.4792091],[-122.6206179,45.479212],[-122.6216692,45.4792077],[-122.6226883,45.4792116],[-122.6236424,45.4792167],[-122.6236435,45.4798721],[-122.6236451,45.4799177],[-122.623631,45.4813812],[-122.6236205,45.4820139],[-122.6236234,45.4820977],[-122.6236264,45.4828064],[-122.6226614,45.4828015],[-122.6226533,45.4835027],[-122.6226565,45.4835941],[-122.6226532,45.4847449],[-122.6226564,45.4854612],[-122.6226563,45.4867034],[-122.6216479,45.4866993],[-122.6205963,45.486696],[-122.6205675,45.4874281],[-122.6205614,45.4875654],[-122.6205337,45.4877031],[-122.6205252,45.4877718],[-122.6204951,45.487841],[-122.6204349,45.4879793],[-122.6204048,45.4880484],[-122.6203746,45.4881175],[-122.6195832,45.488117],[-122.6177945,45.4881197],[-122.6177969,45.4885007],[-122.617798,45.4888436],[-122.6177906,45.4895677],[-122.6178006,45.4898571],[-122.6178057,45.4903143],[-122.6168189,45.4903097],[-122.6158433,45.4903126],[-122.6148676,45.4903154],[-122.613892,45.4903183],[-122.6129164,45.4903211],[-122.6119404,45.4903163],[-122.6109648,45.4903191],[-122.6101628,45.4903263],[-122.6099892,45.4903219],[-122.6089916,45.4903175],[-122.6088721,45.490312],[-122.6078529,45.490308],[-122.6067686,45.4903052],[-122.6056735,45.4903025]]]}}],"metadata":{"source_pdf":"current-elementary.pdf","georef_source":"current-elementary.pdf","sha256":"5d2df1aeee2c5fc2e548e68f567cd2d34f7572d719db12e279fe9d38efed2f8c","pdf_viewport":[39.131,432.0,2551.75,3420.0],"control_points":[45.6476,-122.823,45.4199,-122.82,45.4218,-122.548,45.6494,-122.55],"status":"provisional","notes":"Vector subpaths extracted from main viewport. Names, topology, inset coverage and positional accuracy require review. Not enabled for assignments."}}