{"type":"FeatureCollection","features":[{"type":"Feature","properties":{"boundary_id":"current-middle-1","school_name":"Beaumont Middle School","review_status":"unverified","school_candidates":["Beaumont Middle School"],"name_status":"pdf-label-match","source_label":"Beaumont Middle School Spanish Immersion"},"geometry":{"type":"Polygon","coordinates":[[[-122.630837,45.5551685],[-122.63084,45.5543225],[-122.6308396,45.55369],[-122.6308382,45.5536519],[-122.630815,45.5536067],[-122.6307919,45.553569],[-122.6307472,45.5535317],[-122.6306919,45.5535022],[-122.6306369,45.5534804],[-122.6305821,45.5534662],[-122.6305171,45.5534674],[-122.6264581,45.5534664],[-122.6253617,45.5534562],[-122.6253508,45.5534564],[-122.624288,45.553476],[-122.6212388,45.5534866],[-122.6203817,45.5534948],[-122.6203058,45.5534962],[-122.6201441,45.5535297],[-122.6201224,45.5535301],[-122.6200796,45.5535461],[-122.6150866,45.5535238],[-122.6150959,45.552853],[-122.6151134,45.5524183],[-122.6151131,45.5524107],[-122.615106,45.5518927],[-122.6151044,45.551847],[-122.6150814,45.5518093],[-122.6150583,45.5517716],[-122.6150136,45.5517343],[-122.6149692,45.5517047],[-122.6149142,45.5516828],[-122.6148488,45.5516764],[-122.6147835,45.55167],[-122.6131226,45.5516548],[-122.6123304,45.5516541],[-122.6122748,45.5516171],[-122.6122198,45.5515952],[-122.6121539,45.5515736],[-122.6120777,45.5515673],[-122.6098095,45.5515633],[-122.6098082,45.5515252],[-122.6098138,45.5507478],[-122.6098011,45.5506947],[-122.6097887,45.5506492],[-122.6097548,45.5506117],[-122.6097101,45.5505745],[-122.6096548,45.550545],[-122.6095892,45.550531],[-122.6095237,45.5505169],[-122.6094692,45.5505103],[-122.6094255,45.5505035],[-122.6092721,45.5504606],[-122.6091285,45.550387],[-122.6089402,45.5502762],[-122.6087725,45.5501345],[-122.6087683,45.5500126],[-122.6087556,45.5499595],[-122.6087315,45.5498914],[-122.608731,45.5498761],[-122.6086725,45.5497553],[-122.608713,45.5496707],[-122.6087233,45.5496553],[-122.6087625,45.5495326],[-122.6088136,45.5494403],[-122.6088554,45.5493938],[-122.6089297,45.5493467],[-122.6089614,45.5493232],[-122.609172,45.5491365],[-122.6094154,45.5489567],[-122.6096053,45.5488008],[-122.609637,45.5487774],[-122.6097315,45.5486842],[-122.6097624,45.5486379],[-122.6098032,45.548561],[-122.6098225,45.548492],[-122.6098299,45.5483928],[-122.6098283,45.5483471],[-122.6098159,45.5483016],[-122.6097805,45.5482185],[-122.6097464,45.5481734],[-122.6097125,45.5481359],[-122.609657,45.5480988],[-122.6096019,45.548077],[-122.6095363,45.5480629],[-122.609471,45.5480565],[-122.6047173,45.548037],[-122.6047837,45.5424196],[-122.6047824,45.5423816],[-122.6047821,45.5423739],[-122.6055957,45.5420542],[-122.607212,45.5414149],[-122.6072459,45.5414524],[-122.6072903,45.5414821],[-122.6073345,45.5415041],[-122.6073895,45.541526],[-122.6074442,45.5415402],[-122.6075093,45.541539],[-122.6102443,45.5415573],[-122.6102987,45.5415639],[-122.6103535,45.5415782],[-122.6103976,45.5416002],[-122.6104312,45.5416301],[-122.6104426,45.5416451],[-122.6104548,45.541683],[-122.6104791,45.5417588],[-122.6104965,45.541949],[-122.610509,45.5419944],[-122.610532,45.5420321],[-122.6105658,45.5420696],[-122.6106102,45.5420993],[-122.6106547,45.5421289],[-122.6107094,45.5421432],[-122.610775,45.5421572],[-122.6108401,45.542156],[-122.6108943,45.542155],[-122.6109588,45.5421386],[-122.6110122,45.5421147],[-122.6110546,45.5420835],[-122.611277,45.541927],[-122.6113299,45.5418879],[-122.6113833,45.5418641],[-122.6115013,45.5418238],[-122.6115873,45.5417993],[-122.6117933,45.5417956],[-122.6118589,45.5418096],[-122.612012,45.5418449],[-122.6121326,45.5418808],[-122.6121765,45.5418952],[-122.6123399,45.541915],[-122.6124053,45.5419215],[-122.6124923,45.5419275],[-122.612656,45.5419549],[-122.6126885,45.5419543],[-122.6128631,45.5419816],[-122.6129281,45.5419804],[-122.6131559,45.5419762],[-122.6131667,45.541976],[-122.6133725,45.5419646],[-122.6134375,45.5419634],[-122.6134912,45.5419472],[-122.6135446,45.5419233],[-122.6136512,45.541868],[-122.6136618,45.5418602],[-122.6138454,45.541834],[-122.6138562,45.5418338],[-122.6138887,45.5418332],[-122.6148327,45.541831],[-122.6148435,45.5418308],[-122.6151146,45.5418258],[-122.615158,45.541825],[-122.6156547,45.5417549],[-122.6158062,45.5417445],[-122.6158715,45.5417509],[-122.6159371,45.541765],[-122.6168247,45.5420153],[-122.6173947,45.5421801],[-122.6175917,45.5422298],[-122.6179234,45.5424065],[-122.6180897,45.5425102],[-122.6182125,45.542607],[-122.6182236,45.5426144],[-122.618346,45.5427036],[-122.6184502,45.5428922],[-122.6184672,45.5430671],[-122.618491,45.5431276],[-122.6185148,45.5431882],[-122.6185489,45.5432333],[-122.6186052,45.5432932],[-122.6186499,45.5433305],[-122.6186944,45.5433601],[-122.6187608,45.543397],[-122.6188488,45.5434335],[-122.6189038,45.5434553],[-122.6194188,45.5435982],[-122.6196492,45.5436702],[-122.61966,45.54367],[-122.6199888,45.543763],[-122.6213914,45.5441562],[-122.6214575,45.5441855],[-122.6215131,45.5442225],[-122.6215575,45.5442522],[-122.6215805,45.5442899],[-122.6215916,45.5442973],[-122.6215937,45.5443582],[-122.6216062,45.5444037],[-122.6216403,45.5444488],[-122.6216742,45.5444863],[-122.6217294,45.5445157],[-122.6217847,45.5445452],[-122.6217964,45.5445679],[-122.6217972,45.5445907],[-122.6218202,45.5446284],[-122.6218432,45.5446661],[-122.6218768,45.5446959],[-122.6219104,45.5447258],[-122.6219656,45.5447552],[-122.6220429,45.5447919],[-122.6221307,45.5448208],[-122.6221527,45.544828],[-122.6222838,45.544856],[-122.6223166,45.5448631],[-122.6224367,45.5448837],[-122.6224804,45.5448905],[-122.6225999,45.5448959],[-122.622665,45.5448947],[-122.6228599,45.5448835],[-122.6229353,45.5448669],[-122.6232257,45.5447929],[-122.623323,45.5447835],[-122.6234317,45.5447891],[-122.6234862,45.5447957],[-122.6236737,45.5448837],[-122.6237177,45.5448981],[-122.6239152,45.5449631],[-122.6239483,45.5449777],[-122.6240356,45.5449913],[-122.6240792,45.5449981],[-122.6241882,45.5450113],[-122.6242427,45.545018],[-122.6243837,45.5450154],[-122.6244379,45.5450143],[-122.6245461,45.5450047],[-122.6245892,45.5449963],[-122.6246754,45.5449795],[-122.6249788,45.5455911],[-122.6250027,45.5456516],[-122.6250281,45.5457579],[-122.625041,45.5458186],[-122.6250437,45.5458948],[-122.6250556,45.545925],[-122.6251175,45.5461449],[-122.6251405,45.5461825],[-122.6251636,45.5462202],[-122.6252083,45.5462575],[-122.6252527,45.5462872],[-122.6253077,45.546309],[-122.6253731,45.5463154],[-122.6254275,45.546322],[-122.6254926,45.5463208],[-122.6255574,45.546312],[-122.6256862,45.5462715],[-122.6257611,45.5462396],[-122.6258359,45.5462078],[-122.6258785,45.5461841],[-122.6259322,45.5461679],[-122.6259861,45.5461593],[-122.6260512,45.5461581],[-122.6261054,45.5461571],[-122.6261599,45.5461637],[-122.6262475,45.5461849],[-122.6263133,45.5462066],[-122.6263686,45.546236],[-122.6266231,45.5463761],[-122.6266675,45.5464058],[-122.6267664,45.546442],[-122.6267992,45.546449],[-122.626876,45.5464705],[-122.6269088,45.5464775],[-122.6269855,45.5464989],[-122.6270183,45.5465059],[-122.6271055,45.5465196],[-122.6271272,45.5465192],[-122.6274647,45.546551],[-122.6279324,45.5465805],[-122.6282699,45.5466123],[-122.6283024,45.5466117],[-122.6283783,45.5466103],[-122.6284326,45.5466093],[-122.6284971,45.5465929],[-122.6285725,45.5465762],[-122.6286365,45.5465445],[-122.6286896,45.5465131],[-122.6287425,45.546474],[-122.6287846,45.5464351],[-122.6288155,45.5463888],[-122.628825,45.5463505],[-122.6288443,45.5462816],[-122.6288438,45.5462664],[-122.6305471,45.5462576],[-122.6306122,45.5462564],[-122.6306767,45.54624],[-122.6307304,45.5462237],[-122.6307836,45.5461923],[-122.6308259,45.546161],[-122.6308462,45.5461225],[-122.6308663,45.5460764],[-122.6308756,45.5460305],[-122.6308744,45.5422735],[-122.6328604,45.5422824],[-122.6358012,45.5422887],[-122.6399792,45.5423023],[-122.6406845,45.5423044],[-122.6406769,45.5436306],[-122.6406333,45.5451708],[-122.6406336,45.5451784],[-122.6406548,45.5467098],[-122.6406318,45.5494537],[-122.6405991,45.5503765],[-122.6405335,45.5503625],[-122.6404576,45.5503639],[-122.6403931,45.5503803],[-122.6403285,45.5503968],[-122.6402754,45.5504282],[-122.6402331,45.5504595],[-122.6399813,45.5507081],[-122.639961,45.5507465],[-122.6399404,45.5507774],[-122.6399309,45.5508157],[-122.639923,45.5508997],[-122.6398486,45.5509468],[-122.6398172,45.5509779],[-122.6397857,45.5510089],[-122.6384831,45.5528546],[-122.6377776,45.5528524],[-122.6367576,45.5528562],[-122.6336965,45.5528368],[-122.6336317,45.5528457],[-122.6335669,45.5528545],[-122.6335135,45.5528783],[-122.6334603,45.5529098],[-122.633418,45.5529411],[-122.6333868,45.5529798],[-122.6333667,45.5530259],[-122.6333683,45.5530716],[-122.6333445,45.5551829],[-122.630837,45.5551685]]]}},{"type":"Feature","properties":{"boundary_id":"current-middle-2","school_name":"Brentwood Middle School","review_status":"unverified","school_candidates":["Brentwood Middle School"],"name_status":"pdf-label-match","source_label":"Brentwood Middle School Russian Immersion"},"geometry":{"type":"Polygon","coordinates":[[[-122.556113,45.4702518],[-122.5562863,45.4702487],[-122.5563513,45.4702475],[-122.5564157,45.4702311],[-122.55648,45.4702071],[-122.5565225,45.4701835],[-122.5565645,45.4701446],[-122.5565958,45.470106],[-122.5566159,45.4700599],[-122.5566143,45.4700142],[-122.5566103,45.4695723],[-122.5565979,45.4695268],[-122.5565858,45.4694889],[-122.556552,45.4694514],[-122.5565182,45.469414],[-122.556463,45.4693845],[-122.5564081,45.4693626],[-122.5563537,45.469356],[-122.5562885,45.4693495],[-122.5561257,45.4693448],[-122.5561214,45.4692154],[-122.5563813,45.4692107],[-122.5564463,45.4692095],[-122.5565108,45.4691931],[-122.5565642,45.4691693],[-122.5566175,45.4691455],[-122.5566596,45.4691066],[-122.5566908,45.469068],[-122.5567001,45.4690221],[-122.5567385,45.4688766],[-122.5567919,45.4688528],[-122.5568342,45.4688215],[-122.5568765,45.4687903],[-122.5568969,45.4687518],[-122.556917,45.4687057],[-122.5569157,45.4686677],[-122.5569008,45.468226],[-122.5568993,45.4681803],[-122.5568761,45.468135],[-122.5568423,45.4680975],[-122.556798,45.4680678],[-122.5567536,45.4680381],[-122.5566987,45.4680163],[-122.5566332,45.4680022],[-122.5565682,45.4680034],[-122.5561133,45.4680116],[-122.5561144,45.467722],[-122.556873,45.4677236],[-122.5568748,45.4677769],[-122.5568761,45.467815],[-122.5568993,45.4678603],[-122.5569334,45.4679054],[-122.5569669,45.4679352],[-122.5570221,45.4679647],[-122.557077,45.4679866],[-122.5571422,45.467993],[-122.5572075,45.4679995],[-122.5574782,45.4679946],[-122.557543,45.4679858],[-122.5576074,45.4679694],[-122.5576611,45.4679532],[-122.5577034,45.4679219],[-122.5577457,45.4678907],[-122.5577766,45.4678444],[-122.5577862,45.4678061],[-122.5577955,45.4677602],[-122.5577942,45.4677222],[-122.5583468,45.4677198],[-122.5584118,45.4677186],[-122.5584763,45.4677022],[-122.5585296,45.4676784],[-122.5585722,45.4676548],[-122.5586142,45.4676159],[-122.5586454,45.4675772],[-122.5586658,45.4675388],[-122.5586751,45.4674929],[-122.5586714,45.4657785],[-122.5591407,45.4658767],[-122.559206,45.4658831],[-122.559271,45.4658819],[-122.5593357,45.4658732],[-122.5593891,45.4658493],[-122.5594424,45.4658255],[-122.5594953,45.4657864],[-122.5595265,45.4657478],[-122.5595466,45.4657017],[-122.5595559,45.4656558],[-122.5595761,45.4646496],[-122.5595637,45.4646041],[-122.5595516,45.4645663],[-122.5595176,45.4645212],[-122.5594732,45.4644915],[-122.5594289,45.4644618],[-122.559374,45.4644399],[-122.5593085,45.4644259],[-122.5592432,45.4644194],[-122.5535225,45.4644542],[-122.5535035,45.4613152],[-122.5567653,45.4613173],[-122.5582825,45.4613203],[-122.5590633,45.4613367],[-122.5663306,45.4615402],[-122.5680881,45.4615997],[-122.5686414,45.4616201],[-122.5686523,45.4616199],[-122.5720776,45.461649],[-122.5728478,45.4616731],[-122.5728586,45.4616729],[-122.5738016,45.4616785],[-122.5791796,45.4617709],[-122.5791904,45.4617707],[-122.5855179,45.4617387],[-122.5868845,45.4617746],[-122.5869062,45.4617742],[-122.5894311,45.4617736],[-122.5934615,45.4617528],[-122.5945889,45.4617626],[-122.5945997,45.4617624],[-122.5976658,45.461744],[-122.5986954,45.4617478],[-122.6027476,45.4617264],[-122.6040807,45.4617322],[-122.6050342,45.4617298],[-122.6068987,45.4617486],[-122.6069096,45.4617484],[-122.6097815,45.4617562],[-122.6097493,45.4717931],[-122.609642,45.4724505],[-122.6084382,45.4758791],[-122.6084184,45.4759329],[-122.6084225,45.4791868],[-122.6084349,45.4792322],[-122.608447,45.4792701],[-122.6084808,45.4793076],[-122.6085146,45.4793451],[-122.6085699,45.4793745],[-122.6086248,45.4793964],[-122.6086795,45.4794106],[-122.6087445,45.4794094],[-122.6124303,45.4794174],[-122.6233142,45.4794438],[-122.6233182,45.4798705],[-122.6233185,45.4798781],[-122.6233201,45.4799238],[-122.6232982,45.4820961],[-122.623304,45.4825761],[-122.6226643,45.4825728],[-122.6225996,45.4825816],[-122.6225457,45.4825902],[-122.6224815,45.4826143],[-122.622439,45.482638],[-122.6223969,45.4826768],[-122.6223658,45.4827155],[-122.6223454,45.482754],[-122.6223362,45.4827999],[-122.6223283,45.4835088],[-122.6223279,45.4847433],[-122.6223312,45.4854596],[-122.6223314,45.4854673],[-122.6223339,45.4864731],[-122.6216508,45.4864706],[-122.6205883,45.4864675],[-122.6205341,45.4864685],[-122.6204697,45.4864849],[-122.6204163,45.4865088],[-122.6203629,45.4865327],[-122.6203206,45.4865639],[-122.6202895,45.4866026],[-122.6202694,45.4866487],[-122.620271,45.4866944],[-122.6202422,45.4874265],[-122.6202356,45.4875486],[-122.6202182,45.4876708],[-122.6202092,45.4877243],[-122.6201389,45.4878857],[-122.6177974,45.4878911],[-122.6177324,45.4878923],[-122.6176679,45.4879087],[-122.6176143,45.4879249],[-122.6175612,45.4879564],[-122.6175297,45.4879875],[-122.6174988,45.4880338],[-122.6174785,45.4880723],[-122.6174692,45.4881182],[-122.6174653,45.4895662],[-122.6174656,45.4895738],[-122.6174724,45.4900842],[-122.6158354,45.4900841],[-122.6148597,45.4900869],[-122.6138841,45.4900898],[-122.6109569,45.4900906],[-122.6101657,45.4900976],[-122.6100029,45.490093],[-122.6099921,45.4900932],[-122.6089945,45.4900888],[-122.6088859,45.4900832],[-122.6088751,45.4900834],[-122.6056768,45.4900815],[-122.6016545,45.4900794],[-122.6016534,45.4856443],[-122.6020981,45.4856514],[-122.6021631,45.4856502],[-122.6022276,45.4856338],[-122.6022921,45.4856173],[-122.6023344,45.4855861],[-122.6023767,45.4855548],[-122.6024078,45.4855161],[-122.6024279,45.48547],[-122.6024372,45.4854241],[-122.6024678,45.4834804],[-122.6024675,45.4834727],[-122.6024755,45.4830763],[-122.6024631,45.4830308],[-122.6024507,45.4829854],[-122.6024169,45.4829479],[-122.6023831,45.4829104],[-122.6023278,45.4828809],[-122.6022729,45.4828591],[-122.6022074,45.482845],[-122.6021532,45.482846],[-122.5999091,45.4828417],[-122.5999181,45.4818432],[-122.5999445,45.48009],[-122.5999321,45.4800446],[-122.5999196,45.4799991],[-122.5998858,45.4799616],[-122.599852,45.4799241],[-122.5997968,45.4798946],[-122.5997419,45.4798728],[-122.5996872,45.4798586],[-122.5996222,45.4798598],[-122.5973674,45.4798555],[-122.5973869,45.4791617],[-122.5973747,45.4791238],[-122.5973623,45.4790784],[-122.5973285,45.4790409],[-122.5972947,45.4790034],[-122.5972395,45.4789739],[-122.5971846,45.4789521],[-122.597119,45.478938],[-122.5970646,45.4789314],[-122.5922079,45.478914],[-122.5921432,45.4789228],[-122.5920787,45.4789392],[-122.5920145,45.4789633],[-122.5917055,45.4791213],[-122.5916841,45.4791293],[-122.5913765,45.4793255],[-122.5894359,45.4793154],[-122.5893273,45.4793097],[-122.5892731,45.4793107],[-122.587997,45.4793951],[-122.586729,45.479403],[-122.5841598,45.4793967],[-122.5816994,45.4794036],[-122.5816886,45.4794038],[-122.5815153,45.4794069],[-122.5809504,45.4793715],[-122.5790392,45.4792692],[-122.5789742,45.4792704],[-122.5789094,45.4792792],[-122.578845,45.4792956],[-122.5787918,45.4793271],[-122.5787495,45.4793583],[-122.5787186,45.4794046],[-122.5786985,45.4794507],[-122.5786892,45.4794966],[-122.5786491,45.4824539],[-122.5776833,45.4821058],[-122.5776395,45.4820913],[-122.5749604,45.4814086],[-122.5749493,45.4814012],[-122.5744358,45.481281],[-122.5733978,45.4810408],[-122.5724452,45.4807609],[-122.5724344,45.4807611],[-122.5721496,45.4806748],[-122.5715035,45.4804809],[-122.5714927,45.480481],[-122.5712848,45.4804239],[-122.5699479,45.4799986],[-122.5687322,45.479632],[-122.5687214,45.4796322],[-122.5675943,45.4793174],[-122.567146,45.4792036],[-122.5671349,45.4791962],[-122.5670585,45.4791823],[-122.5669928,45.4791607],[-122.5669817,45.4791532],[-122.5660952,45.4789026],[-122.5660841,45.4788952],[-122.5648809,45.4785741],[-122.5635792,45.4782243],[-122.5626821,45.4779815],[-122.5625178,45.4779311],[-122.5622988,45.4778665],[-122.5620796,45.4777943],[-122.5611034,45.4774538],[-122.560412,45.4771996],[-122.5603681,45.4771852],[-122.5603134,45.4771709],[-122.5602484,45.4771721],[-122.5586344,45.4772013],[-122.5586385,45.4770031],[-122.5586262,45.4769576],[-122.5586027,45.4769047],[-122.5585689,45.4768672],[-122.5585243,45.4768299],[-122.5584691,45.4768004],[-122.5584033,45.4767787],[-122.5565266,45.4764088],[-122.5565157,45.476409],[-122.5558833,45.4762984],[-122.5558811,45.4755899],[-122.5559345,45.475566],[-122.5559876,45.4755346],[-122.5560299,45.4755033],[-122.5560612,45.4754647],[-122.5560813,45.4754186],[-122.5560906,45.4753727],[-122.5561112,45.4718063],[-122.5560988,45.4717608],[-122.5560759,45.4717231],[-122.5560527,45.4716778],[-122.5560083,45.4716481],[-122.5559531,45.4716187],[-122.5558982,45.4715968],[-122.5558327,45.4715827],[-122.5557785,45.4715837],[-122.5535472,45.471624],[-122.5535465,45.4716011],[-122.5558255,45.4713695],[-122.5558902,45.4713607],[-122.5559545,45.4713367],[-122.555997,45.4713131],[-122.5560499,45.471274],[-122.5560811,45.4712354],[-122.5561012,45.4711893],[-122.5560997,45.4711436],[-122.556113,45.4702518]]]}},{"type":"Feature","properties":{"boundary_id":"current-middle-3","school_name":"George Middle School","review_status":"unverified","school_candidates":["George Middle School"],"name_status":"pdf-label-match","source_label":"George Middle School Spanish Immersion"},"geometry":{"type":"Polygon","coordinates":[[[-122.7322178,45.603261],[-122.7310522,45.6031691],[-122.7304747,45.6031193],[-122.7303436,45.603099],[-122.7302126,45.6030786],[-122.7300812,45.6030507],[-122.7299496,45.6030151],[-122.7298285,45.6029717],[-122.7296966,45.6029285],[-122.7296415,45.6029067],[-122.7295972,45.6028847],[-122.729553,45.6028627],[-122.7285864,45.6022716],[-122.7282866,45.6020945],[-122.7280426,45.6019543],[-122.7280314,45.6019469],[-122.7278542,45.6018513],[-122.727843,45.6018439],[-122.7274999,45.6016675],[-122.727489,45.6016678],[-122.7273009,45.6015723],[-122.7272898,45.6015649],[-122.7271573,45.6015065],[-122.7271462,45.6014991],[-122.727014,45.6014483],[-122.726992,45.6014411],[-122.7268598,45.6013903],[-122.7268378,45.6013831],[-122.726695,45.6013401],[-122.7266842,45.6013403],[-122.7265414,45.6012973],[-122.7265303,45.6012899],[-122.726311,45.6012331],[-122.7263001,45.6012334],[-122.7260808,45.6011766],[-122.72607,45.6011768],[-122.7259169,45.6011493],[-122.7259058,45.6011419],[-122.7257527,45.6011143],[-122.7257419,45.6011145],[-122.7255888,45.601087],[-122.7255779,45.6010872],[-122.7253489,45.6010611],[-122.7253381,45.6010613],[-122.7250982,45.6010355],[-122.7248586,45.6010172],[-122.7248477,45.6010174],[-122.724543,45.6010004],[-122.7245321,45.6010007],[-122.7242928,45.60099],[-122.7242819,45.6009902],[-122.7240537,45.600987],[-122.7240429,45.6009872],[-122.7234999,45.60099],[-122.7232826,45.6009866],[-122.7230541,45.6009758],[-122.7228362,45.6009571],[-122.722139,45.6009019],[-122.7221282,45.6009021],[-122.7218232,45.6008775],[-122.7216053,45.6008588],[-122.7214633,45.6008387],[-122.7213323,45.6008183],[-122.7212009,45.6007904],[-122.7210696,45.6007624],[-122.72085,45.600698],[-122.7204988,45.6005981],[-122.7204877,45.6005907],[-122.7199063,45.6004342],[-122.7195,45.6003124],[-122.7193901,45.6002764],[-122.7193241,45.6002548],[-122.7192802,45.6002404],[-122.7192251,45.6002186],[-122.7192139,45.6002112],[-122.7200893,45.5994932],[-122.7205323,45.599134],[-122.7205432,45.5991338],[-122.7233899,45.5967848],[-122.7245075,45.5958639],[-122.7261101,45.5945449],[-122.7267534,45.5940218],[-122.7275022,45.5934128],[-122.729031,45.5921561],[-122.7304436,45.5909931],[-122.7308651,45.590642],[-122.7314347,45.5901812],[-122.7320674,45.5896659],[-122.7330267,45.5888775],[-122.7337328,45.5882922],[-122.7339857,45.5880815],[-122.7359042,45.5865046],[-122.7362839,45.5862],[-122.7366842,45.5858645],[-122.7376223,45.5850917],[-122.7386657,45.584233],[-122.7400783,45.5830774],[-122.7406368,45.5826168],[-122.7406474,45.582609],[-122.7408263,45.5824531],[-122.741006,45.58232],[-122.7410165,45.5823122],[-122.7419648,45.5815239],[-122.7437774,45.5800327],[-122.7451687,45.5788928],[-122.7467175,45.5776125],[-122.7493525,45.5789941],[-122.7493967,45.5790161],[-122.7547012,45.58094],[-122.7597844,45.5827461],[-122.7637222,45.5849861],[-122.7678439,45.5883659],[-122.7721878,45.5921603],[-122.7773636,45.5981489],[-122.7796989,45.6013502],[-122.782249,45.6047683],[-122.7825743,45.6053335],[-122.780821,45.6055054],[-122.7807996,45.6055134],[-122.7791883,45.6057053],[-122.7791346,45.6057216],[-122.7789946,45.6057549],[-122.7784628,45.6057654],[-122.7783979,45.6057743],[-122.7779769,45.6058435],[-122.7779661,45.6058438],[-122.7767581,45.6060734],[-122.7763365,45.6061274],[-122.7754147,45.6061685],[-122.7753821,45.6061691],[-122.7750359,45.6062064],[-122.7727225,45.6062138],[-122.769909,45.6062081],[-122.7676936,45.6062212],[-122.7676393,45.6062222],[-122.7675853,45.6062309],[-122.7675316,45.6062472],[-122.7669325,45.6064953],[-122.7664815,45.6066337],[-122.7664169,45.6066502],[-122.7663512,45.6066363],[-122.766275,45.6066301],[-122.7662101,45.606639],[-122.7656925,45.6067406],[-122.7650204,45.6067767],[-122.7640084,45.6067279],[-122.7631446,45.6065771],[-122.76253,45.6064062],[-122.761858,45.6061526],[-122.7612294,45.6058981],[-122.7612074,45.6058909],[-122.760195,45.6055372],[-122.7601293,45.6055233],[-122.7591559,45.6053441],[-122.7591234,45.6053448],[-122.7583379,45.6052534],[-122.7582836,45.6052545],[-122.7582294,45.6052555],[-122.7572024,45.6053899],[-122.7571807,45.6053904],[-122.7560584,45.6055876],[-122.756037,45.6055956],[-122.7550777,45.6057973],[-122.7548292,45.6058326],[-122.7547432,45.6058572],[-122.7545286,45.60593],[-122.7544752,45.6059539],[-122.7544332,45.6059928],[-122.7543912,45.6060318],[-122.7543712,45.6060779],[-122.754362,45.6061238],[-122.7543637,45.6061695],[-122.7543762,45.606215],[-122.7544105,45.60626],[-122.7544553,45.6062973],[-122.7545107,45.6063267],[-122.7549856,45.6065385],[-122.7551073,45.6065971],[-122.7548793,45.6066015],[-122.7548136,45.6065876],[-122.754748,45.6065736],[-122.7546828,45.6065749],[-122.754618,45.6065838],[-122.7545534,45.6066003],[-122.7545003,45.6066318],[-122.7544471,45.6066633],[-122.7544163,45.6067097],[-122.754396,45.6067482],[-122.7543871,45.6068017],[-122.7543888,45.6068474],[-122.7544122,45.6068927],[-122.7549801,45.6078573],[-122.7554893,45.6087011],[-122.753635,45.6099644],[-122.7534444,45.6100977],[-122.7533119,45.6100393],[-122.7526165,45.6097404],[-122.7526057,45.6097406],[-122.752396,45.6096532],[-122.7522529,45.6096026],[-122.7522418,45.6095952],[-122.752099,45.6095523],[-122.7520879,45.6095449],[-122.7519451,45.6095019],[-122.7519342,45.6095021],[-122.7517477,45.6094524],[-122.7517366,45.609445],[-122.7515832,45.6094099],[-122.7515723,45.6094101],[-122.7514192,45.6093826],[-122.7514081,45.6093752],[-122.7512662,45.6093551],[-122.7512442,45.6093479],[-122.7510913,45.609328],[-122.7510805,45.6093282],[-122.7508514,45.6093022],[-122.7508406,45.6093024],[-122.7505352,45.6092702],[-122.7503933,45.6092501],[-122.7498148,45.6091775],[-122.7496729,45.6091574],[-122.7495415,45.6091295],[-122.7494101,45.6091016],[-122.7492785,45.609066],[-122.7491468,45.6090305],[-122.749026,45.6089947],[-122.7489157,45.6089511],[-122.7488052,45.6088999],[-122.7486947,45.6088487],[-122.7485839,45.6087899],[-122.748484,45.6087308],[-122.7483835,45.6086566],[-122.7482273,45.6085453],[-122.7479923,45.6083593],[-122.7479812,45.6083519],[-122.7476243,45.6080997],[-122.7476134,45.6080999],[-122.7475018,45.6080182],[-122.7474906,45.6080108],[-122.7473796,45.6079444],[-122.7473573,45.6079295],[-122.7472354,45.6078633],[-122.7472242,45.6078559],[-122.7470917,45.6077975],[-122.7470806,45.6077901],[-122.7468156,45.6076733],[-122.7466168,45.6075857],[-122.746606,45.6075859],[-122.7462088,45.6074183],[-122.7461428,45.6073967],[-122.7460774,45.6073904],[-122.7460011,45.6073842],[-122.7459574,45.6073775],[-122.7455664,45.6073774],[-122.7450993,45.6073789],[-122.7448711,45.6073757],[-122.7446426,45.6073649],[-122.7445772,45.6073585],[-122.7445446,45.6073592],[-122.7445226,45.607352],[-122.7444235,45.6073158],[-122.7443687,45.6073016],[-122.7443464,45.6072868],[-122.7442039,45.6072515],[-122.7441931,45.6072517],[-122.7438307,45.6071444],[-122.7438195,45.607137],[-122.7436662,45.6071018],[-122.7436553,45.607102],[-122.7435788,45.6070883],[-122.7435676,45.6070809],[-122.7434914,45.6070747],[-122.7434694,45.6070675],[-122.7433166,45.6070476],[-122.7433057,45.6070479],[-122.7430766,45.6070218],[-122.7430658,45.607022],[-122.742837,45.6070036],[-122.7428262,45.6070038],[-122.7424343,45.6069809],[-122.7418899,45.6069458],[-122.7412363,45.6068975],[-122.7410181,45.6068712],[-122.7408765,45.6068587],[-122.7407451,45.6068308],[-122.7406905,45.6068242],[-122.7405589,45.6067886],[-122.7404598,45.6067524],[-122.7403498,45.6067165],[-122.7402176,45.6066657],[-122.7401071,45.6066145],[-122.7399963,45.6065556],[-122.7398856,45.6064968],[-122.7397853,45.6064301],[-122.739674,45.6063561],[-122.7395735,45.6062818],[-122.7394505,45.6061851],[-122.7393608,45.6061106],[-122.7392709,45.6060285],[-122.7391919,45.6059462],[-122.738887,45.605632],[-122.7388868,45.6056244],[-122.7386053,45.6053554],[-122.738369,45.6051313],[-122.7381672,45.6049599],[-122.7381669,45.6049523],[-122.7380661,45.6048704],[-122.738055,45.604863],[-122.7379542,45.6047811],[-122.7379431,45.6047737],[-122.7377758,45.604655],[-122.7376088,45.6045439],[-122.7374638,45.60444],[-122.7373185,45.6043285],[-122.7373074,45.6043211],[-122.7371957,45.6042394],[-122.7371846,45.604232],[-122.7370624,45.6041581],[-122.7370513,45.6041507],[-122.7369185,45.6040847],[-122.7369077,45.6040849],[-122.7367857,45.6040187],[-122.7367746,45.6040112],[-122.7366421,45.6039528],[-122.7366201,45.6039456],[-122.7364879,45.6038948],[-122.7364659,45.6038876],[-122.7363232,45.6038447],[-122.736312,45.6038373],[-122.7361693,45.6037943],[-122.7361584,45.6037945],[-122.736005,45.6037594],[-122.7359939,45.603752],[-122.7357749,45.6037028],[-122.735764,45.6037031],[-122.7355013,45.6036472],[-122.7354904,45.6036474],[-122.7348887,45.6035294],[-122.7346154,45.6034814],[-122.7346046,45.6034816],[-122.7343752,45.6034479],[-122.7343644,45.6034481],[-122.7342116,45.6034282],[-122.7342004,45.6034208],[-122.7338951,45.6033886],[-122.7338843,45.6033888],[-122.733503,45.6033581],[-122.7334921,45.6033583],[-122.7329475,45.6033154],[-122.7322178,45.603261]]]}},{"type":"Feature","properties":{"boundary_id":"current-middle-4","school_name":null,"review_status":"unverified","school_candidates":[],"name_status":"unresolved"},"geometry":{"type":"Polygon","coordinates":[[[-122.7101149,45.5957898],[-122.7081705,45.5951791],[-122.7071366,45.5948178],[-122.7071037,45.5948108],[-122.7059641,45.5945277],[-122.7058767,45.5945142],[-122.7047998,45.5944661],[-122.7047561,45.5944593],[-122.7035634,45.5945126],[-122.7025063,45.5944108],[-122.7024512,45.594389],[-122.7024551,45.5929942],[-122.7024623,45.5916907],[-122.7024861,45.5899449],[-122.7025164,45.5871776],[-122.7025161,45.58717],[-122.7025087,45.5869644],[-122.7025411,45.584258],[-122.7041701,45.584265],[-122.704181,45.5842648],[-122.7051689,45.5842612],[-122.7077211,45.5842733],[-122.7077319,45.5842731],[-122.7100448,45.5842745],[-122.7111093,45.5842846],[-122.7111201,45.5842844],[-122.7132594,45.5842891],[-122.7143347,45.5842989],[-122.715161,45.5843288],[-122.7154331,45.5843464],[-122.7154768,45.5843532],[-122.7178973,45.5843295],[-122.7178805,45.5853588],[-122.7178611,45.5866168],[-122.7178617,45.586632],[-122.7178644,45.5867082],[-122.7178959,45.5884683],[-122.7177223,45.5884716],[-122.7176572,45.5884728],[-122.7175926,45.5884893],[-122.7175389,45.5885056],[-122.7174858,45.5885371],[-122.7174435,45.5885684],[-122.7174126,45.5886147],[-122.7173923,45.5886532],[-122.7173939,45.5886989],[-122.7173971,45.5896821],[-122.7173663,45.5912223],[-122.717347,45.5915886],[-122.7173473,45.5915962],[-122.7173556,45.5921219],[-122.7173447,45.5924194],[-122.717345,45.592427],[-122.7173463,45.5924651],[-122.7173244,45.5924579],[-122.7172467,45.5924137],[-122.7172356,45.5924062],[-122.7171694,45.592377],[-122.717136,45.5923548],[-122.7170812,45.5923406],[-122.7170152,45.592319],[-122.7169387,45.5923052],[-122.7168842,45.5922987],[-122.7168408,45.5922995],[-122.716754,45.5923012],[-122.7166891,45.59231],[-122.7163546,45.5923698],[-122.7163009,45.5923861],[-122.7162367,45.5924102],[-122.7161946,45.5924491],[-122.7161523,45.5924804],[-122.7161323,45.5925265],[-122.7161231,45.5925724],[-122.7161248,45.5926181],[-122.7161373,45.5926636],[-122.7162082,45.5928223],[-122.7162811,45.5930343],[-122.7162972,45.5931788],[-122.7162922,45.593339],[-122.7162326,45.5934926],[-122.7161435,45.5937306],[-122.7161443,45.5937534],[-122.71538,45.5936385],[-122.715282,45.5936328],[-122.7149027,45.5936553],[-122.7148919,45.5936555],[-122.714275,45.5937131],[-122.7142427,45.5937213],[-122.7137894,45.5937986],[-122.7137354,45.5938073],[-122.7132954,45.5939529],[-122.7132526,45.593969],[-122.7128034,45.5941605],[-122.7127397,45.5941998],[-122.7124018,45.5944655],[-122.7123912,45.5944733],[-122.7121176,45.5947148],[-122.7120756,45.5947537],[-122.7120553,45.5947922],[-122.7119358,45.5950918],[-122.7119255,45.5951072],[-122.7118389,45.5954137],[-122.7118286,45.5954292],[-122.7117645,45.5957582],[-122.7117651,45.5957734],[-122.7117316,45.5960484],[-122.7117325,45.5960713],[-122.711733,45.5960865],[-122.7101149,45.5957898]]]}},{"type":"Feature","properties":{"boundary_id":"current-middle-5","school_name":"Gray Middle School","review_status":"unverified","school_candidates":["Gray Middle School"],"name_status":"pdf-label-match","source_label":"Gray Middle School Neighborhood"},"geometry":{"type":"Polygon","coordinates":[[[-122.7113894,45.5013293],[-122.7113891,45.5013217],[-122.7113447,45.5012921],[-122.7113108,45.5012546],[-122.7112763,45.5012019],[-122.7112416,45.5011416],[-122.7112619,45.5011031],[-122.7112922,45.5010416],[-122.7113009,45.5009804],[-122.7112967,45.5008662],[-122.71129,45.5000812],[-122.7113528,45.4997218],[-122.7113523,45.4997065],[-122.7113568,45.4995311],[-122.7113546,45.4994702],[-122.7113179,45.4993566],[-122.7113176,45.499349],[-122.7109806,45.4984256],[-122.7109578,45.4983955],[-122.7105432,45.4977252],[-122.7105426,45.49771],[-122.7103943,45.497507],[-122.710394,45.4974994],[-122.7102804,45.4973568],[-122.7102577,45.4973268],[-122.7102243,45.4973045],[-122.7100688,45.4972008],[-122.7100577,45.4971934],[-122.7097693,45.4970161],[-122.7094802,45.4968159],[-122.7093357,45.4967196],[-122.7088985,45.4963241],[-122.7088655,45.4963095],[-122.7087538,45.4962202],[-122.7087094,45.4961905],[-122.708533,45.4961101],[-122.7084999,45.4960955],[-122.7083241,45.4960303],[-122.7082802,45.4960159],[-122.7081051,45.4959735],[-122.7080724,45.4959666],[-122.7074834,45.4958712],[-122.7074726,45.4958714],[-122.707222,45.4958382],[-122.7072111,45.4958384],[-122.7069392,45.4958132],[-122.7069067,45.4958138],[-122.7064185,45.495808],[-122.7063318,45.4958096],[-122.7063099,45.4958024],[-122.7062988,45.495795],[-122.7063513,45.4957483],[-122.7064575,45.4956853],[-122.7064997,45.495654],[-122.7065311,45.4956229],[-122.7069572,45.4951116],[-122.7069677,45.4951038],[-122.7070297,45.4950187],[-122.70705,45.4949802],[-122.7070806,45.4949263],[-122.70709,45.494888],[-122.7070887,45.4948499],[-122.707087,45.4948042],[-122.7070626,45.4947284],[-122.7070395,45.4946908],[-122.7070046,45.4946229],[-122.7069707,45.4945854],[-122.7069371,45.4945556],[-122.7068815,45.4945185],[-122.7068479,45.4944887],[-122.706804,45.4944743],[-122.7067051,45.4944381],[-122.7066396,45.4944241],[-122.7065193,45.494396],[-122.7064976,45.4943964],[-122.7062251,45.4943559],[-122.7061817,45.4943567],[-122.7060298,45.4943521],[-122.7060187,45.4943446],[-122.7058128,45.4943486],[-122.7057911,45.494349],[-122.7055961,45.4943528],[-122.705553,45.4943613],[-122.7054558,45.4943708],[-122.705445,45.494371],[-122.7053372,45.4943883],[-122.7053263,45.4943885],[-122.7052188,45.4944134],[-122.705208,45.4944137],[-122.7051004,45.4944386],[-122.705079,45.4944466],[-122.7049824,45.4944714],[-122.704961,45.4944794],[-122.7048751,45.4945039],[-122.7048109,45.494528],[-122.7047784,45.4945287],[-122.7047567,45.4945291],[-122.7047231,45.4944992],[-122.7046895,45.4944694],[-122.7046779,45.4944468],[-122.7046659,45.4944165],[-122.7046646,45.4943784],[-122.7046632,45.4943403],[-122.7046724,45.4942944],[-122.7046827,45.494279],[-122.7047029,45.4942405],[-122.7047224,45.4941791],[-122.7047316,45.4941332],[-122.7047277,45.4940266],[-122.7047258,45.4939733],[-122.7047011,45.4938899],[-122.7046784,45.4938599],[-122.7046556,45.4938298],[-122.7046212,45.4937771],[-122.7045876,45.4937473],[-122.7045431,45.4937176],[-122.7044437,45.4936662],[-122.7043665,45.4936296],[-122.7043117,45.4936154],[-122.7042353,45.4936016],[-122.7041048,45.4935889],[-122.7040611,45.4935821],[-122.7038445,45.4935863],[-122.7038011,45.4935872],[-122.7038114,45.4935717],[-122.7038303,45.4934951],[-122.70383,45.4934875],[-122.7038771,45.4932884],[-122.7038768,45.4932808],[-122.7039035,45.4931202],[-122.7039032,45.4931126],[-122.7039116,45.4930439],[-122.7039094,45.4929829],[-122.7038855,45.4929224],[-122.7038733,45.4928845],[-122.7038503,45.4928469],[-122.7038047,45.4927868],[-122.7037822,45.4927643],[-122.7037373,45.4927195],[-122.7036353,45.4925995],[-122.7035334,45.4924795],[-122.7035223,45.4924721],[-122.7033424,45.4922926],[-122.7032754,45.4922406],[-122.7031868,45.4921889],[-122.7031646,45.4921741],[-122.7030435,45.4921231],[-122.7030105,45.4921085],[-122.7028896,45.4920651],[-122.7028568,45.4920581],[-122.7027032,45.4920077],[-122.7026488,45.4920012],[-122.7024963,45.4919812],[-122.7024635,45.4919742],[-122.7023004,45.4919621],[-122.7022354,45.4919634],[-122.7020407,45.4919748],[-122.7019976,45.4919832],[-122.701944,45.4919995],[-122.7016009,45.4921052],[-122.7011933,45.4922274],[-122.7011396,45.4922437],[-122.7010313,45.4922458],[-122.700966,45.4922394],[-122.7009657,45.4922318],[-122.7009319,45.4921943],[-122.7009191,45.4921412],[-122.7009175,45.4920955],[-122.7009364,45.4920189],[-122.7010635,45.4916354],[-122.7010621,45.4915973],[-122.7010694,45.4914981],[-122.7010677,45.4914524],[-122.7010428,45.4913614],[-122.7010306,45.4913235],[-122.7010078,45.4912935],[-122.7009509,45.4912183],[-122.7009059,45.4911735],[-122.7008276,45.4911064],[-122.7007831,45.4910768],[-122.7007281,45.491055],[-122.7005743,45.490997],[-122.7005195,45.4909828],[-122.7003012,45.4909412],[-122.7002023,45.490905],[-122.7001915,45.4909052],[-122.7001579,45.4908754],[-122.6999999,45.4907031],[-122.6999424,45.4906128],[-122.6998961,45.4905298],[-122.6998839,45.490492],[-122.6998919,45.4904156],[-122.6998906,45.4903775],[-122.6998745,45.490233],[-122.6998631,45.490218],[-122.699826,45.4900891],[-122.6997913,45.4900288],[-122.6997116,45.4899236],[-122.6996888,45.4898936],[-122.699588,45.4898041],[-122.6995436,45.4897744],[-122.6994994,45.4897524],[-122.6993122,45.4896722],[-122.6992356,45.4896508],[-122.6990392,45.4896165],[-122.6987536,45.4895153],[-122.6987314,45.4895005],[-122.6987087,45.4894704],[-122.6986596,45.4893113],[-122.6986471,45.4892658],[-122.6986129,45.4892207],[-122.6985685,45.4891911],[-122.6985241,45.4891615],[-122.6984582,45.4891399],[-122.6984035,45.4891257],[-122.6983385,45.4891269],[-122.6981327,45.4891309],[-122.6950639,45.4891137],[-122.6949989,45.489115],[-122.6949344,45.4891315],[-122.6948808,45.4891477],[-122.6948277,45.4891792],[-122.6947855,45.4892105],[-122.6947546,45.4892569],[-122.6947343,45.4892954],[-122.694367,45.4893329],[-122.6934998,45.4893343],[-122.6924789,45.4892854],[-122.6924681,45.4892856],[-122.6917413,45.4892767],[-122.6917194,45.4892695],[-122.6914861,45.4891139],[-122.6914309,45.4890845],[-122.6913651,45.4890629],[-122.6912995,45.4890489],[-122.6912345,45.4890501],[-122.6911698,45.489059],[-122.6911053,45.4890755],[-122.6910522,45.489107],[-122.6909672,45.4891543],[-122.6909461,45.48917],[-122.690925,45.4891856],[-122.6905877,45.489154],[-122.6905227,45.4891552],[-122.6904577,45.4891565],[-122.6903935,45.4891806],[-122.6903294,45.4892047],[-122.6902871,45.489236],[-122.6902454,45.4892825],[-122.6902251,45.489321],[-122.6901263,45.4895897],[-122.6899009,45.4902571],[-122.6866035,45.4902136],[-122.6865926,45.4902138],[-122.6865588,45.4901763],[-122.6864997,45.4900403],[-122.6864102,45.4896609],[-122.6863985,45.4896383],[-122.686327,45.4894567],[-122.6863153,45.4894341],[-122.6862105,45.4892303],[-122.6862102,45.4892227],[-122.6859793,45.4888308],[-122.6859435,45.48874],[-122.6859069,45.4886264],[-122.6858812,45.4885125],[-122.6858663,45.4883985],[-122.6858483,45.4882007],[-122.6858637,45.4880251],[-122.6860196,45.4875343],[-122.68609,45.4873805],[-122.6860997,45.4873499],[-122.6861273,45.4872121],[-122.6861257,45.4871664],[-122.6861213,45.4870446],[-122.6861094,45.4870143],[-122.6860836,45.4869005],[-122.6860606,45.4868628],[-122.6860021,45.486742],[-122.685979,45.4867043],[-122.6858663,45.4865845],[-122.6858216,45.4865473],[-122.6856992,45.4864582],[-122.6856217,45.4864139],[-122.6853029,45.4862905],[-122.6852918,45.4862831],[-122.6842484,45.4859067],[-122.6841051,45.4858408],[-122.6840269,45.4857738],[-122.6839705,45.4857139],[-122.6839469,45.485661],[-122.6839003,45.4855704],[-122.6838873,45.4855097],[-122.683896,45.4854485],[-122.6839043,45.4853798],[-122.6839133,45.4853262],[-122.683975,45.4852336],[-122.6840481,45.485156],[-122.6840692,45.4851403],[-122.6841104,45.4850786],[-122.6841951,45.4850236],[-122.6842163,45.485008],[-122.6843005,45.4849378],[-122.6846192,45.4847563],[-122.6846401,45.4847331],[-122.6847459,45.4846625],[-122.6848307,45.4846075],[-122.6848624,45.484584],[-122.6848938,45.4845529],[-122.6849561,45.4844755],[-122.6849555,45.4844603],[-122.6850072,45.4843907],[-122.6850378,45.4843368],[-122.6850568,45.4842602],[-122.685066,45.4842143],[-122.6850733,45.4841151],[-122.685073,45.4841074],[-122.6850705,45.4840389],[-122.6850689,45.4839932],[-122.6850459,45.4839555],[-122.6850226,45.4839102],[-122.684989,45.4838804],[-122.6849445,45.4838508],[-122.6848896,45.4838289],[-122.6848348,45.4838147],[-122.6847696,45.4838084],[-122.6833035,45.4837374],[-122.6832927,45.4837376],[-122.6811772,45.4836942],[-122.6811295,45.4835732],[-122.681068,45.4833686],[-122.6810293,45.483194],[-122.681013,45.4830419],[-122.6809281,45.4824871],[-122.6806011,45.4803136],[-122.6806009,45.480306],[-122.6804897,45.4796221],[-122.680137,45.4773348],[-122.6801368,45.4773272],[-122.6800676,45.4769093],[-122.6796962,45.4744012],[-122.6796838,45.4743558],[-122.6796605,45.4743105],[-122.6796158,45.4742732],[-122.6795711,45.474236],[-122.6795053,45.4742144],[-122.6794398,45.4742004],[-122.6793745,45.474194],[-122.6773482,45.4742099],[-122.6773522,45.4737144],[-122.6773605,45.4730359],[-122.6773589,45.4729902],[-122.6773467,45.4729523],[-122.6773126,45.4729073],[-122.6772682,45.4728776],[-122.6772237,45.472848],[-122.6771688,45.4728262],[-122.6771032,45.4728122],[-122.677038,45.4728058],[-122.6762901,45.4728048],[-122.6762784,45.4727822],[-122.6762432,45.4727067],[-122.6762094,45.4726692],[-122.6761075,45.4725492],[-122.6760848,45.4725191],[-122.6757829,45.4722582],[-122.6757154,45.4721908],[-122.6756694,45.4721155],[-122.6756228,45.4720249],[-122.6756082,45.4719185],[-122.6755924,45.4717816],[-122.6756117,45.4717127],[-122.6756211,45.4716744],[-122.6756271,45.4715371],[-122.6756257,45.471499],[-122.6756135,45.4714611],[-122.6755905,45.4714234],[-122.6755448,45.4713557],[-122.6754887,45.4713034],[-122.6752442,45.4711328],[-122.6752103,45.4710954],[-122.6751987,45.4710727],[-122.675193,45.4709128],[-122.67518,45.470852],[-122.6751215,45.4707312],[-122.6750874,45.4706861],[-122.6749964,45.4705659],[-122.6749403,45.4705137],[-122.6748182,45.4704321],[-122.6746828,45.4702823],[-122.6746248,45.4701767],[-122.6745907,45.4701316],[-122.6745352,45.4700946],[-122.67448,45.4700651],[-122.6744139,45.4700359],[-122.6743484,45.4700219],[-122.6742828,45.4700079],[-122.674207,45.4700094],[-122.6741315,45.4700184],[-122.6740884,45.4700269],[-122.6740129,45.470036],[-122.6739912,45.4700364],[-122.6738715,45.4700234],[-122.6734464,45.4699553],[-122.6734128,45.4699255],[-122.6734017,45.4699181],[-122.6733779,45.4698575],[-122.6733024,45.4695617],[-122.673278,45.469486],[-122.6732547,45.4694407],[-122.6732198,45.4693728],[-122.673197,45.4693427],[-122.6731518,45.4692902],[-122.6730963,45.4692532],[-122.6730405,45.4692085],[-122.6729853,45.4691791],[-122.6730318,45.4689648],[-122.6730987,45.468712],[-122.6731767,45.4684666],[-122.6732146,45.4683135],[-122.6732251,45.4683057],[-122.6732343,45.4682597],[-122.6743382,45.4685207],[-122.6744035,45.468527],[-122.6744688,45.4685334],[-122.6746093,45.4685231],[-122.6753999,45.468508],[-122.6754646,45.4684992],[-122.6755293,45.4684903],[-122.6755827,45.4684664],[-122.6756249,45.4684351],[-122.6756672,45.4684038],[-122.6756983,45.4683651],[-122.6757183,45.468319],[-122.675717,45.4682809],[-122.6757262,45.468235],[-122.6778073,45.468241],[-122.6778089,45.4682867],[-122.6778102,45.4683248],[-122.6778335,45.46837],[-122.6778566,45.4684077],[-122.6779012,45.468445],[-122.6779457,45.4684746],[-122.6780006,45.4684964],[-122.6780553,45.4685106],[-122.6781206,45.468517],[-122.6784135,45.4685266],[-122.6784471,45.4685565],[-122.6785021,45.4685783],[-122.6785571,45.4686001],[-122.6786115,45.4686067],[-122.6786659,45.4686133],[-122.680075,45.4686168],[-122.6801397,45.4686079],[-122.680215,45.4685912],[-122.6802683,45.4685674],[-122.6803214,45.4685359],[-122.6805705,45.4685311],[-122.6806049,45.4685838],[-122.6806495,45.468621],[-122.6809274,45.4688139],[-122.6809718,45.4688435],[-122.6810376,45.4688651],[-122.6811031,45.4688791],[-122.6811681,45.4688779],[-122.6812328,45.468869],[-122.6812564,45.4689219],[-122.6812794,45.4689596],[-122.6813241,45.4689968],[-122.6813793,45.4690262],[-122.6814451,45.4690479],[-122.6815107,45.4690618],[-122.6816192,45.4690674],[-122.6816301,45.4690672],[-122.6817389,45.4690803],[-122.6818039,45.4690791],[-122.6818686,45.4690702],[-122.6819222,45.469054],[-122.6819756,45.4690301],[-122.6820178,45.4689988],[-122.68206,45.4689675],[-122.6820801,45.4689214],[-122.6821004,45.4688829],[-122.6821555,45.4686074],[-122.6828097,45.468412],[-122.6828319,45.4684268],[-122.6828213,45.4684346],[-122.6827788,45.4684583],[-122.6827366,45.4684896],[-122.6827054,45.4685283],[-122.6826851,45.4685668],[-122.6826757,45.4686051],[-122.6826773,45.4686508],[-122.6826898,45.4686963],[-122.6827128,45.4687339],[-122.6827467,45.4687714],[-122.6828585,45.4688683],[-122.6828699,45.4688834],[-122.6830372,45.4690173],[-122.6830483,45.4690248],[-122.6831932,45.4691363],[-122.6832376,45.4691659],[-122.6832926,45.4691877],[-122.6833581,45.4692017],[-122.6834234,45.4692081],[-122.6834884,45.4692069],[-122.6835423,45.4691982],[-122.6836064,45.4691741],[-122.6836489,45.4691504],[-122.6836912,45.4691191],[-122.6837023,45.4691265],[-122.683891,45.4692525],[-122.6839021,45.4692599],[-122.6840903,45.4693706],[-122.6841014,45.469378],[-122.6842672,45.4694663],[-122.6842252,45.4695052],[-122.6841941,45.4695439],[-122.684174,45.46959],[-122.6841649,45.469636],[-122.6841983,45.4702679],[-122.6841999,45.4703136],[-122.6842232,45.4703589],[-122.6842571,45.4703964],[-122.6842907,45.4704262],[-122.6843351,45.4704558],[-122.6843901,45.4704776],[-122.6844553,45.470484],[-122.6848257,45.4705379],[-122.684989,45.4705576],[-122.6850001,45.470565],[-122.68537,45.4706037],[-122.6853808,45.4706035],[-122.6855111,45.4706086],[-122.6855116,45.4706238],[-122.6853086,45.4710088],[-122.6852995,45.4710547],[-122.6853011,45.4711004],[-122.6853027,45.4711461],[-122.6853369,45.4711912],[-122.685371,45.4712362],[-122.6854262,45.4712657],[-122.6854812,45.4712875],[-122.685547,45.4713091],[-122.6856123,45.4713155],[-122.6865668,45.4713353],[-122.6865776,45.471335],[-122.6868484,45.4713298],[-122.68687,45.4713294],[-122.6870539,45.4713183],[-122.6870864,45.4713177],[-122.6872375,45.4712995],[-122.6877552,45.4712286],[-122.6878091,45.4712199],[-122.6880668,45.471154],[-122.6883249,45.4710957],[-122.6885618,45.471053],[-122.6886045,45.471037],[-122.6889048,45.4709474],[-122.6889154,45.4709395],[-122.6892256,45.4708269],[-122.6892362,45.4708191],[-122.6894712,45.4707231],[-122.6894926,45.470715],[-122.6896737,45.4706277],[-122.6896843,45.4706199],[-122.689844,45.4705406],[-122.6898546,45.4705328],[-122.6901302,45.4703598],[-122.6904277,45.470194],[-122.6904385,45.4701938],[-122.6907038,45.4700363],[-122.6909694,45.4698864],[-122.6924034,45.4690737],[-122.6924142,45.4690735],[-122.6933476,45.4685068],[-122.6945696,45.4678277],[-122.6951007,45.4675279],[-122.695504,45.4672914],[-122.6958226,45.46711],[-122.6958335,45.4671098],[-122.6970112,45.4664087],[-122.6974259,45.4661873],[-122.6974479,45.4661945],[-122.6974812,45.4662167],[-122.6975697,45.4662684],[-122.6976139,45.4662904],[-122.6977455,45.4663336],[-122.6977785,45.4663482],[-122.6979096,45.4663761],[-122.6979424,45.4663831],[-122.6980626,45.4664113],[-122.698117,45.4664179],[-122.6982364,45.4664232],[-122.6982689,45.4664225],[-122.6995046,45.4664292],[-122.6995699,45.4664355],[-122.6995916,45.4664351],[-122.6996246,45.4664497],[-122.6996357,45.4664571],[-122.6996468,45.4664645],[-122.6996579,45.4664719],[-122.699692,45.466517],[-122.6997148,45.4665471],[-122.6997262,45.4665621],[-122.6997381,45.4665923],[-122.6997403,45.4666533],[-122.6997533,45.466714],[-122.699742,45.4679033],[-122.6997423,45.4679109],[-122.6997343,45.4682921],[-122.6997468,45.4683376],[-122.6997593,45.4683831],[-122.6997931,45.4684206],[-122.6998378,45.4684578],[-122.6998822,45.4684874],[-122.6999369,45.4685016],[-122.7000025,45.4685156],[-122.7000677,45.468522],[-122.702647,45.4685178],[-122.7026579,45.4685176],[-122.7051392,45.4685001],[-122.7060497,45.4685053],[-122.7060606,45.4685051],[-122.7068734,45.4685046],[-122.7069278,45.4685112],[-122.7069503,45.4685336],[-122.7073426,45.4688919],[-122.707387,45.4689215],[-122.70752,45.4690028],[-122.7075642,45.4690248],[-122.7076192,45.4690466],[-122.7076736,45.4690532],[-122.707728,45.4690597],[-122.7082159,45.4690655],[-122.708422,45.4690691],[-122.7079887,45.4693748],[-122.7079781,45.4693826],[-122.7078729,45.4694685],[-122.7078517,45.4694842],[-122.7077892,45.469554],[-122.707779,45.4695694],[-122.7076956,45.4696625],[-122.7076751,45.4696934],[-122.7076034,45.4698091],[-122.7075825,45.4698324],[-122.7075531,45.4699168],[-122.7075425,45.4699246],[-122.7075236,45.4700012],[-122.7075133,45.4700166],[-122.7074944,45.4700932],[-122.7074947,45.4701008],[-122.7074755,45.4701698],[-122.7074763,45.4701927],[-122.7074691,45.4702919],[-122.7074694,45.4702995],[-122.7074747,45.4710464],[-122.7074918,45.4733174],[-122.7074719,45.4736684],[-122.7074614,45.4736762],[-122.7074586,45.4744995],[-122.7074589,45.4745071],[-122.7074759,45.4752766],[-122.7074945,45.4760918],[-122.7074962,45.4761375],[-122.7075195,45.4761828],[-122.7075534,45.4762202],[-122.707587,45.4762501],[-122.7076314,45.4762797],[-122.7076864,45.4763015],[-122.7077519,45.4763155],[-122.7078172,45.4763218],[-122.7098774,45.4763429],[-122.7110048,45.4763439],[-122.7116774,45.4763613],[-122.714301,45.4763714],[-122.7143118,45.4763712],[-122.7149728,45.476366],[-122.7160796,45.4763978],[-122.7197771,45.4764326],[-122.7232255,45.4764721],[-122.7232363,45.4764719],[-122.7251772,45.4764874],[-122.726359,45.4764948],[-122.7273349,45.4765062],[-122.7283759,45.4765163],[-122.73074,45.4765463],[-122.7344051,45.4765813],[-122.7360098,45.4765955],[-122.7386881,45.4766192],[-122.7405856,45.4766353],[-122.7434374,45.476663],[-122.7434575,45.4769142],[-122.7434628,45.4779431],[-122.7434596,45.4825778],[-122.7434947,45.4858929],[-122.7434949,45.4859005],[-122.7435061,45.4870894],[-122.7435101,45.4886748],[-122.7435226,45.4887203],[-122.7435349,45.4887582],[-122.7435691,45.4888033],[-122.7436027,45.4888331],[-122.7436471,45.4888627],[-122.7437021,45.4888845],[-122.743746,45.4888989],[-122.7436816,45.4889154],[-122.7436285,45.4889469],[-122.7435755,45.4889785],[-122.7435447,45.4890248],[-122.7435247,45.4890709],[-122.7435155,45.4891168],[-122.7435189,45.491274],[-122.7434761,45.4912901],[-122.7434231,45.4913216],[-122.7433808,45.4913529],[-122.7433392,45.4913995],[-122.7433192,45.4914456],[-122.7433209,45.4914913],[-122.7433228,45.4915446],[-122.7433837,45.4917264],[-122.7434071,45.4917716],[-122.7434518,45.4918089],[-122.7434965,45.4918461],[-122.7435518,45.4918755],[-122.7436285,45.4918969],[-122.7435572,45.4920202],[-122.7435372,45.4920664],[-122.743528,45.4921123],[-122.7435267,45.4932557],[-122.7405378,45.4927656],[-122.7404725,45.4927592],[-122.7387271,45.492763],[-122.738662,45.4927642],[-122.7386084,45.4927805],[-122.738544,45.492797],[-122.7385018,45.4928284],[-122.7384598,45.4928673],[-122.7384287,45.492906],[-122.7384084,45.4929445],[-122.7383993,45.4929904],[-122.7384068,45.4973351],[-122.738407,45.4973427],[-122.7384169,45.4979066],[-122.7384046,45.4993475],[-122.7383939,45.501421],[-122.7382342,45.5015004],[-122.7381811,45.5015319],[-122.7381392,45.5015708],[-122.7381189,45.5016093],[-122.7379458,45.5019176],[-122.7379258,45.5019638],[-122.7379167,45.5020097],[-122.7379292,45.5020552],[-122.7379525,45.5021004],[-122.7382157,45.5024764],[-122.7380702,45.502647],[-122.7377051,45.5027456],[-122.7376518,45.5027695],[-122.7375984,45.5027934],[-122.7375565,45.5028323],[-122.7375253,45.5028711],[-122.7375051,45.5029096],[-122.7374959,45.5029555],[-122.7374912,45.5031233],[-122.7373748,45.5032018],[-122.737364,45.503202],[-122.7365174,45.503775],[-122.7364963,45.5037906],[-122.7364013,45.5038611],[-122.736391,45.5038765],[-122.736286,45.5039701],[-122.7362652,45.5039933],[-122.7361513,45.5041404],[-122.7361304,45.5041637],[-122.7360074,45.5043566],[-122.7354102,45.5043378],[-122.735438,45.5042077],[-122.7355077,45.5040387],[-122.7355899,45.5039151],[-122.7356002,45.5038996],[-122.7356111,45.5038994],[-122.7356108,45.5038918],[-122.7356216,45.5038916],[-122.735643,45.5038836],[-122.7358689,45.5038334],[-122.7358903,45.5038254],[-122.7359439,45.5038091],[-122.7359867,45.503793],[-122.7360403,45.5037767],[-122.736072,45.5037532],[-122.7361145,45.5037295],[-122.7361462,45.503706],[-122.7361884,45.5036747],[-122.7362198,45.5036436],[-122.7362512,45.5036125],[-122.7362618,45.5036047],[-122.7364068,45.5034189],[-122.7364271,45.5033804],[-122.7364365,45.5033421],[-122.7364548,45.5032503],[-122.736464,45.5032043],[-122.7364515,45.5031589],[-122.7364281,45.5031136],[-122.7363831,45.5030687],[-122.7363386,45.5030391],[-122.7362725,45.5030099],[-122.7362286,45.5029955],[-122.7356542,45.5027095],[-122.7364551,45.5017791],[-122.7368707,45.5012831],[-122.7369016,45.5012368],[-122.7369216,45.5011907],[-122.7369199,45.501145],[-122.7369074,45.5010995],[-122.736884,45.5010542],[-122.7368393,45.501017],[-122.7367945,45.5009797],[-122.7367287,45.5009582],[-122.736674,45.500944],[-122.7365978,45.5009379],[-122.7360335,45.500926],[-122.7357735,45.5009311],[-122.7356976,45.5009326],[-122.7356331,45.5009491],[-122.7355798,45.500973],[-122.7355267,45.5010045],[-122.7354848,45.5010435],[-122.7347378,45.5019652],[-122.7344577,45.5023136],[-122.734413,45.5022764],[-122.7343688,45.5022544],[-122.7343244,45.5022248],[-122.7342588,45.5022108],[-122.7342043,45.5022043],[-122.7341393,45.5022055],[-122.7340854,45.5022142],[-122.7340209,45.5022307],[-122.733914,45.5022709],[-122.7339083,45.5009295],[-122.7338957,45.500884],[-122.7338835,45.5008461],[-122.7338496,45.5008087],[-122.7338157,45.5007712],[-122.7337604,45.5007418],[-122.7337054,45.50072],[-122.7336507,45.5007058],[-122.7335856,45.5007071],[-122.7332708,45.500698],[-122.7332761,45.5005455],[-122.7332636,45.5005],[-122.7332514,45.5004621],[-122.7332175,45.5004247],[-122.7331727,45.5003874],[-122.7331283,45.5003578],[-122.7330735,45.5003436],[-122.7330188,45.5003294],[-122.7329535,45.5003231],[-122.7325412,45.5003159],[-122.7325073,45.5002785],[-122.732452,45.5002491],[-122.732397,45.5002273],[-122.7323314,45.5002133],[-122.7322661,45.5002069],[-122.7311489,45.5001983],[-122.7310842,45.5002072],[-122.7310194,45.500216],[-122.7309661,45.50024],[-122.7309127,45.5002639],[-122.7308708,45.5003028],[-122.7308397,45.5003415],[-122.7308197,45.5003876],[-122.7308211,45.5004257],[-122.7308105,45.5007308],[-122.7306155,45.5007346],[-122.7305813,45.5006896],[-122.7305474,45.5006521],[-122.7304924,45.5006303],[-122.7304265,45.5006087],[-122.7303718,45.5005946],[-122.7300562,45.5005626],[-122.7300463,45.4985124],[-122.7300538,45.4984208],[-122.7300627,45.4983672],[-122.7300394,45.498322],[-122.730016,45.4982767],[-122.7299713,45.4982394],[-122.7297815,45.4980907],[-122.7297704,45.4980833],[-122.7294253,45.4978385],[-122.72937,45.4978091],[-122.7292817,45.4977651],[-122.7292269,45.4977509],[-122.7291722,45.4977367],[-122.7290522,45.4977162],[-122.7289872,45.4977175],[-122.7279678,45.4977145],[-122.7279028,45.4977157],[-122.727795,45.4977331],[-122.7277628,45.4977413],[-122.7274938,45.4977999],[-122.7274724,45.497808],[-122.7272899,45.4978573],[-122.7268498,45.4979802],[-122.7265914,45.498031],[-122.7263972,45.4980576],[-122.7262675,45.4980678],[-122.7261802,45.4980542],[-122.7260821,45.4980409],[-122.7258746,45.4979992],[-122.725831,45.4979924],[-122.7256676,45.4979727],[-122.7256134,45.4979738],[-122.7254617,45.4979767],[-122.7254076,45.4979778],[-122.7251483,45.4980057],[-122.724803,45.4980506],[-122.7247816,45.4980586],[-122.724566,45.4980933],[-122.7245446,45.4981013],[-122.7242976,45.4981671],[-122.724244,45.4981834],[-122.72387,45.4983355],[-122.7238592,45.4983357],[-122.7227267,45.4987998],[-122.7227053,45.4988079],[-122.7223858,45.4989665],[-122.7222004,45.4989397],[-122.7215467,45.4988533],[-122.7209038,45.4987667],[-122.720871,45.4987597],[-122.7207079,45.4987476],[-122.7206754,45.4987483],[-122.7205559,45.498743],[-122.7205451,45.4987432],[-122.7204151,45.4987457],[-122.7203934,45.4987461],[-122.7202528,45.4987565],[-122.7201989,45.4987651],[-122.7199083,45.4988241],[-122.7198758,45.4988248],[-122.7195107,45.4989233],[-122.719489,45.4989238],[-122.7191459,45.4990295],[-122.7190925,45.4990534],[-122.7188577,45.4991571],[-122.7188363,45.4991651],[-122.7187299,45.4992205],[-122.7187194,45.4992283],[-122.7181672,45.4995516],[-122.7181458,45.4995596],[-122.7180505,45.4996224],[-122.7180191,45.4996535],[-122.7179147,45.4997623],[-122.7178832,45.4997934],[-122.7176873,45.5000716],[-122.7173014,45.4998961],[-122.7172247,45.4998748],[-122.7171044,45.4998466],[-122.71705,45.49984],[-122.7169086,45.4998275],[-122.7168219,45.4998292],[-122.7167463,45.4998383],[-122.7166493,45.4998554],[-122.7163493,45.4999527],[-122.7163067,45.4999764],[-122.7159444,45.5001511],[-122.7159338,45.5001589],[-122.7151144,45.5005864],[-122.7148907,45.5006975],[-122.7148801,45.5007053],[-122.7147098,45.5007924],[-122.7146673,45.5008161],[-122.7144669,45.5009725],[-122.7139812,45.5013325],[-122.7138111,45.5014272],[-122.7137792,45.5014431],[-122.7133987,45.5017173],[-122.7133882,45.5017251],[-122.713177,45.5018816],[-122.7126249,45.5016103],[-122.7123157,45.5014562],[-122.7122607,45.5014344],[-122.7121071,45.501384],[-122.7120307,45.5013703],[-122.711889,45.5013501],[-122.7118562,45.5013431],[-122.7116064,45.5013327],[-122.7115847,45.5013332],[-122.7113894,45.5013293]]]}},{"type":"Feature","properties":{"boundary_id":"current-middle-6","school_name":"Harrison Park Middle School","review_status":"unverified","school_candidates":["Harrison Park Middle School"],"name_status":"pdf-label-match","source_label":"Harrison Park Middle School Mandarin Immersion"},"geometry":{"type":"Polygon","coordinates":[[[-122.5764624,45.4911349],[-122.576465,45.4915311],[-122.5764666,45.4915768],[-122.5764895,45.4916145],[-122.5765128,45.4916598],[-122.5765571,45.4916894],[-122.5766015,45.4917191],[-122.5766565,45.491741],[-122.576722,45.491755],[-122.5767873,45.4917614],[-122.5784352,45.4917619],[-122.5784081,45.4938275],[-122.578399,45.4948335],[-122.5783607,45.4968916],[-122.5783467,45.4974329],[-122.5783276,45.5000545],[-122.5783112,45.5005272],[-122.5783115,45.5005349],[-122.5783215,45.5014643],[-122.578323,45.50151],[-122.5783463,45.5015553],[-122.5783692,45.501593],[-122.5784139,45.5016303],[-122.5784691,45.5016598],[-122.5785238,45.501674],[-122.5785785,45.5016883],[-122.5786438,45.5016947],[-122.5884351,45.5016838],[-122.5897915,45.5017123],[-122.5898023,45.5017121],[-122.5945942,45.5016854],[-122.594659,45.5016766],[-122.5947129,45.5016679],[-122.5947663,45.5016441],[-122.5948197,45.5016203],[-122.5948617,45.5015814],[-122.5948929,45.5015427],[-122.5949133,45.5015042],[-122.5949117,45.5014586],[-122.5949541,45.498905],[-122.5949669,45.4977007],[-122.5952273,45.4977036],[-122.5952381,45.4977034],[-122.596767,45.4977058],[-122.597548,45.4977143],[-122.5985021,45.497712],[-122.5993586,45.4977116],[-122.6003997,45.4977153],[-122.6030455,45.4977199],[-122.6040429,45.4977168],[-122.6050084,45.4977295],[-122.6050192,45.4977293],[-122.6060275,45.497726],[-122.6070469,45.49773],[-122.608012,45.4977351],[-122.608695,45.4977301],[-122.6086686,45.5013579],[-122.6086633,45.5015181],[-122.6086649,45.5015638],[-122.6086882,45.501609],[-122.6087111,45.5016467],[-122.6087447,45.5016766],[-122.6087891,45.5017062],[-122.6088441,45.5017281],[-122.6090526,45.5018005],[-122.609129,45.5018143],[-122.6091943,45.5018207],[-122.6106583,45.5018242],[-122.6106382,45.5043774],[-122.6106305,45.5050939],[-122.6106424,45.5051241],[-122.6106553,45.5051849],[-122.6106675,45.5052227],[-122.6106796,45.5052606],[-122.610691,45.5052756],[-122.610737,45.505351],[-122.6107484,45.505366],[-122.6107714,45.5054037],[-122.6108424,45.5055777],[-122.6108838,45.5073982],[-122.610884,45.5074058],[-122.6109062,45.5080455],[-122.6109065,45.5080532],[-122.6110081,45.509423],[-122.6111401,45.5113561],[-122.6111774,45.5118051],[-122.6102664,45.5118066],[-122.6091273,45.5117972],[-122.6091165,45.5117974],[-122.6082925,45.5118049],[-122.6070453,45.511805],[-122.6070445,45.5117822],[-122.6070318,45.5117291],[-122.6070083,45.5116762],[-122.6069737,45.5116159],[-122.606929,45.5115786],[-122.6068843,45.5115413],[-122.6068183,45.511512],[-122.6067635,45.5114978],[-122.6066874,45.5114916],[-122.6066224,45.5114928],[-122.6065468,45.5115018],[-122.6052472,45.5115562],[-122.6045649,45.511584],[-122.6021173,45.5116823],[-122.6020775,45.5098999],[-122.6020651,45.5098544],[-122.6020527,45.5098089],[-122.6020189,45.5097714],[-122.6019742,45.5097341],[-122.601919,45.5097047],[-122.6018643,45.5096904],[-122.6017987,45.5096764],[-122.6017334,45.50967],[-122.601647,45.5096792],[-122.5979594,45.5096707],[-122.5979486,45.5096709],[-122.5979576,45.5096174],[-122.5979571,45.5096022],[-122.5979653,45.5095258],[-122.5979647,45.5095106],[-122.5979626,45.5094496],[-122.5979616,45.5094192],[-122.597937,45.5093358],[-122.5979246,45.5092903],[-122.5978787,45.509215],[-122.5978879,45.5091691],[-122.5978861,45.5091158],[-122.5978726,45.5090398],[-122.5978602,45.5089943],[-122.5978261,45.5089492],[-122.5977585,45.5088742],[-122.5977122,45.5087913],[-122.597689,45.508746],[-122.5976983,45.5087001],[-122.5977186,45.5086616],[-122.5978025,45.5085762],[-122.5978865,45.5084985],[-122.5978968,45.5084831],[-122.5979389,45.5084442],[-122.5979701,45.5084055],[-122.5980008,45.5083516],[-122.5980203,45.5082903],[-122.5980402,45.5082366],[-122.5980389,45.5081985],[-122.5980038,45.507178],[-122.5980022,45.5071323],[-122.5979789,45.507087],[-122.5979451,45.5070496],[-122.5979113,45.5070121],[-122.5978563,45.5069902],[-122.5978013,45.5069684],[-122.5977466,45.5069541],[-122.5976813,45.5069477],[-122.5955025,45.5069724],[-122.5939736,45.5069776],[-122.5939845,45.5054],[-122.5939829,45.5053543],[-122.5939596,45.505309],[-122.5939258,45.5052715],[-122.593892,45.505234],[-122.5938368,45.5052046],[-122.5937818,45.5051827],[-122.5937162,45.5051687],[-122.5936621,45.5051697],[-122.5820271,45.5051917],[-122.5786999,45.5046121],[-122.5786346,45.5046057],[-122.5785696,45.5046069],[-122.5785048,45.5046157],[-122.5784514,45.5046395],[-122.5783983,45.504671],[-122.578356,45.5047022],[-122.5783248,45.5047409],[-122.5783046,45.504787],[-122.5782954,45.5048329],[-122.578275,45.5083689],[-122.57828,45.5091537],[-122.5782694,45.510114],[-122.5782676,45.5113332],[-122.5782749,45.5115465],[-122.5782988,45.5122471],[-122.5783203,45.5128791],[-122.5783429,45.5135417],[-122.5783763,45.514204],[-122.5784439,45.5152315],[-122.578607,45.5184213],[-122.578643,45.5191598],[-122.5786554,45.5192053],[-122.5786784,45.519243],[-122.5787014,45.5192806],[-122.578746,45.5193179],[-122.5787901,45.51934],[-122.5788451,45.5193619],[-122.5789107,45.5193759],[-122.5789651,45.5193825],[-122.5804081,45.5193944],[-122.5823392,45.519405],[-122.583435,45.5194156],[-122.5846721,45.5194312],[-122.5851493,45.5194301],[-122.5865381,45.5194429],[-122.5865489,45.5194427],[-122.5876554,45.5194454],[-122.5881437,45.5194517],[-122.5881379,45.5199167],[-122.588139,45.5199471],[-122.5881514,45.5199926],[-122.5881638,45.5200381],[-122.5881757,45.5200684],[-122.5881106,45.5200696],[-122.5880564,45.5200705],[-122.5879916,45.5200793],[-122.587938,45.5200956],[-122.5878954,45.5201192],[-122.5877679,45.5201977],[-122.5877256,45.520229],[-122.5876836,45.5202678],[-122.5876634,45.5203139],[-122.5876539,45.5203522],[-122.5876555,45.5203979],[-122.5876679,45.5204434],[-122.5876911,45.5204887],[-122.5877355,45.5205184],[-122.5878026,45.5205781],[-122.5878582,45.5206152],[-122.5886633,45.5210044],[-122.5896117,45.5214595],[-122.5906258,45.5219287],[-122.5906477,45.5219359],[-122.5909776,45.5220671],[-122.5909884,45.5220669],[-122.5912301,45.5221539],[-122.591252,45.5221611],[-122.5913617,45.5221972],[-122.5915166,45.5222858],[-122.5915025,45.5231395],[-122.5915147,45.5231774],[-122.5915271,45.5232229],[-122.5915609,45.5232604],[-122.5915945,45.5232903],[-122.5916389,45.5233199],[-122.5916939,45.5233418],[-122.5917486,45.523356],[-122.5918139,45.5233625],[-122.5924334,45.5233969],[-122.5924551,45.5233965],[-122.5969345,45.5233831],[-122.597021,45.5233739],[-122.5984655,45.5231113],[-122.6018823,45.5231096],[-122.6018067,45.5287805],[-122.6002837,45.5296009],[-122.5990156,45.5302642],[-122.596702,45.531442],[-122.5947194,45.5324689],[-122.5927902,45.5334719],[-122.5927796,45.5334797],[-122.591586,45.5341035],[-122.5902412,45.5347528],[-122.5899847,45.5348642],[-122.5897059,45.5349607],[-122.5892124,45.5351221],[-122.588772,45.535252],[-122.5883518,45.5353359],[-122.5878985,45.5354051],[-122.5874555,45.5354589],[-122.5870331,45.5354818],[-122.5864365,45.535485],[-122.5860563,45.5354691],[-122.5857738,45.535459],[-122.5853817,45.5354128],[-122.5850654,45.5353652],[-122.5843332,45.5352109],[-122.5840265,45.535125],[-122.5836648,45.5350173],[-122.5824565,45.534582],[-122.5820486,45.5343913],[-122.5818611,45.5343033],[-122.5818283,45.5342962],[-122.581092,45.53402],[-122.5810809,45.5340126],[-122.5802795,45.5337376],[-122.5790277,45.5332955],[-122.5748797,45.5319152],[-122.5742764,45.5317204],[-122.5742656,45.5317206],[-122.5739367,45.5316199],[-122.5739039,45.5316128],[-122.5736089,45.5315496],[-122.5735869,45.5315424],[-122.5727466,45.5313976],[-122.5727139,45.5313905],[-122.5721475,45.5313246],[-122.5721258,45.531325],[-122.5716147,45.5312885],[-122.5715819,45.5312815],[-122.5709525,45.5312776],[-122.5709417,45.5312778],[-122.5703015,45.5312741],[-122.5702907,45.5312743],[-122.5687736,45.5313245],[-122.5687934,45.5299907],[-122.5688021,45.5299296],[-122.5688011,45.5298991],[-122.5688176,45.5287863],[-122.5688548,45.5263702],[-122.5688543,45.526355],[-122.5688507,45.5262483],[-122.5689109,45.5225897],[-122.5689093,45.522544],[-122.5688863,45.5225064],[-122.5688631,45.5224611],[-122.5688187,45.5224314],[-122.5687635,45.5224019],[-122.5687085,45.52238],[-122.5686538,45.5223658],[-122.5685885,45.5223593],[-122.5676882,45.5223604],[-122.567723,45.5205081],[-122.5677883,45.5205146],[-122.567853,45.5205058],[-122.5679178,45.520497],[-122.5681003,45.5204403],[-122.5681646,45.5204163],[-122.5682072,45.5203927],[-122.5682492,45.5203538],[-122.5682709,45.5203534],[-122.568618,45.5203548],[-122.5686831,45.5203536],[-122.5687368,45.5203374],[-122.5688013,45.520321],[-122.5688436,45.5202898],[-122.5688859,45.5202585],[-122.5689172,45.5202199],[-122.5689373,45.5201738],[-122.5689466,45.5201279],[-122.5689476,45.5198383],[-122.5689468,45.5198155],[-122.5689453,45.5197698],[-122.5689409,45.5196403],[-122.5689563,45.5194572],[-122.5689638,45.519358],[-122.5689739,45.5193349],[-122.5689682,45.5191674],[-122.5689679,45.5191598],[-122.5689654,45.5190836],[-122.5689749,45.5184053],[-122.5689625,45.5183598],[-122.5689503,45.5183219],[-122.5689163,45.5182768],[-122.5688719,45.5182471],[-122.5688275,45.5182175],[-122.5687725,45.5181956],[-122.5687069,45.5181815],[-122.5686417,45.5181751],[-122.566147,45.5181744],[-122.5647484,45.518192],[-122.5647267,45.5143521],[-122.5647265,45.5140244],[-122.5647141,45.5139789],[-122.564702,45.513941],[-122.5646682,45.5139035],[-122.5646235,45.5138663],[-122.5645791,45.5138366],[-122.5645242,45.5138147],[-122.5644586,45.5138006],[-122.5644044,45.5138016],[-122.5639812,45.513794],[-122.5640623,45.5110647],[-122.564061,45.5110266],[-122.5640478,45.5109583],[-122.5640672,45.5099292],[-122.5641028,45.5077798],[-122.5672595,45.5078066],[-122.5673245,45.5078054],[-122.567389,45.507789],[-122.5674427,45.5077728],[-122.5674958,45.5077414],[-122.5675382,45.5077101],[-122.5675585,45.5076717],[-122.5675787,45.5076256],[-122.567588,45.5075797],[-122.5675897,45.5057128],[-122.5676018,45.5044705],[-122.5676002,45.5044248],[-122.5675772,45.5043872],[-122.5675543,45.5043495],[-122.5675096,45.5043122],[-122.5674652,45.5042825],[-122.5674103,45.5042606],[-122.5673447,45.5042466],[-122.5672903,45.5042399],[-122.5654026,45.5042131],[-122.5650336,45.5042045],[-122.5637535,45.5041896],[-122.5631889,45.5041693],[-122.5631781,45.5041695],[-122.5626682,45.5041634],[-122.5626357,45.504164],[-122.5623761,45.5041839],[-122.557439,45.5040901],[-122.5563107,45.5040723],[-122.5553993,45.5040582],[-122.5545641,45.5040503],[-122.5537291,45.5040501],[-122.5533165,45.5040347],[-122.5533057,45.5040349],[-122.5532515,45.5040358],[-122.5532786,45.5025876],[-122.5532869,45.5021912],[-122.5533182,45.5021526],[-122.5533386,45.5021141],[-122.5533589,45.5020756],[-122.5533685,45.5020374],[-122.5533831,45.499896],[-122.5581653,45.499909],[-122.5582301,45.4999002],[-122.5582948,45.4998914],[-122.5583483,45.4998676],[-122.5584014,45.4998362],[-122.5584329,45.4998051],[-122.5584641,45.4997664],[-122.5584842,45.4997204],[-122.5584938,45.4996821],[-122.5585325,45.4972964],[-122.5590967,45.4973091],[-122.5637936,45.4973691],[-122.5638584,45.4973603],[-122.5639231,45.4973515],[-122.5639766,45.4973277],[-122.56403,45.4973039],[-122.564072,45.497265],[-122.5641032,45.4972264],[-122.5641236,45.4971879],[-122.5641329,45.497142],[-122.5641376,45.496639],[-122.5644306,45.4966489],[-122.5644957,45.4966478],[-122.5645602,45.4966314],[-122.5646247,45.496615],[-122.5646778,45.4965835],[-122.5647199,45.4965447],[-122.5647511,45.496506],[-122.5647604,45.4964601],[-122.5650181,45.4954268],[-122.5650282,45.4954037],[-122.5650516,45.4951366],[-122.5651726,45.4939076],[-122.5652046,45.4935718],[-122.5652031,45.4935261],[-122.5651907,45.4934806],[-122.5651675,45.4934353],[-122.5651228,45.493398],[-122.5650785,45.4933683],[-122.5650235,45.4933465],[-122.564958,45.4933324],[-122.5648927,45.493326],[-122.5645021,45.4933178],[-122.5644805,45.4933182],[-122.5640037,45.4933268],[-122.5633856,45.4933227],[-122.5616063,45.4932863],[-122.5610421,45.4932736],[-122.5610526,45.4932658],[-122.5610931,45.4931813],[-122.5611032,45.4931582],[-122.5611331,45.4930815],[-122.5611424,45.4930356],[-122.561149,45.4916258],[-122.5611474,45.4915801],[-122.5611245,45.4915424],[-122.5611015,45.4915048],[-122.5610569,45.4914675],[-122.5610125,45.4914378],[-122.5609576,45.4914159],[-122.5609029,45.4914017],[-122.5608265,45.4913878],[-122.5607612,45.4913814],[-122.5586131,45.4913363],[-122.5586349,45.4900558],[-122.5634089,45.4901677],[-122.5634197,45.4901675],[-122.5651231,45.4902053],[-122.56572,45.4902249],[-122.5657309,45.4902248],[-122.5660453,45.4902267],[-122.5665664,45.4902477],[-122.5665775,45.4902551],[-122.5688768,45.4902821],[-122.5704497,45.4903069],[-122.5713828,45.490328],[-122.5731953,45.4903866],[-122.5732061,45.4903864],[-122.5738789,45.4904046],[-122.5739875,45.4904103],[-122.5748902,45.4904929],[-122.5749338,45.4904998],[-122.5757791,45.490492],[-122.5764403,45.4904876],[-122.5764355,45.490983],[-122.5764368,45.4910211],[-122.5764624,45.4911349]]]}},{"type":"Feature","properties":{"boundary_id":"current-middle-7","school_name":"Hosford Middle School","review_status":"unverified","school_candidates":["Hosford Middle School"],"name_status":"pdf-label-match","source_label":"Hosford Middle School Neighborhood"},"geometry":{"type":"Polygon","coordinates":[[[-122.640392,45.475573],[-122.6407244,45.4770148],[-122.6409411,45.4779405],[-122.6412354,45.4792229],[-122.6414379,45.4800498],[-122.6414384,45.480065],[-122.6416204,45.480618],[-122.6417513,45.4809508],[-122.6417516,45.4809584],[-122.6418582,45.4812156],[-122.6419886,45.4815332],[-122.642,45.4815482],[-122.642116,45.4817671],[-122.6422213,45.4819861],[-122.6422324,45.4819935],[-122.6424981,45.482461],[-122.6424984,45.4824686],[-122.6429222,45.4831161],[-122.6429912,45.4832291],[-122.6430023,45.4832365],[-122.6431166,45.483402],[-122.6431279,45.4834171],[-122.6432752,45.4835972],[-122.6432863,45.4836046],[-122.6434105,45.4837471],[-122.6434108,45.4837547],[-122.643557,45.4839044],[-122.6435681,45.4839118],[-122.6438153,45.4841586],[-122.6438266,45.4841737],[-122.6439606,45.4842855],[-122.6439717,45.4842929],[-122.6440944,45.4843896],[-122.6441055,45.484397],[-122.6442614,45.4845161],[-122.6442725,45.4845235],[-122.6445498,45.4847012],[-122.6445609,45.4847086],[-122.6448601,45.4848935],[-122.6448712,45.4849009],[-122.6453245,45.4851515],[-122.6453464,45.4851587],[-122.6462289,45.4855917],[-122.6471989,45.486046],[-122.6481811,45.4865381],[-122.648203,45.4865453],[-122.6483571,45.486611],[-122.6492719,45.4870358],[-122.6497685,45.4872856],[-122.6501224,45.4874847],[-122.6504682,45.4877601],[-122.6509597,45.4881701],[-122.6516559,45.4888505],[-122.6517005,45.4888877],[-122.6517558,45.4889172],[-122.6518108,45.488939],[-122.651876,45.4889454],[-122.6519413,45.4889518],[-122.652006,45.4889429],[-122.6694388,45.4855795],[-122.6694627,45.4859449],[-122.6689269,45.4894762],[-122.6662385,45.4958988],[-122.6662285,45.4959218],[-122.6651332,45.5001953],[-122.6651343,45.5002258],[-122.6650399,45.5021481],[-122.6650409,45.5021786],[-122.6651549,45.5029462],[-122.6651671,45.5029841],[-122.6651901,45.5030217],[-122.6674372,45.5064469],[-122.6694329,45.5101131],[-122.6702433,45.5124679],[-122.6702056,45.5135433],[-122.670078,45.514224],[-122.6696464,45.5161147],[-122.669161,45.5177167],[-122.6680711,45.5197037],[-122.668051,45.5197498],[-122.6674439,45.5222001],[-122.6674339,45.5222232],[-122.667224,45.5239496],[-122.6672257,45.5239953],[-122.6675407,45.526451],[-122.6675532,45.5264965],[-122.6675765,45.5265418],[-122.6676212,45.526579],[-122.6687066,45.5275112],[-122.6702761,45.5289371],[-122.6736013,45.5318313],[-122.6717821,45.5328413],[-122.6716119,45.5329359],[-122.6711752,45.5331652],[-122.6711647,45.5331731],[-122.6681983,45.5348754],[-122.6668858,45.534885],[-122.6666795,45.5348812],[-122.6666687,45.5348814],[-122.6656165,45.5348861],[-122.6625674,45.534875],[-122.6615582,45.5348712],[-122.6605377,45.5348523],[-122.6585089,45.5348524],[-122.6534306,45.5348335],[-122.6524107,45.5348298],[-122.6514015,45.5348259],[-122.645054,45.5348076],[-122.6450491,45.5340532],[-122.6450661,45.5336109],[-122.6450778,45.5314768],[-122.6450775,45.5314692],[-122.6450759,45.5308062],[-122.6450827,45.5300744],[-122.6450811,45.5300287],[-122.6450578,45.5299835],[-122.6450239,45.529946],[-122.6449792,45.5299087],[-122.644924,45.5298793],[-122.6448689,45.5298574],[-122.6448036,45.529851],[-122.6447383,45.5298446],[-122.6422797,45.5299592],[-122.6370161,45.5302099],[-122.6364098,45.530244],[-122.6363989,45.5302442],[-122.6361068,45.5302649],[-122.6360745,45.5302731],[-122.6356966,45.5303259],[-122.6356752,45.5303339],[-122.635492,45.5303678],[-122.6354923,45.5303754],[-122.6351691,45.5304424],[-122.6351369,45.5304506],[-122.6349439,45.5305152],[-122.6348076,45.5303425],[-122.6347394,45.5302523],[-122.634715,45.5301765],[-122.6347105,45.5300471],[-122.6347223,45.5279054],[-122.6347189,45.5271891],[-122.6347375,45.52648],[-122.6347461,45.5236297],[-122.6347497,45.5231114],[-122.6371798,45.5231194],[-122.6371906,45.5231192],[-122.6392077,45.5231044],[-122.6413557,45.52311],[-122.6414207,45.5231088],[-122.6414852,45.5230923],[-122.6415389,45.5230761],[-122.641592,45.5230446],[-122.6416343,45.5230133],[-122.6416655,45.5229746],[-122.6416747,45.5229287],[-122.641684,45.5228829],[-122.6417151,45.5206798],[-122.6417322,45.5205499],[-122.641742,45.5205193],[-122.6417547,45.5193378],[-122.6417422,45.5192923],[-122.6417298,45.5192468],[-122.6416959,45.5192093],[-122.6416621,45.5191719],[-122.6416068,45.5191424],[-122.6415518,45.5191206],[-122.6414971,45.5191064],[-122.641432,45.5191076],[-122.6393601,45.5191006],[-122.639375,45.5185973],[-122.6393911,45.5172024],[-122.6400853,45.5172047],[-122.6424393,45.517214],[-122.6425041,45.5172051],[-122.642558,45.5171965],[-122.6426223,45.5171724],[-122.6426645,45.5171412],[-122.6427068,45.5171099],[-122.642738,45.5170712],[-122.6427581,45.5170251],[-122.6427673,45.5169792],[-122.6427654,45.5169259],[-122.6427874,45.5138466],[-122.6434057,45.5138503],[-122.6434705,45.5138414],[-122.6435244,45.5138328],[-122.6435886,45.5138087],[-122.6436312,45.5137851],[-122.6436732,45.5137462],[-122.6437044,45.5137075],[-122.6437245,45.5136614],[-122.6437337,45.5136155],[-122.6437247,45.5130517],[-122.6437564,45.5130282],[-122.643777,45.5129974],[-122.6437971,45.5129513],[-122.6438066,45.512913],[-122.6438213,45.5120973],[-122.6438089,45.5120518],[-122.6437964,45.5120063],[-122.6437626,45.5119688],[-122.6437287,45.5119313],[-122.6436735,45.5119019],[-122.6436185,45.5118801],[-122.6435529,45.511866],[-122.6434879,45.5118673],[-122.6431299,45.5118663],[-122.6421537,45.5118618],[-122.6402668,45.5118666],[-122.6391168,45.5118576],[-122.6380975,45.5118614],[-122.6347244,45.5118558],[-122.6338354,45.5118648],[-122.6337376,45.511859],[-122.6337159,45.5118594],[-122.6308308,45.5118522],[-122.630527,45.5118502],[-122.6281627,45.5118485],[-122.6239003,45.5118439],[-122.6230866,45.5118362],[-122.6230743,45.5108609],[-122.6230741,45.5108533],[-122.6230131,45.5087892],[-122.6229809,45.5075553],[-122.622944,45.5061842],[-122.6229202,45.5054988],[-122.6229177,45.5048054],[-122.6229053,45.5047599],[-122.6228931,45.504722],[-122.6228593,45.5046845],[-122.6228255,45.5046471],[-122.6227702,45.5046176],[-122.6227152,45.5045958],[-122.6226605,45.5045815],[-122.6225955,45.5045827],[-122.6203287,45.5045715],[-122.6198082,45.5045735],[-122.6197974,45.5045737],[-122.6195159,45.5045865],[-122.6194726,45.5045873],[-122.6193539,45.5046048],[-122.6192786,45.5046214],[-122.6191926,45.5046459],[-122.6191498,45.5046619],[-122.6190642,45.504694],[-122.6190111,45.5047255],[-122.61864,45.5049686],[-122.6185654,45.5050081],[-122.6185118,45.5050243],[-122.6184256,45.5050411],[-122.6182958,45.5050512],[-122.6179926,45.5050644],[-122.6131677,45.5050851],[-122.6112918,45.5050893],[-122.6112805,45.5050742],[-122.6112896,45.5034585],[-122.6113043,45.5016903],[-122.6113146,45.5016749],[-122.6113238,45.501629],[-122.6113222,45.5015833],[-122.6113098,45.5015378],[-122.6112866,45.5014925],[-122.6112419,45.5014552],[-122.6111975,45.5014255],[-122.6111317,45.5014039],[-122.611077,45.5013897],[-122.6109678,45.5013688],[-122.6108917,45.5013626],[-122.6093196,45.5013688],[-122.6093193,45.5013612],[-122.6093422,45.4976343],[-122.6093491,45.4975199],[-122.6093473,45.4974666],[-122.6093351,45.4974287],[-122.609301,45.4973836],[-122.6092564,45.4973463],[-122.609212,45.4973167],[-122.609157,45.4972948],[-122.6090915,45.4972808],[-122.6090262,45.4972744],[-122.6080179,45.4972777],[-122.6070527,45.4972727],[-122.6060334,45.4972686],[-122.6060225,45.4972688],[-122.6050251,45.497272],[-122.6040488,45.4972595],[-122.6030514,45.4972626],[-122.6028997,45.4972654],[-122.6004056,45.4972579],[-122.5993649,45.4972618],[-122.5983236,45.4972505],[-122.5975539,45.497257],[-122.5965885,45.4972442],[-122.5965777,45.4972444],[-122.5955586,45.4972479],[-122.5955815,45.4957082],[-122.595605,45.4941837],[-122.59734,45.4941899],[-122.5994003,45.4941978],[-122.5994653,45.4941966],[-122.5995298,45.4941802],[-122.5995835,45.4941639],[-122.5996366,45.4941325],[-122.5996789,45.4941012],[-122.5997101,45.4940626],[-122.5997302,45.4940165],[-122.5997286,45.4939708],[-122.5997431,45.4931323],[-122.5997503,45.492713],[-122.599752,45.4924463],[-122.5997517,45.4924386],[-122.59975,45.4920729],[-122.5997776,45.4916152],[-122.5997771,45.4915999],[-122.5997577,45.4910364],[-122.5998087,45.490944],[-122.5998288,45.4908979],[-122.5998272,45.4908522],[-122.5998259,45.4908141],[-122.5998026,45.4907688],[-122.5997797,45.4907312],[-122.599735,45.4906939],[-122.5996909,45.4906718],[-122.5993936,45.4905401],[-122.6013233,45.4905351],[-122.6056706,45.4905312],[-122.6088584,45.4905409],[-122.6089778,45.4905463],[-122.6089886,45.4905461],[-122.6099754,45.4905508],[-122.610149,45.4905552],[-122.6101707,45.4905548],[-122.6109619,45.4905478],[-122.6138891,45.4905469],[-122.6148645,45.4905365],[-122.616816,45.4905384],[-122.6178028,45.490543],[-122.6178675,45.4905341],[-122.6179323,45.4905253],[-122.6179856,45.4905015],[-122.6180388,45.49047],[-122.6180702,45.4904389],[-122.6181014,45.4904002],[-122.6181215,45.4903541],[-122.6181307,45.4903083],[-122.6181159,45.4895693],[-122.6181166,45.4883424],[-122.6203718,45.4883462],[-122.6204365,45.4883374],[-122.6205012,45.4883286],[-122.6205546,45.4883047],[-122.6206077,45.4882733],[-122.6206497,45.4882344],[-122.6206809,45.4881957],[-122.620711,45.4881265],[-122.6207213,45.4881111],[-122.620831,45.4878347],[-122.620841,45.4878117],[-122.6208603,45.4877427],[-122.62086,45.4877351],[-122.6208878,45.4875974],[-122.620887,45.4875746],[-122.6208931,45.4874373],[-122.6209078,45.4869264],[-122.6216451,45.486928],[-122.6226534,45.4869321],[-122.6227182,45.4869232],[-122.6227829,45.4869144],[-122.6228363,45.4868906],[-122.6228894,45.4868591],[-122.6229317,45.4868278],[-122.6229628,45.4867891],[-122.6229829,45.486743],[-122.6229813,45.4866973],[-122.6229817,45.4854628],[-122.6229815,45.4835881],[-122.6229786,45.4835043],[-122.6229838,45.4830317],[-122.6236235,45.483035],[-122.6236885,45.4830338],[-122.623753,45.4830174],[-122.6238066,45.4830012],[-122.6238597,45.4829697],[-122.623902,45.4829384],[-122.6239221,45.4828923],[-122.6239424,45.4828538],[-122.6239517,45.4828079],[-122.6239455,45.4820079],[-122.6239703,45.4799193],[-122.6239701,45.4799117],[-122.6239687,45.4798736],[-122.6239647,45.4794469],[-122.6263823,45.4794552],[-122.6263931,45.479455],[-122.6265664,45.4794518],[-122.6267511,45.4794636],[-122.6269258,45.4794984],[-122.6270568,45.4795265],[-122.6270788,45.4795337],[-122.6272862,45.4795755],[-122.6273406,45.4795821],[-122.6275686,45.4795931],[-122.6276119,45.4795923],[-122.6279258,45.4795788],[-122.6279692,45.479578],[-122.628325,45.4795256],[-122.6283359,45.4795254],[-122.6286268,45.4794743],[-122.6286482,45.4794663],[-122.6287235,45.4794496],[-122.6288096,45.4794328],[-122.6289174,45.4794155],[-122.6289929,45.4794065],[-122.6290363,45.4794057],[-122.6291776,45.4794183],[-122.629221,45.4794175],[-122.6293293,45.4794154],[-122.6294054,45.4794216],[-122.6294926,45.4794353],[-122.6295253,45.4794423],[-122.6296667,45.4794549],[-122.6296884,45.4794545],[-122.6298836,45.4794584],[-122.6299164,45.4794654],[-122.6302844,45.4794509],[-122.6303275,45.4794425],[-122.6307159,45.4793895],[-122.6310181,45.4793534],[-122.6311264,45.4793514],[-122.6313542,45.4793547],[-122.631452,45.4793605],[-122.6316808,45.4793944],[-122.6320848,45.4794783],[-122.63215,45.4794847],[-122.6323347,45.4794964],[-122.6323997,45.4794952],[-122.6325295,45.4794852],[-122.6325728,45.4794844],[-122.632702,45.4794591],[-122.6327342,45.4794509],[-122.6329059,45.4794019],[-122.6329596,45.4793857],[-122.6332589,45.4792658],[-122.6333125,45.4792495],[-122.6336245,45.4791827],[-122.6341199,45.4790896],[-122.6344549,45.4790605],[-122.6345194,45.479044],[-122.634573,45.4790278],[-122.6346261,45.4789963],[-122.6347112,45.478949],[-122.6347426,45.4789179],[-122.6348163,45.4788556],[-122.6348477,45.4788245],[-122.6348992,45.4787473],[-122.6349198,45.4787165],[-122.6349605,45.4786395],[-122.6349808,45.478601],[-122.6349998,45.4785244],[-122.6350096,45.4784938],[-122.6350074,45.4784328],[-122.6350169,45.4783946],[-122.6350048,45.4783567],[-122.6349575,45.4782432],[-122.6349456,45.478213],[-122.6349228,45.4781829],[-122.6348324,45.4780779],[-122.6347989,45.4780481],[-122.6347656,45.4780258],[-122.6346218,45.4779447],[-122.6346107,45.4779373],[-122.6344453,45.4778565],[-122.6344115,45.4778191],[-122.634399,45.4777736],[-122.6343866,45.4777281],[-122.6343972,45.4777203],[-122.6344389,45.4776738],[-122.6345129,45.477619],[-122.6345234,45.4776112],[-122.6346077,45.477541],[-122.6346286,45.4775178],[-122.6349109,45.4772229],[-122.6349421,45.4771842],[-122.6350234,45.4770303],[-122.6350443,45.477007],[-122.6351039,45.4768535],[-122.6351031,45.4768306],[-122.6351414,45.4766851],[-122.6351406,45.4766623],[-122.6351572,45.4765172],[-122.6351567,45.4765019],[-122.6351528,45.4760829],[-122.635152,45.47606],[-122.6351242,45.4758852],[-122.6351121,45.4758474],[-122.6350518,45.4756732],[-122.6350396,45.4756353],[-122.6349135,45.4754396],[-122.6349019,45.4754169],[-122.6347999,45.4752893],[-122.6347761,45.4752287],[-122.6347637,45.4751833],[-122.6347993,45.4749616],[-122.6348624,45.474907],[-122.6350006,45.4748283],[-122.6351609,45.4747643],[-122.6353004,45.4747236],[-122.6355476,45.4746656],[-122.6357415,45.4746315],[-122.6358821,45.4746212],[-122.6360337,45.4746184],[-122.6360446,45.4746182],[-122.6361096,45.4746169],[-122.6365103,45.4746094],[-122.6377135,45.4746097],[-122.6377243,45.4746095],[-122.6384928,45.4745799],[-122.6385037,45.4745797],[-122.639618,45.4745206],[-122.6396288,45.4745204],[-122.640148,45.4744878],[-122.640392,45.475573]]]}},{"type":"Feature","properties":{"boundary_id":"current-middle-8","school_name":"Jackson Middle School","review_status":"unverified","school_candidates":["Jackson Middle School"],"name_status":"pdf-label-match","source_label":"Jackson Middle School Neighborhood"},"geometry":{"type":"Polygon","coordinates":[[[-122.7434527,45.474719],[-122.7434362,45.4751538],[-122.7434487,45.4751993],[-122.7434609,45.4752371],[-122.7434951,45.4752822],[-122.743529,45.4753197],[-122.7435843,45.4753491],[-122.7436393,45.4753708],[-122.7436298,45.4754091],[-122.7436477,45.4755994],[-122.7436416,45.4757291],[-122.7435775,45.4757532],[-122.7435133,45.4757773],[-122.7434714,45.4758163],[-122.7434406,45.4758626],[-122.7434206,45.4759087],[-122.7434114,45.4759546],[-122.7434207,45.476206],[-122.7405905,45.4761778],[-122.7387038,45.4761615],[-122.7360148,45.4761381],[-122.7325992,45.4761059],[-122.7307558,45.4760887],[-122.7283917,45.4760587],[-122.7273508,45.4760485],[-122.7263748,45.4760371],[-122.7244448,45.4760214],[-122.7232414,45.4760144],[-122.7160955,45.4759402],[-122.714989,45.4759159],[-122.7149782,45.4759161],[-122.7143061,45.475914],[-122.7116934,45.4759037],[-122.7110099,45.4758865],[-122.7098826,45.4758855],[-122.7081367,45.4758659],[-122.7081261,45.4752716],[-122.7081091,45.4745021],[-122.7081121,45.4736865],[-122.7081425,45.4733277],[-122.7081422,45.4733201],[-122.7081195,45.4702945],[-122.7081276,45.4702182],[-122.7081367,45.4701722],[-122.7081451,45.4701035],[-122.7081754,45.4700419],[-122.7082054,45.4699727],[-122.7082565,45.4698879],[-122.708319,45.4698181],[-122.7083713,45.4697637],[-122.708466,45.4696857],[-122.7088885,45.4693802],[-122.7091846,45.4691763],[-122.7093434,45.4690741],[-122.7093854,45.4690352],[-122.7094165,45.4689965],[-122.7094365,45.4689504],[-122.7094457,45.4689045],[-122.709444,45.4688588],[-122.7094207,45.4688135],[-122.7093868,45.468776],[-122.709353,45.4687386],[-122.7092977,45.4687092],[-122.7091986,45.4686653],[-122.7091111,45.4686442],[-122.7090236,45.468623],[-122.7089476,45.4686169],[-122.7082319,45.4686079],[-122.7078631,45.4685998],[-122.7078412,45.4685926],[-122.7074486,45.4682267],[-122.7073931,45.4681897],[-122.7072934,45.4681306],[-122.7072384,45.4681088],[-122.7071837,45.4680946],[-122.7070196,45.4680521],[-122.706976,45.4680453],[-122.7069219,45.4680464],[-122.7060549,45.4680479],[-122.7051443,45.4680427],[-122.7051335,45.4680429],[-122.7026522,45.4680604],[-122.7003873,45.4680661],[-122.7003967,45.4674257],[-122.7004034,45.4667091],[-122.7004029,45.4666938],[-122.7003896,45.4666255],[-122.700389,45.4666103],[-122.7003754,45.4665343],[-122.7003749,45.4665191],[-122.7003619,45.4664583],[-122.7003499,45.4664281],[-122.7003266,45.4663828],[-122.7003039,45.4663528],[-122.7002695,45.4663001],[-122.7002692,45.4662925],[-122.7002128,45.4662326],[-122.7001901,45.4662025],[-122.7001451,45.4661577],[-122.7000896,45.4661206],[-122.7000235,45.4660914],[-122.6999902,45.4660692],[-122.6999352,45.4660474],[-122.6999133,45.4660402],[-122.6998364,45.4660112],[-122.6997709,45.4659972],[-122.6996945,45.4659834],[-122.6996512,45.4659843],[-122.6995532,45.4659709],[-122.6995207,45.4659715],[-122.6982849,45.4659649],[-122.698198,45.465959],[-122.6981217,45.4659452],[-122.6980234,45.4659242],[-122.6979465,45.4658952],[-122.6978912,45.4658658],[-122.6978579,45.4658436],[-122.6978349,45.4658059],[-122.6977894,45.4657458],[-122.6977555,45.4657084],[-122.6977111,45.4656787],[-122.6976561,45.4656569],[-122.6976014,45.4656428],[-122.6975359,45.4656288],[-122.6974817,45.4656298],[-122.697417,45.4656387],[-122.6973526,45.4656552],[-122.6972993,45.4656791],[-122.6966082,45.4660506],[-122.6965976,45.4660585],[-122.6954196,45.4667519],[-122.695101,45.4669334],[-122.6950902,45.4669336],[-122.6946871,45.4671776],[-122.6941665,45.4674697],[-122.6929446,45.4681487],[-122.692934,45.4681565],[-122.6919898,45.4687234],[-122.6905664,45.4695283],[-122.6902902,45.469686],[-122.6900247,45.4698359],[-122.6897166,45.4700095],[-122.689706,45.4700174],[-122.689441,45.4701825],[-122.6892918,45.470254],[-122.6891429,45.4703331],[-122.6889185,45.4704212],[-122.6886299,45.4705335],[-122.6883618,45.4706148],[-122.6881466,45.4706571],[-122.6881357,45.4706573],[-122.6878669,45.4707158],[-122.6878455,45.4707238],[-122.6876091,45.4707817],[-122.6871236,45.4708444],[-122.6869942,45.4708621],[-122.686832,45.4708729],[-122.6865721,45.4708778],[-122.686073,45.4708646],[-122.6862654,45.4704874],[-122.6862857,45.4704489],[-122.6862838,45.4703956],[-122.6862825,45.4703575],[-122.6862592,45.4703122],[-122.6862253,45.4702748],[-122.6861806,45.4702375],[-122.6861256,45.4702157],[-122.6860598,45.4701941],[-122.6859946,45.4701877],[-122.6854511,45.4701448],[-122.6851032,45.4701134],[-122.6849507,45.4700934],[-122.6848416,45.4700727],[-122.6848174,45.4696997],[-122.6849742,45.4695366],[-122.6850053,45.4694979],[-122.6850253,45.4694518],[-122.6850348,45.4694135],[-122.6850223,45.469368],[-122.6850099,45.4693225],[-122.684976,45.469285],[-122.6849424,45.4692552],[-122.684898,45.4692256],[-122.6846551,45.4691006],[-122.6845113,45.4690196],[-122.6842898,45.4688866],[-122.6841454,45.4687903],[-122.6840344,45.4687162],[-122.6839342,45.4686419],[-122.683879,45.4686125],[-122.6838132,45.4685909],[-122.6837476,45.4685769],[-122.6836826,45.4685782],[-122.6836071,45.4685872],[-122.6835427,45.4686037],[-122.6835846,45.4685648],[-122.6836047,45.4685187],[-122.683603,45.468473],[-122.6836011,45.4684197],[-122.6835778,45.4683744],[-122.683544,45.4683369],[-122.6833872,45.4681951],[-122.683297,45.4680978],[-122.683196,45.4680006],[-122.6831624,45.4679708],[-122.6831071,45.4679413],[-122.6830522,45.4679195],[-122.6829975,45.4679053],[-122.6829322,45.467899],[-122.6828675,45.4679078],[-122.6828028,45.4679167],[-122.6817304,45.4682345],[-122.681677,45.4682584],[-122.681624,45.4682899],[-122.681582,45.4683288],[-122.6815059,45.4683226],[-122.6814409,45.4683239],[-122.6813765,45.4683403],[-122.6812262,45.4683813],[-122.6811818,45.4683517],[-122.6811192,45.4681166],[-122.681139,45.4680629],[-122.6811482,45.468017],[-122.6811465,45.4679713],[-122.6811233,45.467926],[-122.6811,45.4678807],[-122.6810553,45.4678435],[-122.681,45.467814],[-122.6809451,45.4677922],[-122.6808795,45.4677782],[-122.6806405,45.46776],[-122.6805752,45.4677536],[-122.6804997,45.4677626],[-122.6804352,45.4677791],[-122.6803819,45.467803],[-122.6803399,45.4678419],[-122.680298,45.4678808],[-122.6802779,45.4679269],[-122.6802687,45.4679729],[-122.6802614,45.4680721],[-122.6800773,45.4680756],[-122.6800015,45.4680771],[-122.6799371,45.4680935],[-122.6798732,45.4681252],[-122.6798201,45.4681567],[-122.6789206,45.4681587],[-122.678876,45.4681215],[-122.678821,45.4680996],[-122.6787555,45.4680857],[-122.6786899,45.4680717],[-122.6784622,45.4680684],[-122.6784603,45.4680151],[-122.6784587,45.4679694],[-122.6784354,45.4679241],[-122.6784124,45.4678864],[-122.6783677,45.4678492],[-122.6783233,45.4678195],[-122.6782683,45.4677977],[-122.6782028,45.4677837],[-122.6781378,45.467785],[-122.6753955,45.4677764],[-122.6753414,45.4677775],[-122.6752769,45.4677939],[-122.6752233,45.4678102],[-122.6751703,45.4678417],[-122.675128,45.467873],[-122.6750969,45.4679117],[-122.6750769,45.4679578],[-122.6750785,45.4680035],[-122.6750695,45.468057],[-122.6745822,45.4680663],[-122.6745497,45.468067],[-122.6744739,45.4680684],[-122.6731734,45.4677655],[-122.6731514,45.4677583],[-122.6730534,45.4677449],[-122.6729882,45.4677386],[-122.6729232,45.4677398],[-122.6728588,45.4677563],[-122.6727943,45.4677727],[-122.6727521,45.467804],[-122.6727101,45.4678429],[-122.672679,45.4678816],[-122.6726589,45.4679278],[-122.6725826,45.4682188],[-122.6724949,45.4684949],[-122.6724951,45.4685025],[-122.6724283,45.4687553],[-122.6724285,45.4687629],[-122.6723896,45.4688856],[-122.6723898,45.4688932],[-122.6723341,45.4691534],[-122.6723343,45.469161],[-122.6723165,45.4692681],[-122.6723064,45.4692911],[-122.6722972,45.469337],[-122.6723097,45.4693825],[-122.6723222,45.469428],[-122.672356,45.4694655],[-122.6723899,45.4695029],[-122.6724343,45.4695326],[-122.6725001,45.4695542],[-122.6725548,45.4695684],[-122.6726308,45.4695745],[-122.6726536,45.4696046],[-122.672666,45.4696501],[-122.6727416,45.4699459],[-122.672753,45.4699609],[-122.6727895,45.4700745],[-122.6728126,45.4701122],[-122.6728464,45.4701497],[-122.6729027,45.4702096],[-122.6729141,45.4702246],[-122.672981,45.4702767],[-122.6730362,45.4703061],[-122.6730915,45.4703355],[-122.6731356,45.4703576],[-122.6732011,45.4703716],[-122.6732561,45.4703934],[-122.6737359,45.4704757],[-122.6737795,45.4704825],[-122.6739206,45.4704874],[-122.6739317,45.4704948],[-122.6740292,45.4704929],[-122.674105,45.4704915],[-122.6741272,45.4705063],[-122.6742967,45.4707012],[-122.6743414,45.4707385],[-122.6744527,45.4708202],[-122.6745095,45.4708953],[-122.6745445,45.4709633],[-122.6745496,45.471108],[-122.674561,45.471123],[-122.6745745,45.471199],[-122.6745756,45.4712294],[-122.6745984,45.4712595],[-122.6746328,45.4713122],[-122.6746669,45.4713572],[-122.6747452,45.4714243],[-122.6747674,45.4714392],[-122.6749788,45.4715952],[-122.6749696,45.4716411],[-122.6749507,45.4717177],[-122.6749418,45.4717712],[-122.6749588,45.4719462],[-122.6749594,45.4719614],[-122.6749859,45.4720981],[-122.6749984,45.4721436],[-122.6750572,45.472272],[-122.6750691,45.4723023],[-122.6751376,45.4724],[-122.6751601,45.4724225],[-122.6752394,45.47252],[-122.6752619,45.4725425],[-122.6755636,45.4727959],[-122.6756426,45.4728858],[-122.6756548,45.4729237],[-122.675667,45.4729615],[-122.67567,45.4730453],[-122.6756825,45.4730908],[-122.6757055,45.4731285],[-122.6757393,45.473166],[-122.6757729,45.4731958],[-122.6758282,45.4732252],[-122.6758723,45.4732473],[-122.6759376,45.4732536],[-122.6760028,45.47326],[-122.6767074,45.4732618],[-122.6767018,45.4737116],[-122.6766951,45.4744357],[-122.6767075,45.4744812],[-122.67672,45.4745267],[-122.6767538,45.4745642],[-122.6767985,45.4746014],[-122.6768429,45.4746311],[-122.6768979,45.4746529],[-122.6769635,45.4746669],[-122.6770284,45.4746657],[-122.6790875,45.4746568],[-122.6794191,45.4769598],[-122.6794885,45.4773853],[-122.6798411,45.4796727],[-122.6799525,45.4803641],[-122.6802795,45.4825376],[-122.6803641,45.4830848],[-122.6803915,45.4832443],[-122.6803918,45.4832519],[-122.6804311,45.4834417],[-122.6804313,45.4834493],[-122.6804934,45.4836692],[-122.6804942,45.483692],[-122.6805649,45.4838507],[-122.6805763,45.4838657],[-122.6806462,45.4840016],[-122.68068,45.4840391],[-122.6807139,45.4840765],[-122.6807583,45.4841062],[-122.6808241,45.4841278],[-122.6808789,45.484142],[-122.6809441,45.4841483],[-122.6832657,45.4841954],[-122.6843843,45.4842502],[-122.6843737,45.484258],[-122.6843429,45.4843043],[-122.6843006,45.4843356],[-122.6842901,45.4843435],[-122.6841947,45.4844063],[-122.6838654,45.4845955],[-122.6838232,45.4846268],[-122.6837179,45.4847126],[-122.6836228,45.484783],[-122.6835703,45.4848298],[-122.6835077,45.4848996],[-122.6834138,45.4850005],[-122.6833932,45.4850313],[-122.6833112,45.4851625],[-122.6832909,45.485201],[-122.6832619,45.4853006],[-122.6832522,45.4853313],[-122.6832446,45.4854229],[-122.6832451,45.4854381],[-122.6832376,45.4855297],[-122.6832495,45.48556],[-122.6832636,45.4856512],[-122.6832758,45.485689],[-122.6833232,45.4858025],[-122.6833349,45.4858251],[-122.6833812,45.4859081],[-122.683404,45.4859381],[-122.6834942,45.4860355],[-122.6835169,45.4860655],[-122.6836396,45.4861622],[-122.6836952,45.4861993],[-122.6838829,45.4862948],[-122.6839268,45.4863092],[-122.684981,45.4866853],[-122.685267,45.4868018],[-122.6853337,45.4868463],[-122.6854125,45.4869286],[-122.6854477,45.4870041],[-122.6854724,45.4870875],[-122.6854754,45.4871713],[-122.685457,45.4872631],[-122.6853972,45.487409],[-122.6853977,45.4874243],[-122.6852212,45.4879459],[-122.6852226,45.487984],[-122.6851975,45.4881903],[-122.6851983,45.4882131],[-122.6852168,45.4884262],[-122.685217,45.4884338],[-122.6852325,45.4885631],[-122.685233,45.4885783],[-122.6852594,45.4887074],[-122.6852705,45.4887148],[-122.6853076,45.4888436],[-122.6853081,45.4888589],[-122.6853553,45.4889647],[-122.6853672,45.4889949],[-122.6855984,45.4893945],[-122.685703,45.4895906],[-122.6857737,45.4897493],[-122.6858634,45.4901363],[-122.6858754,45.4901666],[-122.6858868,45.4901816],[-122.6856806,45.4901779],[-122.6856698,45.4901781],[-122.6850409,45.4901749],[-122.6850518,45.4895726],[-122.6850502,45.4895269],[-122.6850269,45.4894816],[-122.6850038,45.4894439],[-122.6849594,45.4894143],[-122.684915,45.4893847],[-122.68486,45.4893629],[-122.6847944,45.4893489],[-122.68474,45.4893423],[-122.6822554,45.4892907],[-122.6821904,45.489292],[-122.6821257,45.4893008],[-122.6820723,45.4893247],[-122.682019,45.4893486],[-122.6819767,45.4893799],[-122.6818302,45.4895275],[-122.6815765,45.4897077],[-122.6814917,45.4897626],[-122.6814281,45.489802],[-122.6813216,45.4898574],[-122.6812363,45.4898971],[-122.6811079,45.4899453],[-122.6808506,45.4900264],[-122.6806895,45.4900676],[-122.6806786,45.4900678],[-122.6802596,45.4901749],[-122.6793236,45.4903757],[-122.6793022,45.4903837],[-122.6789368,45.4904745],[-122.6789154,45.4904826],[-122.678744,45.4905392],[-122.6787226,45.4905472],[-122.6783594,45.4906989],[-122.6783166,45.490715],[-122.6780825,45.4908414],[-122.678072,45.4908492],[-122.6778388,45.4909985],[-122.6778177,45.4910141],[-122.6776064,45.4911706],[-122.6775853,45.4911863],[-122.6774171,45.4913343],[-122.6774063,45.4913345],[-122.6773223,45.4914123],[-122.677312,45.4914277],[-122.6772281,45.4915056],[-122.6772283,45.4915132],[-122.6770821,45.4916684],[-122.6770612,45.4916917],[-122.6769683,45.491823],[-122.6769578,45.4918308],[-122.6768963,45.4919311],[-122.6768857,45.4919389],[-122.6768348,45.4920313],[-122.6768243,45.4920391],[-122.6767636,45.4921622],[-122.6767533,45.4921777],[-122.6766932,45.492316],[-122.6766834,45.4923467],[-122.6766453,45.4924922],[-122.6766347,45.4925],[-122.6765889,45.4927372],[-122.6765895,45.4927524],[-122.6765722,45.4928747],[-122.6765727,45.4928899],[-122.6765768,45.4930042],[-122.676577,45.4930118],[-122.6765814,45.4931337],[-122.6765817,45.4931413],[-122.6765985,45.4933086],[-122.6765996,45.4933391],[-122.6766489,45.4935058],[-122.6767389,45.4939004],[-122.6768668,45.4944467],[-122.676867,45.4944544],[-122.6769296,45.4946894],[-122.6769416,45.4947197],[-122.677047,45.4949387],[-122.6770586,45.4949614],[-122.6772076,45.4951872],[-122.677219,45.4952022],[-122.677617,45.4957205],[-122.6776397,45.4957505],[-122.6777297,45.4958403],[-122.6778313,45.4959527],[-122.6779112,45.4960655],[-122.6780255,45.496231],[-122.6781637,45.496457],[-122.6784661,45.4970304],[-122.6786403,45.4973549],[-122.6786872,45.497453],[-122.6786983,45.4974604],[-122.6790574,45.4981014],[-122.6794405,45.4988106],[-122.6794516,45.498818],[-122.6798781,45.4995263],[-122.680077,45.499934],[-122.6788726,45.4999113],[-122.6788076,45.4999125],[-122.6787428,45.4999214],[-122.6786895,45.4999453],[-122.678645,45.4999156],[-122.6785456,45.4998642],[-122.6785125,45.4998495],[-122.6784026,45.4998059],[-122.6783587,45.4997915],[-122.6782164,45.4997561],[-122.6781726,45.4997417],[-122.678042,45.4997289],[-122.6779659,45.4997228],[-122.6777922,45.4997185],[-122.6777058,45.4997277],[-122.6776091,45.4997524],[-122.6775768,45.4997607],[-122.6774587,45.4997934],[-122.6774051,45.4998097],[-122.677352,45.4998412],[-122.6773097,45.4998725],[-122.6772783,45.4999036],[-122.6772583,45.4999497],[-122.6769787,45.500016],[-122.6768926,45.5000329],[-122.6767411,45.5000434],[-122.6766008,45.5000613],[-122.6762218,45.5000761],[-122.6762113,45.5000839],[-122.6752059,45.5001717],[-122.6742984,45.5002652],[-122.6742117,45.5002668],[-122.6741901,45.5002672],[-122.6714222,45.5004951],[-122.6675293,45.5007977],[-122.6657449,45.5009306],[-122.6657858,45.5002515],[-122.6668715,45.4960163],[-122.6695596,45.4895861],[-122.6695691,45.4895478],[-122.6701032,45.4859708],[-122.6701129,45.4859402],[-122.6699242,45.4827656],[-122.6698865,45.4823167],[-122.6698855,45.4822862],[-122.6694075,45.480428],[-122.6693731,45.4803753],[-122.6682609,45.4786664],[-122.6682381,45.4786364],[-122.6668644,45.4771915],[-122.6663226,45.4756699],[-122.6667252,45.4729643],[-122.6667243,45.4729414],[-122.66688,45.4684723],[-122.6668789,45.4684418],[-122.6663406,45.4654873],[-122.6663289,45.4654647],[-122.6656405,45.4634733],[-122.6656178,45.4634433],[-122.6653179,45.4629307],[-122.6649936,45.4617327],[-122.6667713,45.4617446],[-122.6745741,45.4617558],[-122.6746388,45.461747],[-122.6747036,45.4617381],[-122.6747569,45.4617142],[-122.6747994,45.4616905],[-122.6748416,45.4616592],[-122.6748728,45.4616205],[-122.6748928,45.4615744],[-122.674902,45.4615285],[-122.6750339,45.4588432],[-122.6750336,45.4588356],[-122.675106,45.4572184],[-122.6751055,45.4572032],[-122.6751031,45.4571346],[-122.675189,45.4552886],[-122.6752417,45.45403],[-122.6752825,45.453046],[-122.6753009,45.4529542],[-122.6752993,45.4529085],[-122.6752979,45.4528704],[-122.6752746,45.4528251],[-122.6752408,45.4527877],[-122.6752072,45.4527578],[-122.6748407,45.4525057],[-122.6746736,45.4523793],[-122.673191,45.4512111],[-122.6731016,45.4511366],[-122.6730556,45.4510612],[-122.6730091,45.4509707],[-122.6730088,45.4509631],[-122.6730304,45.4503529],[-122.6731172,45.4485297],[-122.6731737,45.4470729],[-122.673217,45.4467672],[-122.6732167,45.4467596],[-122.6735396,45.4403055],[-122.6739091,45.433035],[-122.6850461,45.4330878],[-122.6862704,45.4330947],[-122.6923811,45.4331369],[-122.6984701,45.4331791],[-122.7011245,45.4331963],[-122.7022297,45.4332053],[-122.7023052,45.4331962],[-122.7023699,45.4331874],[-122.7024337,45.4331556],[-122.7024759,45.4331243],[-122.7025179,45.4330854],[-122.7026623,45.4328844],[-122.7026934,45.4328457],[-122.7027828,45.4326229],[-122.7027825,45.4326153],[-122.702852,45.4324387],[-122.7038644,45.4325791],[-122.7039302,45.4326007],[-122.7039857,45.4326377],[-122.7040303,45.4326749],[-122.7041544,45.4328097],[-122.7041988,45.4328394],[-122.7042878,45.4329062],[-122.7042989,45.4329136],[-122.7043766,45.4329655],[-122.7044207,45.4329875],[-122.704542,45.4330461],[-122.7045639,45.4330533],[-122.7049042,45.4331763],[-122.7051017,45.4332486],[-122.7051128,45.4332561],[-122.7057264,45.4334499],[-122.7057267,45.4334575],[-122.7069422,45.4338226],[-122.7069642,45.4338298],[-122.7071171,45.433865],[-122.7071607,45.4338717],[-122.7073563,45.4338908],[-122.7074215,45.4338972],[-122.7075839,45.433894],[-122.7075947,45.4338938],[-122.7076489,45.4338927],[-122.7076919,45.4338843],[-122.7077996,45.4338669],[-122.707832,45.4338663],[-122.7080361,45.4338166],[-122.7080683,45.4338084],[-122.7081968,45.4337677],[-122.7082395,45.4337517],[-122.7083458,45.4336962],[-122.7083883,45.4336726],[-122.7084733,45.4336252],[-122.7084841,45.433625],[-122.7085174,45.4336472],[-122.7087602,45.433772],[-122.7087713,45.4337794],[-122.7088926,45.433838],[-122.7089145,45.4338452],[-122.7091781,45.4339468],[-122.7092112,45.4339614],[-122.7094737,45.4340325],[-122.7095175,45.4340469],[-122.7101936,45.434171],[-122.710248,45.4341775],[-122.7105952,45.4341936],[-122.7106385,45.4341928],[-122.7109741,45.4341862],[-122.7110066,45.4341856],[-122.7115572,45.4341368],[-122.7116325,45.4341201],[-122.7119761,45.4340371],[-122.7120188,45.4340211],[-122.7121901,45.4339644],[-122.7124149,45.4338914],[-122.7126622,45.4338408],[-122.7128682,45.4338444],[-122.7130638,45.4338635],[-122.7132711,45.4339052],[-122.7134135,45.4339481],[-122.7135792,45.4340364],[-122.7136347,45.4340734],[-122.7138903,45.4342514],[-122.7139014,45.4342588],[-122.7139902,45.434318],[-122.7140013,45.4343254],[-122.714145,45.4344065],[-122.714167,45.4344136],[-122.7142991,45.434472],[-122.7143105,45.4344871],[-122.7145411,45.434574],[-122.7145522,45.4345814],[-122.7147825,45.4346608],[-122.7147936,45.4346682],[-122.714969,45.4347258],[-122.7151006,45.4347689],[-122.7152224,45.4348428],[-122.7154442,45.4349833],[-122.7154994,45.4350127],[-122.7155543,45.4350345],[-122.7156196,45.4350408],[-122.7156848,45.4350472],[-122.7157495,45.4350383],[-122.7158139,45.4350218],[-122.7158669,45.4349903],[-122.7159199,45.4349587],[-122.7165084,45.4344594],[-122.7165189,45.4344516],[-122.7166866,45.4342959],[-122.7167071,45.434265],[-122.7167899,45.4341566],[-122.7168001,45.4341412],[-122.716882,45.43401],[-122.7169023,45.4339715],[-122.7169412,45.4338488],[-122.7169506,45.4338105],[-122.7169492,45.4337724],[-122.7169368,45.4337269],[-122.7169246,45.4336891],[-122.7169123,45.4336512],[-122.7168777,45.4335909],[-122.7167192,45.4334034],[-122.7166507,45.4333057],[-122.7194897,45.433334],[-122.7195546,45.4333328],[-122.7196082,45.4333165],[-122.7196618,45.4333002],[-122.7197148,45.4332686],[-122.719757,45.4332373],[-122.7197881,45.4331986],[-122.7198083,45.4331601],[-122.7199161,45.4328455],[-122.7199158,45.4328379],[-122.7200227,45.4325004],[-122.7200213,45.4324623],[-122.7200274,45.4323326],[-122.7200269,45.4323174],[-122.720023,45.4322107],[-122.7200224,45.4321955],[-122.7200088,45.4321195],[-122.7199963,45.432074],[-122.7199497,45.4319835],[-122.719902,45.4318625],[-122.7198679,45.4318174],[-122.719743,45.4316598],[-122.7197205,45.4316373],[-122.7195754,45.4315182],[-122.7195529,45.4314958],[-122.7188971,45.431036],[-122.7189732,45.4310422],[-122.7191042,45.4310701],[-122.719291,45.4311427],[-122.7195435,45.4312368],[-122.7196429,45.4312882],[-122.719654,45.4312956],[-122.7199298,45.4314351],[-122.7201632,45.4315982],[-122.7203422,45.4317548],[-122.7206802,45.432114],[-122.7215527,45.4331717],[-122.7219265,45.4336217],[-122.7219712,45.433659],[-122.7221605,45.4338001],[-122.7221938,45.4338223],[-122.7223597,45.4339181],[-122.7223928,45.4339327],[-122.7225579,45.4340057],[-122.7226126,45.4340199],[-122.7228424,45.434084],[-122.7228532,45.4340838],[-122.7229845,45.4341193],[-122.7230389,45.4341259],[-122.7243217,45.4342532],[-122.7244963,45.4342879],[-122.7246059,45.4343239],[-122.7246609,45.4343456],[-122.7248038,45.4344038],[-122.7252776,45.4346232],[-122.7253434,45.4346448],[-122.7255729,45.4347013],[-122.7256168,45.4347156],[-122.7257908,45.4347351],[-122.7258235,45.4347421],[-122.7259321,45.4347476],[-122.7259645,45.4347469],[-122.7261055,45.4347518],[-122.7261164,45.4347516],[-122.7262893,45.4347406],[-122.7263326,45.4347397],[-122.7265049,45.4347135],[-122.7265371,45.4347052],[-122.7267092,45.4346714],[-122.7267522,45.4346629],[-122.72809,45.4342174],[-122.7301777,45.4335437],[-122.7305746,45.4334368],[-122.733639,45.4334071],[-122.7347445,45.4334234],[-122.7353517,45.4334419],[-122.7353625,45.4334417],[-122.7383315,45.4334671],[-122.7436404,45.4334994],[-122.7435546,45.447687],[-122.7435142,45.4504243],[-122.7434926,45.4548535],[-122.7435046,45.4581311],[-122.7435027,45.4601435],[-122.7434941,45.4631546],[-122.7434847,45.4655559],[-122.7434511,45.4696576],[-122.7434527,45.474719]]]}},{"type":"Feature","properties":{"boundary_id":"current-middle-9","school_name":"Kellogg Middle School","review_status":"unverified","school_candidates":["Kellogg Middle School"],"name_status":"pdf-label-match","source_label":"Kellogg Middle School Spanish Immersion"},"geometry":{"type":"Polygon","coordinates":[[[-122.5732233,45.4899365],[-122.5714214,45.4898701],[-122.5714106,45.4898703],[-122.5704667,45.4898494],[-122.5685899,45.4898148],[-122.5685791,45.489815],[-122.5666054,45.4897974],[-122.5660843,45.4897764],[-122.5660732,45.489769],[-122.5657479,45.4897673],[-122.5651509,45.4897476],[-122.5651401,45.4897478],[-122.5634367,45.48971],[-122.5583264,45.4895889],[-122.5583156,45.4895891],[-122.5570905,45.4895884],[-122.5560496,45.4895843],[-122.5560437,45.4890891],[-122.5560316,45.4890512],[-122.5560192,45.4890057],[-122.5559854,45.4889682],[-122.5559516,45.4889307],[-122.5558967,45.4889089],[-122.5558418,45.488887],[-122.5557871,45.4888728],[-122.5557218,45.4888663],[-122.5554073,45.4888644],[-122.5553844,45.4888267],[-122.5553612,45.4887814],[-122.5553168,45.4887517],[-122.5552616,45.4887222],[-122.5552069,45.4887079],[-122.5551522,45.4886937],[-122.555087,45.4886872],[-122.55448,45.4886906],[-122.5534809,45.48864],[-122.5534804,45.4883047],[-122.5535986,45.4882721],[-122.5539345,45.4882661],[-122.554672,45.4882756],[-122.5547584,45.4882665],[-122.5548876,45.4882413],[-122.5557332,45.4882413],[-122.5577928,45.4882346],[-122.558302,45.4882254],[-122.558367,45.4882243],[-122.5584315,45.4882079],[-122.5584849,45.488184],[-122.5585383,45.4881602],[-122.5585696,45.4881216],[-122.5586008,45.4880829],[-122.5586212,45.4880444],[-122.5586305,45.4879985],[-122.5585935,45.483694],[-122.5585919,45.4836484],[-122.5585687,45.4836031],[-122.558535,45.4835656],[-122.5585012,45.4835281],[-122.558446,45.4834986],[-122.5583913,45.4834843],[-122.5583258,45.4834703],[-122.5582605,45.4834638],[-122.5561381,45.4835326],[-122.5544705,45.4835855],[-122.554438,45.4835861],[-122.5543625,45.4835951],[-122.5534741,45.4836111],[-122.5534802,45.4828262],[-122.5534786,45.4827805],[-122.5534554,45.4827352],[-122.5534325,45.4826975],[-122.5533879,45.4826602],[-122.5533327,45.4826307],[-122.5531346,45.4825428],[-122.5531556,45.4818795],[-122.5531866,45.4818333],[-122.5532175,45.481787],[-122.553216,45.4817413],[-122.5532506,45.4785861],[-122.5583021,45.4785941],[-122.5583562,45.4785931],[-122.558421,45.4785843],[-122.5584743,45.4785605],[-122.5585275,45.478529],[-122.5585698,45.4784978],[-122.558601,45.4784591],[-122.5586211,45.478413],[-122.5586196,45.4783673],[-122.5586282,45.4776586],[-122.5601881,45.4776304],[-122.5608027,45.4778555],[-122.5608137,45.4778629],[-122.56179,45.4782034],[-122.5618008,45.4782032],[-122.56202,45.4782754],[-122.5620203,45.478283],[-122.5622501,45.4783474],[-122.5622503,45.478355],[-122.5624363,45.478405],[-122.5624474,45.4784124],[-122.5633442,45.4786477],[-122.5646462,45.4790051],[-122.5658494,45.4793262],[-122.5667251,45.479577],[-122.5668127,45.4796059],[-122.5668347,45.4796131],[-122.5669221,45.4796344],[-122.5673596,45.4797484],[-122.5684865,45.4800556],[-122.5696802,45.4804149],[-122.5710279,45.48084],[-122.571039,45.4808474],[-122.5712469,45.4809046],[-122.571893,45.4810986],[-122.5719039,45.4810984],[-122.5721886,45.4811847],[-122.5731523,45.481472],[-122.5731742,45.4814792],[-122.574223,45.4817192],[-122.5747366,45.4818394],[-122.5774046,45.4825147],[-122.5788205,45.4830299],[-122.578886,45.483044],[-122.5789515,45.483058],[-122.5790165,45.4830568],[-122.579081,45.4830404],[-122.5791347,45.4830242],[-122.5791878,45.4829928],[-122.5792301,45.4829615],[-122.579261,45.4829152],[-122.5792814,45.4828767],[-122.5792907,45.4828309],[-122.5793372,45.4797439],[-122.580901,45.4798296],[-122.5814767,45.4798648],[-122.58152,45.4798641],[-122.5817042,45.4798607],[-122.5841537,45.479854],[-122.5867338,45.4798602],[-122.5880126,45.479852],[-122.5880451,45.4798514],[-122.5893105,45.4797673],[-122.5893974,45.4797733],[-122.589419,45.4797729],[-122.5914897,45.4797806],[-122.5915439,45.4797796],[-122.5916086,45.4797708],[-122.5916511,45.4797472],[-122.5917045,45.4797234],[-122.5920975,45.4794875],[-122.5923105,45.4793769],[-122.5967334,45.4793871],[-122.5967139,45.4800809],[-122.5967263,45.4801264],[-122.5967387,45.4801719],[-122.5967725,45.4802094],[-122.5968063,45.4802469],[-122.5968613,45.4802687],[-122.5969162,45.4802906],[-122.5969817,45.4803046],[-122.5970362,45.4803112],[-122.599291,45.4803155],[-122.5992676,45.48184],[-122.5992556,45.4830671],[-122.5992572,45.4831128],[-122.5992804,45.4831581],[-122.5993142,45.4831955],[-122.5993481,45.483233],[-122.5994033,45.4832625],[-122.599458,45.4832767],[-122.5995127,45.483291],[-122.5995779,45.4832974],[-122.601822,45.4833018],[-122.6018172,45.4834771],[-122.6017893,45.4851846],[-122.6013446,45.4851776],[-122.6012796,45.4851788],[-122.6012152,45.4851952],[-122.6011615,45.4852114],[-122.6011084,45.4852429],[-122.6010661,45.4852741],[-122.6010352,45.4853204],[-122.6010148,45.4853589],[-122.6010056,45.4854048],[-122.6010039,45.4900761],[-122.5985323,45.4900835],[-122.5984673,45.4900847],[-122.5984028,45.4901011],[-122.5982741,45.4901416],[-122.5982096,45.490158],[-122.5981673,45.4901893],[-122.5981253,45.4902282],[-122.5980941,45.4902668],[-122.5980737,45.4903053],[-122.5980753,45.490351],[-122.5980769,45.4903967],[-122.5981001,45.490442],[-122.5981339,45.4904795],[-122.5981675,45.4905093],[-122.5982227,45.4905388],[-122.5991153,45.4909568],[-122.599106,45.4910026],[-122.5991267,45.4916043],[-122.5990991,45.492062],[-122.5990994,45.4920696],[-122.5991014,45.492443],[-122.5990997,45.4927097],[-122.5991,45.4927173],[-122.5990925,45.493129],[-122.5990809,45.4937388],[-122.5952857,45.4937247],[-122.5952207,45.4937259],[-122.5951562,45.4937423],[-122.5951028,45.4937662],[-122.5950494,45.49379],[-122.5950074,45.4938289],[-122.5949762,45.4938676],[-122.5949558,45.493906],[-122.5949574,45.4939517],[-122.5949309,45.4957049],[-122.5949079,45.4972446],[-122.5946476,45.4972418],[-122.5945826,45.497243],[-122.5945289,45.4972592],[-122.5944644,45.4972756],[-122.5944221,45.4973069],[-122.5943798,45.4973381],[-122.5943486,45.4973768],[-122.5943285,45.4974229],[-122.5943192,45.4974688],[-122.5942777,45.5006777],[-122.594264,45.5012266],[-122.5897975,45.501255],[-122.5884519,45.5012263],[-122.5884411,45.5012265],[-122.5789644,45.5012393],[-122.5789619,45.5005306],[-122.5789786,45.5000655],[-122.5789783,45.5000579],[-122.5789973,45.4974363],[-122.5790117,45.4969026],[-122.5790496,45.4948369],[-122.5790759,45.4921084],[-122.5790855,45.4914377],[-122.579084,45.491392],[-122.579061,45.4913543],[-122.5790378,45.491309],[-122.5789934,45.4912793],[-122.578949,45.4912497],[-122.578894,45.4912278],[-122.5788285,45.4912137],[-122.5787741,45.4912071],[-122.5787091,45.4912083],[-122.5786446,45.4912247],[-122.5785909,45.4912409],[-122.5785378,45.4912724],[-122.5784847,45.4913038],[-122.5771078,45.491306],[-122.5771122,45.4911155],[-122.5771112,45.491085],[-122.5770856,45.4909712],[-122.577094,45.4902623],[-122.5770924,45.4902166],[-122.5770694,45.490179],[-122.5770354,45.4901339],[-122.5770018,45.490104],[-122.5769466,45.4900745],[-122.5768917,45.4900527],[-122.576837,45.4900384],[-122.5767717,45.490032],[-122.5757744,45.4900349],[-122.5749507,45.4900422],[-122.5740697,45.4899592],[-122.5740589,45.4899594],[-122.5739284,45.4899465],[-122.5739067,45.4899469],[-122.5732233,45.4899365]]]}},{"type":"Feature","properties":{"boundary_id":"current-middle-10","school_name":"Mt Tabor Middle School","review_status":"unverified","school_candidates":["Mt Tabor Middle School"],"name_status":"pdf-label-match","source_label":"Mt Tabor Middle School Japanese Immersion"},"geometry":{"type":"Polygon","coordinates":[[[-122.5915197,45.5217447],[-122.5912892,45.5216651],[-122.5909704,45.5215414],[-122.5899783,45.5210794],[-122.5890302,45.5206319],[-122.5886662,45.5204557],[-122.5887299,45.5204164],[-122.588772,45.5203775],[-122.5888241,45.5203156],[-122.5888556,45.5202846],[-122.5888651,45.5202463],[-122.5888746,45.520208],[-122.5888834,45.5201469],[-122.5888821,45.5201088],[-122.5888699,45.5200709],[-122.5888353,45.5200106],[-122.5888348,45.5199954],[-122.5888007,45.5199503],[-122.5887888,45.51992],[-122.5887886,45.5199124],[-122.5887946,45.5194551],[-122.5892829,45.5194614],[-122.5892938,45.5194612],[-122.5895864,45.5194559],[-122.5901615,45.5194606],[-122.5901723,45.5194604],[-122.592125,45.5194705],[-122.5921901,45.5194693],[-122.5922546,45.5194529],[-122.5923083,45.5194367],[-122.5923614,45.5194052],[-122.5924035,45.5193663],[-122.5924347,45.5193277],[-122.592455,45.5192892],[-122.5924535,45.5192435],[-122.5924527,45.5157458],[-122.5924733,45.515715],[-122.5924937,45.5156765],[-122.5925138,45.5156304],[-122.5925122,45.5155847],[-122.5924998,45.5155392],[-122.592466,45.5155017],[-122.5923527,45.515359],[-122.5923299,45.515329],[-122.5922964,45.5152991],[-122.59203,45.5151211],[-122.5917844,45.5149198],[-122.5916034,45.5147021],[-122.5915355,45.5146196],[-122.591387,45.5144013],[-122.5911631,45.5138796],[-122.5910897,45.5136371],[-122.5910274,45.513402],[-122.5909984,45.5131892],[-122.5910111,45.5126098],[-122.5910105,45.5125946],[-122.5909929,45.5123968],[-122.59098,45.512336],[-122.5909092,45.5121697],[-122.5907888,45.5118214],[-122.5907366,45.5115632],[-122.5907716,45.5113187],[-122.5908171,45.5110664],[-122.5908741,45.5108292],[-122.5909593,45.5104695],[-122.5910712,45.5102541],[-122.5914841,45.5096445],[-122.5919163,45.508966],[-122.5920821,45.508742],[-122.5921977,45.5086332],[-122.5923244,45.5085318],[-122.5923561,45.5085084],[-122.5926808,45.5081748],[-122.5927012,45.5081363],[-122.5927216,45.5080978],[-122.5927308,45.5080519],[-122.592753,45.5074343],[-122.5955073,45.5074296],[-122.5973611,45.5074108],[-122.5973881,45.5081952],[-122.5973883,45.5082028],[-122.5973775,45.508203],[-122.5973566,45.5082263],[-122.5972725,45.508304],[-122.5972728,45.5083116],[-122.5971575,45.5084281],[-122.597116,45.5084822],[-122.5970652,45.5085822],[-122.5970562,45.5086357],[-122.5970382,45.5087427],[-122.5970395,45.5087807],[-122.5970517,45.5088186],[-122.5970878,45.5089246],[-122.5971,45.5089625],[-122.5971689,45.5090756],[-122.5971914,45.509098],[-122.5972366,45.5091505],[-122.5972281,45.5092193],[-122.5972299,45.5092726],[-122.5972424,45.5093181],[-122.5973005,45.5094313],[-122.5973126,45.5094692],[-122.5973142,45.5095149],[-122.5973052,45.5095684],[-122.597297,45.5096447],[-122.5972972,45.5096524],[-122.5972888,45.5097211],[-122.5972787,45.5097441],[-122.5972813,45.5098203],[-122.5972937,45.5098658],[-122.597317,45.5099111],[-122.5973516,45.5099714],[-122.5973857,45.5100165],[-122.5974301,45.5100462],[-122.5974853,45.5100756],[-122.5975511,45.5100973],[-122.5976164,45.5101037],[-122.5979101,45.5101288],[-122.5979426,45.5101282],[-122.6014349,45.5101327],[-122.6014751,45.5119304],[-122.6014767,45.5119761],[-122.6015,45.5120214],[-122.6015338,45.5120588],[-122.6015785,45.5120961],[-122.6016226,45.5121182],[-122.6016884,45.5121398],[-122.601754,45.5121539],[-122.601819,45.5121527],[-122.6046891,45.5120389],[-122.6046999,45.5120387],[-122.6055662,45.5119999],[-122.6063894,45.5119695],[-122.6063913,45.5120228],[-122.6063928,45.5120685],[-122.6064053,45.512114],[-122.6064391,45.5121515],[-122.6064838,45.5121888],[-122.6065282,45.5122185],[-122.6065831,45.5122403],[-122.6066487,45.5122543],[-122.606714,45.5122608],[-122.6082866,45.5122623],[-122.6082975,45.5122621],[-122.6091215,45.5122545],[-122.6102605,45.512264],[-122.6102714,45.5122638],[-122.6113232,45.5122596],[-122.6114205,45.5122502],[-122.6115067,45.5122334],[-122.6115709,45.5122093],[-122.6116349,45.5121776],[-122.6116883,45.5121538],[-122.611752,45.5121145],[-122.6117943,45.5120833],[-122.6118255,45.5120446],[-122.6118565,45.5119983],[-122.6118657,45.5119524],[-122.6118533,45.5119069],[-122.6118409,45.5118614],[-122.6118292,45.5118388],[-122.6117902,45.5113365],[-122.6117899,45.5113289],[-122.611614,45.5087564],[-122.6115562,45.5080259],[-122.6115343,45.5073938],[-122.6114921,45.5055504],[-122.6119801,45.505549],[-122.6131727,45.5055422],[-122.6179977,45.5055215],[-122.6180194,45.5055211],[-122.6183442,45.5055075],[-122.6183767,45.5055069],[-122.6185388,45.5054886],[-122.6185818,45.5054802],[-122.6187005,45.5054628],[-122.6187436,45.5054544],[-122.6188401,45.5054221],[-122.6189043,45.505398],[-122.6190322,45.5053347],[-122.619064,45.5053113],[-122.6194353,45.5050758],[-122.6194673,45.5050599],[-122.6195104,45.5050515],[-122.6195643,45.5050429],[-122.6198133,45.5050306],[-122.6203337,45.5050286],[-122.6222643,45.5050385],[-122.6222697,45.5055033],[-122.6222699,45.5055109],[-122.6223177,45.5068817],[-122.6223487,45.5080852],[-122.6223874,45.5095096],[-122.6224238,45.5108654],[-122.6224358,45.511833],[-122.6211561,45.5118339],[-122.6201365,45.5118299],[-122.6200609,45.5118389],[-122.6199961,45.5118477],[-122.6199427,45.5118716],[-122.6198898,45.5119107],[-122.6198478,45.5119496],[-122.6198274,45.511988],[-122.6198074,45.5120341],[-122.6198,45.5121333],[-122.6197899,45.5121564],[-122.6197734,45.5148011],[-122.6193613,45.5148011],[-122.6192962,45.5148023],[-122.6192317,45.5148187],[-122.6191781,45.5148349],[-122.6191249,45.5148664],[-122.6190826,45.5148977],[-122.6190514,45.5149364],[-122.6190422,45.5149823],[-122.6190329,45.5150281],[-122.6190193,45.5165068],[-122.6190314,45.5165447],[-122.6190438,45.5165902],[-122.6190901,45.5166731],[-122.619124,45.5167106],[-122.6191686,45.5167479],[-122.6192131,45.5167776],[-122.619268,45.5167994],[-122.6193336,45.5168134],[-122.6193878,45.5168124],[-122.6216659,45.5168236],[-122.6216767,45.5168234],[-122.6225875,45.5168141],[-122.622614,45.5178881],[-122.622642,45.5193127],[-122.6226354,45.5197472],[-122.6226439,45.5203033],[-122.6226247,45.5209972],[-122.6226249,45.5210048],[-122.6226189,45.5211421],[-122.6226078,45.5211346],[-122.6198309,45.5211327],[-122.6197984,45.5211333],[-122.6196683,45.5211357],[-122.6196469,45.5211438],[-122.6194954,45.5211542],[-122.619474,45.5211622],[-122.6193552,45.5211796],[-122.6193336,45.52118],[-122.6192691,45.5211965],[-122.6192474,45.5211969],[-122.6190967,45.5212301],[-122.6190753,45.5212382],[-122.6189248,45.5212791],[-122.618914,45.5212793],[-122.6188175,45.5213115],[-122.6186776,45.5213446],[-122.6185483,45.5213698],[-122.618473,45.5213865],[-122.6183323,45.5213967],[-122.6182676,45.5214055],[-122.6181266,45.5214081],[-122.6173456,45.5214073],[-122.6172808,45.5214161],[-122.6172161,45.521425],[-122.6171627,45.5214488],[-122.6171093,45.5214727],[-122.6170672,45.5215115],[-122.617036,45.5215502],[-122.6170265,45.5215885],[-122.6170172,45.5216344],[-122.6170109,45.5217641],[-122.6160559,45.5217512],[-122.6159911,45.52176],[-122.6159264,45.5217689],[-122.615873,45.5217927],[-122.6158198,45.5218242],[-122.6157775,45.5218554],[-122.6157463,45.5218941],[-122.6157371,45.52194],[-122.6157278,45.5219859],[-122.6157489,45.5229076],[-122.6155319,45.522904],[-122.6154116,45.5228757],[-122.6153132,45.5228547],[-122.6153021,45.5228473],[-122.6151816,45.5228114],[-122.6151707,45.5228116],[-122.6150068,45.5227765],[-122.6149304,45.5227627],[-122.6148653,45.5227639],[-122.6148006,45.5227727],[-122.6147363,45.5227968],[-122.6146829,45.5228206],[-122.6146409,45.5228595],[-122.6145988,45.5228984],[-122.6145787,45.5229445],[-122.6145695,45.5229904],[-122.6145742,45.5237523],[-122.6145763,45.5238132],[-122.6145769,45.5238285],[-122.6145779,45.5241714],[-122.6133521,45.5241711],[-122.6132873,45.52418],[-122.6132334,45.5241886],[-122.6131692,45.5242126],[-122.6131266,45.5242363],[-122.6130845,45.5242751],[-122.6130533,45.5243138],[-122.6130332,45.5243599],[-122.6130237,45.5243982],[-122.6130258,45.5244591],[-122.6127762,45.5244561],[-122.6127654,45.5244563],[-122.6126136,45.5244591],[-122.6125489,45.5244679],[-122.6124949,45.5244765],[-122.6124307,45.5245006],[-122.6123884,45.5245318],[-122.612346,45.5245631],[-122.6123148,45.5246018],[-122.6123053,45.5246401],[-122.6122961,45.5246859],[-122.6122916,45.5248689],[-122.612259,45.5248695],[-122.6122527,45.5243743],[-122.6122511,45.5243286],[-122.6122281,45.5242909],[-122.6122049,45.5242456],[-122.6121605,45.524216],[-122.612116,45.5241863],[-122.612061,45.5241645],[-122.6119955,45.5241504],[-122.6119304,45.5241516],[-122.6101407,45.5241541],[-122.6076347,45.5241469],[-122.6075244,45.5240956],[-122.6074694,45.5240738],[-122.6074041,45.5240673],[-122.6073388,45.5240609],[-122.605332,45.5240597],[-122.605267,45.5240609],[-122.6052024,45.5240773],[-122.605149,45.5241012],[-122.6051065,45.5241248],[-122.6050644,45.5241637],[-122.6050332,45.5242024],[-122.6050128,45.5242409],[-122.6050036,45.5242867],[-122.6050056,45.5249725],[-122.6049855,45.526276],[-122.6046928,45.5262814],[-122.6046278,45.5262826],[-122.6045741,45.5262988],[-122.6045096,45.5263152],[-122.6044672,45.5263465],[-122.6044249,45.5263777],[-122.6043937,45.5264164],[-122.6043736,45.5264625],[-122.6043644,45.5265084],[-122.6043568,45.5272325],[-122.6043571,45.5272401],[-122.6043708,45.5276361],[-122.6040701,45.5277254],[-122.6040487,45.5277335],[-122.603556,45.5279178],[-122.6035238,45.527926],[-122.602883,45.5282197],[-122.6028616,45.5282277],[-122.6024676,45.5284407],[-122.6025362,45.5228842],[-122.6025346,45.5228385],[-122.6025114,45.5227932],[-122.6024884,45.5227555],[-122.6024437,45.5227182],[-122.6023993,45.5226886],[-122.6023443,45.5226667],[-122.6022787,45.5226527],[-122.6022137,45.5226539],[-122.5984278,45.5226471],[-122.5983413,45.5226563],[-122.5968971,45.5229266],[-122.5924719,45.522939],[-122.5921567,45.5229219],[-122.5921745,45.5221747],[-122.5921623,45.5221369],[-122.5921502,45.522099],[-122.5921272,45.5220613],[-122.5920934,45.5220238],[-122.592049,45.5219942],[-122.5917394,45.5218245],[-122.5916622,45.5217879],[-122.5915197,45.5217447]]]}},{"type":"Feature","properties":{"boundary_id":"current-middle-11","school_name":"Ockley Green Middle School","review_status":"unverified","school_candidates":["Ockley Green Middle School"],"name_status":"pdf-label-match","source_label":"Ockley Green Middle School Spanish Immersion"},"geometry":{"type":"Polygon","coordinates":[[[-122.7127297,45.5750844],[-122.7123058,45.5750696],[-122.7122949,45.5750698],[-122.7120017,45.5750678],[-122.7098481,45.5749568],[-122.7088795,45.5748915],[-122.7086071,45.5748662],[-122.7083888,45.5748323],[-122.708105,45.574792],[-122.707843,45.5747513],[-122.7077776,45.5747449],[-122.7077125,45.5747462],[-122.7076477,45.5747551],[-122.7075835,45.5747791],[-122.7075409,45.5748028],[-122.7074989,45.5748417],[-122.7074677,45.5748805],[-122.7074477,45.5749266],[-122.7074385,45.5749725],[-122.7074411,45.5771446],[-122.7074419,45.5783641],[-122.7074225,45.5808263],[-122.7074004,45.5838145],[-122.7051741,45.5838038],[-122.7041753,45.5838076],[-122.7024812,45.5838019],[-122.7022314,45.583799],[-122.7021663,45.5838003],[-122.7021017,45.5838168],[-122.702048,45.583833],[-122.7019949,45.5838645],[-122.7019526,45.5838958],[-122.7019214,45.5839345],[-122.7019013,45.5839806],[-122.7018921,45.5840266],[-122.7018598,45.5870377],[-122.7018601,45.5870454],[-122.7018667,45.5872282],[-122.7018416,45.5901401],[-122.7018106,45.5916879],[-122.7018034,45.5929914],[-122.7018037,45.592999],[-122.7017932,45.594211],[-122.701552,45.594147],[-122.7015411,45.5941473],[-122.7000938,45.5937633],[-122.6984239,45.5932311],[-122.6964023,45.5925837],[-122.6944104,45.5918518],[-122.6922432,45.5910775],[-122.6922323,45.5910777],[-122.6908355,45.5905859],[-122.6898438,45.5901856],[-122.6897998,45.5901712],[-122.6882747,45.5897352],[-122.688231,45.5897284],[-122.6866683,45.5894532],[-122.6854648,45.5892016],[-122.6844614,45.5887786],[-122.6844503,45.5887712],[-122.6833933,45.5883644],[-122.6833382,45.5883426],[-122.6824627,45.5881533],[-122.6823865,45.5881472],[-122.6814077,45.5881047],[-122.6806353,45.588066],[-122.6793497,45.5879455],[-122.6781676,45.5876858],[-122.6773434,45.5874118],[-122.6765255,45.587008],[-122.6759036,45.5866234],[-122.6758486,45.5866016],[-122.6753746,45.5864048],[-122.6753195,45.586383],[-122.6752542,45.5863766],[-122.6747745,45.5863246],[-122.6746766,45.5863189],[-122.6742439,45.5863651],[-122.6741899,45.5863738],[-122.6741471,45.5863898],[-122.6737716,45.5865188],[-122.6733419,45.5866489],[-122.6729006,45.5867563],[-122.6725555,45.5868238],[-122.6722951,45.5868287],[-122.6718569,45.5867226],[-122.6714831,45.5865924],[-122.6706085,45.5861212],[-122.6688026,45.585111],[-122.6687256,45.585082],[-122.6679684,45.58486],[-122.6678702,45.5848466],[-122.6669341,45.5847803],[-122.6668581,45.5847818],[-122.6667824,45.5847908],[-122.6660511,45.5849875],[-122.6659653,45.5850196],[-122.6653156,45.5853747],[-122.6652521,45.5854216],[-122.6648525,45.5857873],[-122.6645785,45.5860211],[-122.6644079,45.5861081],[-122.6640519,45.5861758],[-122.6636304,45.5862294],[-122.6632815,45.5861902],[-122.6628624,45.5860076],[-122.6624303,45.5857642],[-122.6623638,45.5857273],[-122.6619352,45.5855829],[-122.6612096,45.5853298],[-122.6611873,45.585315],[-122.660146,45.5850373],[-122.658029,45.5844367],[-122.6570045,45.5840215],[-122.6569717,45.5840145],[-122.6533153,45.5828635],[-122.6532714,45.5828491],[-122.6519802,45.5825683],[-122.6519148,45.5825619],[-122.6507284,45.5824774],[-122.6506521,45.5824712],[-122.649592,45.5825824],[-122.649538,45.582591],[-122.6491826,45.5826739],[-122.648233,45.5825315],[-122.6482314,45.5824858],[-122.6482311,45.5824782],[-122.6482095,45.5821738],[-122.6482079,45.5821281],[-122.6481849,45.5820904],[-122.648151,45.582053],[-122.6481173,45.5820231],[-122.648062,45.5819936],[-122.6480178,45.5819716],[-122.6479522,45.5819576],[-122.6478979,45.5819586],[-122.646681,45.5819355],[-122.6467062,45.5807996],[-122.6467128,45.5797554],[-122.6467125,45.5797478],[-122.6467088,45.5796411],[-122.6466963,45.5795956],[-122.6466841,45.5795578],[-122.6466499,45.5795127],[-122.6466055,45.579483],[-122.646561,45.5794534],[-122.6465059,45.5794315],[-122.6464403,45.5794175],[-122.6463861,45.5794185],[-122.6440189,45.5794092],[-122.644083,45.5766036],[-122.644071,45.5765733],[-122.6440559,45.5764517],[-122.644056,45.5755295],[-122.6440547,45.5754915],[-122.6439523,45.5750513],[-122.6439557,45.5748379],[-122.643963,45.5741214],[-122.6439506,45.5740759],[-122.6439384,45.574038],[-122.6439042,45.5739929],[-122.6438706,45.5739631],[-122.6438153,45.5739336],[-122.6437602,45.5739118],[-122.6437055,45.5738976],[-122.6436401,45.5738912],[-122.6435967,45.573892],[-122.6436075,45.5732745],[-122.6436073,45.5732669],[-122.6436126,45.5728019],[-122.6464349,45.5727951],[-122.6465,45.5727938],[-122.6465537,45.5727776],[-122.6466183,45.5727612],[-122.6466606,45.5727299],[-122.6467027,45.572691],[-122.6467339,45.5726523],[-122.6467542,45.5726138],[-122.6467635,45.5725679],[-122.6467621,45.5691385],[-122.6467676,45.5686812],[-122.6478096,45.568677],[-122.6481462,45.5686783],[-122.6498396,45.5686772],[-122.6499047,45.568676],[-122.6499695,45.5686671],[-122.6500229,45.5686433],[-122.6500655,45.5686196],[-122.6501078,45.5685884],[-122.650139,45.5685497],[-122.6501594,45.5685112],[-122.6501686,45.5684653],[-122.650167,45.5684196],[-122.6501277,45.5682298],[-122.6501437,45.56653],[-122.6508494,45.5665321],[-122.6509584,45.5665453],[-122.6509909,45.5665447],[-122.6518921,45.5665507],[-122.6529015,45.5665471],[-122.6549099,45.5665552],[-122.6559199,45.5665668],[-122.6571687,45.5665815],[-122.6571796,45.5665813],[-122.6576897,45.5665793],[-122.6581892,45.5665852],[-122.6594484,45.5665844],[-122.6609793,45.5665938],[-122.6610674,45.5666302],[-122.6611439,45.5666441],[-122.6612203,45.5666579],[-122.6618718,45.5666609],[-122.6645642,45.5666712],[-122.6646293,45.56667],[-122.664683,45.5666537],[-122.6647366,45.5666375],[-122.6647898,45.566606],[-122.6648321,45.5665747],[-122.6648633,45.566536],[-122.6648834,45.5664899],[-122.6648926,45.566444],[-122.6649107,45.5638982],[-122.6649322,45.5629756],[-122.6662236,45.5629666],[-122.6668638,45.5629621],[-122.6672871,45.5629618],[-122.667298,45.5629616],[-122.6675041,45.5629577],[-122.6685785,45.5629527],[-122.6694902,45.5629507],[-122.669501,45.5629505],[-122.6702389,45.5629442],[-122.6727785,45.5629344],[-122.6728433,45.5629256],[-122.6728972,45.5629169],[-122.6729615,45.5628928],[-122.6730041,45.5628692],[-122.6730461,45.5628303],[-122.6730773,45.5627916],[-122.6730976,45.5627531],[-122.6731069,45.5627072],[-122.6731147,45.5614038],[-122.6748293,45.5613942],[-122.6748835,45.5613932],[-122.674948,45.5613768],[-122.6750017,45.5613605],[-122.6750549,45.561329],[-122.6750972,45.5612977],[-122.6751284,45.561259],[-122.6751484,45.5612129],[-122.6751468,45.5611672],[-122.6751783,45.5584001],[-122.6751769,45.558362],[-122.6751647,45.5583241],[-122.6751061,45.5582033],[-122.6751247,45.5568997],[-122.6751245,45.556892],[-122.6751133,45.5559701],[-122.6754413,45.5557352],[-122.6764397,45.5557316],[-122.6765048,45.5557303],[-122.6765585,45.5557141],[-122.6766119,45.5556902],[-122.6766653,45.5556663],[-122.6767073,45.5556274],[-122.6767385,45.5555887],[-122.6767588,45.5555502],[-122.6767572,45.5555045],[-122.6767672,45.5548718],[-122.6785906,45.5548753],[-122.6786557,45.5548741],[-122.6787205,45.5548652],[-122.6787739,45.5548414],[-122.6788164,45.5548177],[-122.6788585,45.5547788],[-122.6788896,45.5547401],[-122.67891,45.5547016],[-122.6789192,45.5546557],[-122.6789749,45.5534809],[-122.6789746,45.5534733],[-122.6789598,45.5527572],[-122.6789723,45.5509812],[-122.6790174,45.5495094],[-122.6790171,45.5495017],[-122.6790099,45.5480843],[-122.6797891,45.546812],[-122.6812396,45.5454964],[-122.6868869,45.5413876],[-122.6906917,45.5443027],[-122.6947233,45.5480823],[-122.6947344,45.5480897],[-122.6975884,45.550497],[-122.6976551,45.5505414],[-122.6999534,45.5516788],[-122.7000085,45.5517006],[-122.7025225,45.5524985],[-122.7087272,45.5548108],[-122.7087383,45.5548182],[-122.7111786,45.5556706],[-122.7181312,45.5585321],[-122.7223182,45.5605474],[-122.7297508,45.5652284],[-122.7308381,45.5661677],[-122.7236493,45.5705599],[-122.7236073,45.5705989],[-122.7213724,45.5727228],[-122.721023,45.5729659],[-122.7209913,45.5729893],[-122.7208233,45.573145],[-122.7207924,45.5731913],[-122.7207724,45.5732375],[-122.7207635,45.573291],[-122.7207762,45.5733441],[-122.7206274,45.5734308],[-122.7206168,45.5734386],[-122.720532,45.5734936],[-122.7204786,45.5735175],[-122.7200944,45.5737002],[-122.7198593,45.5738039],[-122.7187658,45.5741832],[-122.7185193,45.5742718],[-122.7182614,45.5743453],[-122.7178628,45.5744292],[-122.7156081,45.5748232],[-122.7140436,45.5750896],[-122.7127297,45.5750844]]]}},{"type":"Feature","properties":{"boundary_id":"current-middle-12","school_name":"Roseway Heights Middle School","review_status":"unverified","school_candidates":["Roseway Heights Middle School"],"name_status":"pdf-label-match","source_label":"Roseway Heights Middle School Spanish Immersion, Vietnamese Immersion"},"geometry":{"type":"Polygon","coordinates":[[[-122.6047133,45.5284452],[-122.6047064,45.5301294],[-122.6046989,45.5302286],[-122.60466,45.5303589],[-122.6046616,45.5304046],[-122.6046375,45.5319062],[-122.6045703,45.5321589],[-122.6045608,45.5321972],[-122.6045378,45.5337293],[-122.6045394,45.533775],[-122.6045518,45.5338205],[-122.6045856,45.533858],[-122.6046303,45.5338953],[-122.6046747,45.5339249],[-122.6047297,45.5339468],[-122.6047953,45.5339608],[-122.6048604,45.5339596],[-122.6091245,45.5339727],[-122.6100903,45.5339778],[-122.6108061,45.5339723],[-122.6109585,45.5339847],[-122.6109801,45.5339843],[-122.6115553,45.533989],[-122.6145501,45.5340024],[-122.6145292,45.5365251],[-122.6145297,45.5377901],[-122.614517,45.5383619],[-122.6145193,45.5390553],[-122.6145132,45.5413797],[-122.6139054,45.5413756],[-122.6138509,45.541369],[-122.6137967,45.54137],[-122.6137428,45.5413786],[-122.6134838,45.5414215],[-122.613441,45.5414375],[-122.6133656,45.5414542],[-122.6133016,45.5414858],[-122.6132376,45.5415175],[-122.6131292,45.5415195],[-122.6129448,45.5415229],[-122.6128033,45.5415102],[-122.6126177,45.5414756],[-122.6125524,45.5414691],[-122.6124545,45.5414633],[-122.6123455,45.5414501],[-122.6120718,45.5413789],[-122.6120279,45.5413645],[-122.6119078,45.5413438],[-122.6118317,45.5413376],[-122.611528,45.5413432],[-122.6114416,45.5413524],[-122.6112802,45.5413935],[-122.6112263,45.5414021],[-122.6110763,45.5414582],[-122.6110443,45.541474],[-122.6110218,45.5414516],[-122.6109983,45.5413987],[-122.6109647,45.5413688],[-122.6108864,45.5413017],[-122.6108528,45.5412718],[-122.6108195,45.5412496],[-122.6106979,45.5411832],[-122.6106212,45.5411618],[-122.6105006,45.5411259],[-122.610435,45.5411118],[-122.610326,45.5410986],[-122.6102826,45.5410994],[-122.6078407,45.5410833],[-122.6078392,45.5410376],[-122.6078376,45.5409919],[-122.6078146,45.5409542],[-122.6077913,45.5409089],[-122.6077577,45.5408791],[-122.6077133,45.5408494],[-122.6076583,45.5408276],[-122.6075927,45.5408135],[-122.6075382,45.5408069],[-122.6074732,45.5408081],[-122.6074084,45.5408169],[-122.6073547,45.5408331],[-122.6052781,45.5416561],[-122.6042612,45.5420558],[-122.6042077,45.5420797],[-122.6041548,45.5421187],[-122.6041236,45.5421574],[-122.6041035,45.5422035],[-122.6040942,45.5422494],[-122.6040958,45.5422951],[-122.6041333,45.5424392],[-122.6040709,45.5481708],[-122.6040626,45.5482472],[-122.6040642,45.5482929],[-122.6040766,45.5483383],[-122.6041105,45.5483758],[-122.6041443,45.5484133],[-122.6041996,45.5484428],[-122.6042549,45.5484722],[-122.6043205,45.5484863],[-122.6043856,45.5484851],[-122.609107,45.5485128],[-122.6089382,45.5486531],[-122.6086949,45.5488328],[-122.6086843,45.5488406],[-122.6084734,45.5490198],[-122.608378,45.5490825],[-122.6083147,45.549137],[-122.608242,45.5492298],[-122.6082108,45.5492684],[-122.6081496,45.5493839],[-122.6081396,45.5494069],[-122.6081004,45.5495295],[-122.6080187,45.5496758],[-122.6080097,45.5497293],[-122.6080112,45.549775],[-122.6080237,45.5498205],[-122.6081062,45.5500095],[-122.6081181,45.5500398],[-122.6081244,45.5502226],[-122.6081257,45.5502606],[-122.6081379,45.5502985],[-122.6081609,45.5503362],[-122.6081945,45.5503661],[-122.6084624,45.5505821],[-122.6084957,45.5506044],[-122.6087068,45.5507453],[-122.6087507,45.5507597],[-122.6089382,45.5508477],[-122.6089824,45.5508698],[-122.6091578,45.5509199],[-122.6091574,45.5515372],[-122.6091582,45.55156],[-122.6091886,45.5518109],[-122.6092011,45.5518564],[-122.6092352,45.5519015],[-122.609269,45.551939],[-122.6093243,45.5519685],[-122.6093796,45.5519979],[-122.6094452,45.552012],[-122.6095105,45.5520184],[-122.6118333,45.5520291],[-122.6118886,45.5520585],[-122.6119439,45.552088],[-122.6120095,45.552102],[-122.6120856,45.5521082],[-122.6131167,45.5521122],[-122.6144629,45.5521255],[-122.6144618,45.5524075],[-122.6144444,45.5528422],[-122.6144202,45.5546486],[-122.6144043,45.5554415],[-122.614366,45.555587],[-122.6143673,45.555625],[-122.6143498,45.5566846],[-122.6143498,45.5573095],[-122.6143244,45.558453],[-122.614314,45.5590933],[-122.6143267,45.5591464],[-122.6143511,45.5592222],[-122.6143754,45.5592979],[-122.6143635,45.560205],[-122.6140595,45.560203],[-122.6139944,45.5602042],[-122.6139299,45.5602206],[-122.6138762,45.5602368],[-122.613823,45.5602683],[-122.6137807,45.5602995],[-122.6137494,45.5603382],[-122.6137293,45.5603843],[-122.6137201,45.5604302],[-122.6136716,45.5627858],[-122.613684,45.5628313],[-122.6136964,45.5628768],[-122.6137303,45.5629143],[-122.6137641,45.5629518],[-122.6138194,45.5629812],[-122.6138745,45.5630031],[-122.613929,45.5630097],[-122.6139943,45.5630161],[-122.6187169,45.5630435],[-122.6202257,45.5630462],[-122.6202366,45.563046],[-122.6254451,45.5630032],[-122.6257383,45.5630055],[-122.6257491,45.5630053],[-122.6264216,45.5629928],[-122.6271053,45.5629878],[-122.6270967,45.5636738],[-122.6253492,45.5636756],[-122.6253383,45.5636758],[-122.6242748,45.5636802],[-122.6242099,45.5636891],[-122.624156,45.5636977],[-122.6241025,45.5637215],[-122.6240491,45.5637454],[-122.624007,45.5637842],[-122.6239758,45.5638229],[-122.6239557,45.563869],[-122.623957,45.5639071],[-122.623956,45.5645015],[-122.6239574,45.5645396],[-122.6239693,45.5645699],[-122.6240391,45.5647057],[-122.6240209,45.5651176],[-122.6240225,45.5651633],[-122.6240456,45.565201],[-122.6240689,45.5652463],[-122.6241136,45.5652835],[-122.6241358,45.5652984],[-122.6241346,45.5661976],[-122.62407,45.566214],[-122.6240163,45.5662303],[-122.6239631,45.5662617],[-122.6239317,45.5662928],[-122.6239005,45.5663315],[-122.6238803,45.5663776],[-122.6238711,45.5664235],[-122.6238676,45.5681915],[-122.6238692,45.5682372],[-122.6238925,45.5682825],[-122.6239264,45.56832],[-122.6239602,45.5683575],[-122.6239933,45.5683721],[-122.6239975,45.5700485],[-122.6240099,45.570094],[-122.6240221,45.5701319],[-122.624056,45.5701694],[-122.6240899,45.5702069],[-122.6241452,45.5702363],[-122.6242002,45.5702582],[-122.624255,45.5702724],[-122.624257,45.571263],[-122.6239178,45.5714979],[-122.6238754,45.5715292],[-122.6238334,45.5715681],[-122.6238241,45.5716139],[-122.6238149,45.5716598],[-122.6238224,45.572498],[-122.6238232,45.5725208],[-122.6238391,45.5726653],[-122.6238507,45.5748674],[-122.6231831,45.5750245],[-122.6219746,45.5752373],[-122.6219206,45.5752459],[-122.6218672,45.5752698],[-122.621814,45.5753012],[-122.6217825,45.5753323],[-122.6217513,45.575371],[-122.6217309,45.5754095],[-122.6217325,45.5754551],[-122.621707,45.5775284],[-122.6210891,45.5778675],[-122.6210785,45.5778753],[-122.6200031,45.5784818],[-122.619961,45.5785207],[-122.6199192,45.5785672],[-122.6198991,45.5786133],[-122.6198899,45.5786592],[-122.6198897,45.5845803],[-122.6197709,45.5889642],[-122.6195528,45.5889378],[-122.619048,45.5884746],[-122.6190144,45.5884447],[-122.6189702,45.5884227],[-122.6184625,45.5881881],[-122.6184075,45.5881663],[-122.6183418,45.5881522],[-122.6174255,45.5880319],[-122.6173493,45.5880257],[-122.616601,45.5880547],[-122.6165468,45.5880557],[-122.6165036,45.5880641],[-122.6153735,45.5883515],[-122.6153932,45.5798544],[-122.6153916,45.5798087],[-122.6153686,45.579771],[-122.6153344,45.5797259],[-122.6153008,45.5796961],[-122.6152455,45.5796666],[-122.6151904,45.5796448],[-122.6151357,45.5796305],[-122.6150703,45.5796241],[-122.6139956,45.5796286],[-122.6139305,45.5796298],[-122.6138659,45.5796462],[-122.6138122,45.5796624],[-122.6137699,45.5796937],[-122.6127203,45.5804216],[-122.6116853,45.5796938],[-122.6116408,45.5796641],[-122.6115858,45.5796423],[-122.6115204,45.5796358],[-122.6114551,45.5796294],[-122.6048647,45.579628],[-122.6024858,45.5786504],[-122.6024417,45.5786283],[-122.5995375,45.577843],[-122.5994827,45.5778288],[-122.5994174,45.5778224],[-122.5980394,45.5778475],[-122.5979743,45.5778486],[-122.5979097,45.5778651],[-122.5964501,45.5783565],[-122.5960367,45.5770686],[-122.5960137,45.5770309],[-122.5959795,45.5769858],[-122.5959459,45.5769559],[-122.5958906,45.5769264],[-122.5958356,45.5769046],[-122.5957811,45.5768979],[-122.5957157,45.5768915],[-122.5884324,45.5769323],[-122.5777385,45.5769275],[-122.5754145,45.5769085],[-122.5754258,45.5734184],[-122.5754242,45.5733727],[-122.575401,45.5733274],[-122.575378,45.5732897],[-122.5753333,45.5732524],[-122.5752889,45.5732227],[-122.5752338,45.5732009],[-122.5751682,45.5731868],[-122.5751031,45.573188],[-122.5736811,45.5731907],[-122.5657087,45.5730673],[-122.565734,45.5699733],[-122.5667222,45.569986],[-122.5667873,45.5699848],[-122.5668519,45.5699684],[-122.5669056,45.5699522],[-122.5669588,45.5699208],[-122.5670009,45.569882],[-122.5670322,45.5698433],[-122.5670417,45.569805],[-122.5673635,45.5687325],[-122.5678419,45.5687544],[-122.567907,45.5687532],[-122.5679718,45.5687444],[-122.5680253,45.5687206],[-122.5680788,45.5686968],[-122.5681209,45.5686579],[-122.5681521,45.5686193],[-122.5681725,45.5685808],[-122.5681818,45.5685349],[-122.5682491,45.5670021],[-122.56826,45.5670019],[-122.5683006,45.5630847],[-122.5683003,45.5630771],[-122.5682962,45.5629552],[-122.5710422,45.5629515],[-122.5731148,45.5629371],[-122.5767182,45.562933],[-122.5767291,45.5629328],[-122.5774884,45.5629191],[-122.5782805,45.5629124],[-122.5783456,45.5629113],[-122.5784102,45.5628949],[-122.5784639,45.5628786],[-122.5785171,45.5628472],[-122.5785486,45.5628162],[-122.5785798,45.5627775],[-122.5786,45.5627314],[-122.5786092,45.5626855],[-122.5786337,45.5611763],[-122.5786446,45.5602237],[-122.5786662,45.5599032],[-122.578666,45.5598956],[-122.5788131,45.5527607],[-122.5788007,45.5527152],[-122.5787883,45.5526697],[-122.5787545,45.5526322],[-122.5787098,45.552595],[-122.5786545,45.5525655],[-122.5785995,45.5525436],[-122.5785342,45.5525372],[-122.5784688,45.5525307],[-122.5761381,45.5526033],[-122.5761709,45.5513379],[-122.5783849,45.5513435],[-122.5785151,45.5513412],[-122.5785801,45.55134],[-122.5786447,45.5513236],[-122.5786984,45.5513074],[-122.5787407,45.5512761],[-122.5787831,45.5512449],[-122.5788143,45.5512062],[-122.5788344,45.5511602],[-122.5788331,45.5511221],[-122.5788595,45.5499862],[-122.5788582,45.5499482],[-122.5788349,45.5499029],[-122.5788117,45.5498576],[-122.5787673,45.5498279],[-122.5787228,45.5497982],[-122.578657,45.5497765],[-122.5786023,45.5497623],[-122.5785369,45.5497558],[-122.5699199,45.5497362],[-122.5694097,45.5497301],[-122.5693449,45.5497389],[-122.5692801,45.5497477],[-122.5692266,45.5497715],[-122.5691732,45.5497954],[-122.5691311,45.5498342],[-122.5691107,45.5498727],[-122.5690903,45.5499111],[-122.569081,45.549957],[-122.5690499,45.5525559],[-122.5683943,45.552423],[-122.5683948,45.5521182],[-122.5683932,45.5520725],[-122.5683811,45.5520346],[-122.5683472,45.5519971],[-122.5683134,45.5519596],[-122.568269,45.5519299],[-122.568214,45.5519081],[-122.5679614,45.5518212],[-122.5659356,45.5509661],[-122.5655377,45.5507523],[-122.5653257,45.5505808],[-122.5638089,45.5493737],[-122.5637978,45.5493663],[-122.5632866,45.5490097],[-122.5632192,45.5489424],[-122.5631843,45.5488744],[-122.563159,45.5487682],[-122.5631681,45.5487147],[-122.5631978,45.5486303],[-122.5632393,45.5485763],[-122.5633127,45.5484987],[-122.5633873,45.5484593],[-122.5634839,45.5484271],[-122.5635698,45.5484027],[-122.5636238,45.5483941],[-122.5637106,45.5483925],[-122.5637759,45.548399],[-122.5640486,45.5484398],[-122.5640811,45.5484392],[-122.5641684,45.5484529],[-122.5642009,45.5484523],[-122.5643205,45.5484578],[-122.5643853,45.548449],[-122.5645906,45.5484224],[-122.5646551,45.548406],[-122.5647519,45.5483814],[-122.5647842,45.5483732],[-122.5648162,45.5483574],[-122.5672473,45.548367],[-122.5673121,45.5483582],[-122.5673769,45.5483495],[-122.5674304,45.5483256],[-122.5674836,45.5482942],[-122.5675257,45.5482553],[-122.56763,45.5481316],[-122.56764,45.5481085],[-122.5677436,45.5479619],[-122.5677536,45.5479388],[-122.5678241,45.5477775],[-122.5678342,45.5477545],[-122.5678729,45.5476167],[-122.5678832,45.5476012],[-122.5679387,45.5473183],[-122.568001,45.5472334],[-122.5684451,45.5465701],[-122.5684652,45.546524],[-122.5685047,45.546409],[-122.5685364,45.5463855],[-122.5685785,45.5463467],[-122.5686098,45.546308],[-122.5686408,45.5462617],[-122.5686611,45.5462233],[-122.5686921,45.546177],[-122.5687009,45.5461159],[-122.5687086,45.5460243],[-122.5686962,45.5459788],[-122.5686095,45.5456603],[-122.5685831,45.5455237],[-122.5685795,45.5454171],[-122.5686306,45.5450047],[-122.5686303,45.544997],[-122.5686278,45.5449209],[-122.568627,45.5448981],[-122.5686247,45.5448295],[-122.5686239,45.5448067],[-122.5685991,45.5447157],[-122.5685872,45.5446854],[-122.5685518,45.5446022],[-122.5685405,45.5445872],[-122.568448,45.5444212],[-122.5684142,45.5443837],[-122.5683698,45.5443541],[-122.5683254,45.5443244],[-122.5682704,45.5443025],[-122.5682048,45.5442885],[-122.5681503,45.5442818],[-122.5632779,45.5442704],[-122.5633195,45.5426162],[-122.5646649,45.5426149],[-122.56473,45.5426137],[-122.5647946,45.5425973],[-122.5648483,45.5425811],[-122.5649014,45.5425497],[-122.5649438,45.5425184],[-122.564975,45.5424798],[-122.5649843,45.5424339],[-122.5649936,45.542388],[-122.5650292,45.5408786],[-122.5650169,45.5408331],[-122.5650047,45.5407953],[-122.5649706,45.5407502],[-122.5649371,45.5407203],[-122.5648818,45.5406908],[-122.5648268,45.5406689],[-122.5647721,45.5406547],[-122.5647068,45.5406482],[-122.5630033,45.5406484],[-122.5629382,45.5406496],[-122.5628737,45.540666],[-122.56282,45.5406822],[-122.5627668,45.5407136],[-122.5627245,45.5407448],[-122.5627041,45.5407833],[-122.5626839,45.5408294],[-122.5626746,45.5408753],[-122.5626746,45.5421554],[-122.5598854,45.5421369],[-122.5598947,45.542091],[-122.559905,45.5420756],[-122.5599784,45.541358],[-122.5600469,45.5404958],[-122.5601394,45.5393816],[-122.5602704,45.538122],[-122.5603732,45.5376325],[-122.5605002,45.5372188],[-122.5606608,45.5368349],[-122.560824,45.5365272],[-122.5610504,45.536165],[-122.5613825,45.5357171],[-122.5618113,45.5352446],[-122.5621578,45.5349031],[-122.5625695,45.534568],[-122.5639089,45.5337515],[-122.5680083,45.5337081],[-122.5684097,45.5337085],[-122.5684745,45.5336997],[-122.5685393,45.5336909],[-122.5685928,45.5336671],[-122.5686462,45.5336433],[-122.5686883,45.5336044],[-122.5687195,45.5335657],[-122.5687396,45.5335197],[-122.5687381,45.533474],[-122.5687401,45.5332149],[-122.5687674,45.5317818],[-122.5703062,45.5317312],[-122.5709355,45.5317351],[-122.5715649,45.5317389],[-122.5720543,45.5317758],[-122.572599,45.5318422],[-122.5734176,45.5319874],[-122.5737019,45.5320508],[-122.5740085,45.5321367],[-122.574601,45.5323317],[-122.5787379,45.5337046],[-122.5799897,45.5341467],[-122.5807911,45.5344217],[-122.5815163,45.5346905],[-122.5816927,45.5347711],[-122.5821117,45.5349693],[-122.5821448,45.5349839],[-122.583375,45.5354264],[-122.583397,45.5354336],[-122.5837698,45.5355488],[-122.5840984,45.5356419],[-122.5841204,45.5356491],[-122.5848854,45.5358104],[-122.5849182,45.5358175],[-122.585267,45.5358645],[-122.5852778,45.5358643],[-122.5856916,45.5359101],[-122.5857133,45.5359097],[-122.5860069,45.5359272],[-122.5860177,45.535927],[-122.5864088,45.5359428],[-122.5864197,45.5359426],[-122.5870488,45.5359387],[-122.5870813,45.5359381],[-122.5875254,45.5359148],[-122.5875468,45.5359068],[-122.5880117,45.5358602],[-122.5880223,45.5358524],[-122.5884973,45.5357828],[-122.5885298,45.5357822],[-122.5889712,45.5356828],[-122.5889926,45.5356747],[-122.5894547,45.5355444],[-122.5894764,45.535544],[-122.5899913,45.5353746],[-122.5900019,45.5353668],[-122.5902807,45.5352703],[-122.5903127,45.5352544],[-122.5905907,45.5351351],[-122.5906013,45.5351273],[-122.5919568,45.5344777],[-122.5919674,45.5344699],[-122.5931719,45.5338459],[-122.5951009,45.5328353],[-122.5970834,45.5318084],[-122.599397,45.5306307],[-122.6006651,45.5299673],[-122.6023056,45.5290914],[-122.6032433,45.5286017],[-122.6038735,45.5283158],[-122.6043447,45.5281395],[-122.6045164,45.528083],[-122.6047133,45.5284452]]]}},{"type":"Feature","properties":{"boundary_id":"current-middle-13","school_name":"Sellwood Middle School","review_status":"unverified","school_candidates":["Sellwood Middle School"],"name_status":"pdf-label-match","source_label":"Sellwood Middle School Neighborhood"},"geometry":{"type":"Polygon","coordinates":[[[-122.6272475,45.4790885],[-122.6271273,45.4790603],[-122.6271056,45.4790607],[-122.6268982,45.4790188],[-122.6268546,45.479012],[-122.6266155,45.4789936],[-122.6265722,45.4789944],[-122.626388,45.4789978],[-122.6226912,45.4789829],[-122.611417,45.4789561],[-122.6090756,45.4789537],[-122.6090696,45.4759589],[-122.6102847,45.4725453],[-122.6102948,45.4725222],[-122.6104008,45.4718268],[-122.6104,45.4718039],[-122.6104318,45.4617594],[-122.6108978,45.4617583],[-122.6109086,45.4617581],[-122.6152204,45.4617238],[-122.6194888,45.4616901],[-122.6220462,45.4616881],[-122.6225341,45.4616943],[-122.6233143,45.461695],[-122.6367309,45.4617182],[-122.6405675,45.4617299],[-122.6405784,45.4617297],[-122.6415097,45.4617122],[-122.6415744,45.4617033],[-122.6416391,45.4616945],[-122.6416925,45.4616706],[-122.6417347,45.4616393],[-122.641777,45.4616081],[-122.6418081,45.4615694],[-122.6418282,45.4615233],[-122.6418266,45.4614776],[-122.6418125,45.4601518],[-122.6418123,45.4601441],[-122.641694,45.4589346],[-122.6424304,45.4589208],[-122.6432425,45.4589055],[-122.6435893,45.4589065],[-122.6450751,45.4589395],[-122.6450859,45.4589393],[-122.6469929,45.4589338],[-122.6470576,45.458925],[-122.6471223,45.4589161],[-122.6471756,45.4588923],[-122.6472287,45.4588608],[-122.6472707,45.4588219],[-122.6472907,45.4587758],[-122.6473108,45.4587297],[-122.6473092,45.458684],[-122.6469742,45.455939],[-122.6523696,45.4556084],[-122.6526761,45.4581557],[-122.6527045,45.4583457],[-122.6527169,45.4583912],[-122.6527399,45.4584289],[-122.6527738,45.4584664],[-122.6528182,45.458496],[-122.6528734,45.4585254],[-122.6529281,45.4585397],[-122.6529933,45.458546],[-122.6530585,45.4585524],[-122.6584974,45.4582207],[-122.6585296,45.4582125],[-122.6608912,45.4578857],[-122.6621566,45.4593478],[-122.6636451,45.4615983],[-122.6636787,45.4616281],[-122.6637125,45.4616656],[-122.6637566,45.4616876],[-122.6638116,45.4617095],[-122.6638771,45.4617235],[-122.6639315,45.46173],[-122.6643325,45.46173],[-122.6646821,45.4630343],[-122.6647057,45.4630872],[-122.6650167,45.4636071],[-122.6656929,45.4655606],[-122.6662299,45.468477],[-122.6660734,45.4729233],[-122.6656613,45.4756672],[-122.6656627,45.4757053],[-122.6656749,45.4757432],[-122.6662518,45.4773404],[-122.666264,45.4773782],[-122.6662979,45.4774157],[-122.667683,45.4788756],[-122.6687719,45.4805392],[-122.6692374,45.4823519],[-122.6692745,45.4827856],[-122.6694112,45.4851075],[-122.6520539,45.4884543],[-122.6514812,45.4878935],[-122.6514698,45.4878785],[-122.6509672,45.4874611],[-122.6509561,45.4874537],[-122.6505881,45.4871634],[-122.650544,45.4871414],[-122.6501679,45.4869275],[-122.6501568,45.4869201],[-122.649649,45.4866629],[-122.6496379,45.4866555],[-122.6487012,45.4862235],[-122.6486904,45.4862237],[-122.6485363,45.486158],[-122.6475652,45.4856733],[-122.646595,45.4852114],[-122.6457236,45.4847858],[-122.6452814,45.4845426],[-122.6449933,45.4843651],[-122.6447271,45.4841948],[-122.6445715,45.4840834],[-122.6444596,45.4839865],[-122.644337,45.4838897],[-122.6441009,45.4836503],[-122.6439547,45.4835006],[-122.6438305,45.4833581],[-122.6436946,45.483193],[-122.6435917,45.4830425],[-122.6435227,45.4829295],[-122.6435119,45.4829297],[-122.6430989,45.4822821],[-122.6428337,45.4818298],[-122.6427284,45.4816108],[-122.6427282,45.4816031],[-122.6426124,45.4813919],[-122.6424825,45.4810895],[-122.6423759,45.4808324],[-122.6422561,45.480507],[-122.6420743,45.4799617],[-122.6418197,45.4788842],[-122.6415259,45.477617],[-122.6413613,45.4769419],[-122.6410395,45.4754923],[-122.6407341,45.4742024],[-122.6407216,45.474157],[-122.6406875,45.4741119],[-122.6406429,45.4740746],[-122.6405877,45.4740452],[-122.6405219,45.4740235],[-122.6404563,45.4740095],[-122.6403914,45.4740107],[-122.6393314,45.4740764],[-122.6384551,45.4741233],[-122.6377083,45.4741526],[-122.636516,45.4741521],[-122.6365052,45.4741523],[-122.6360936,45.47416],[-122.6360719,45.4741604],[-122.6360069,45.4741616],[-122.6358444,45.4741647],[-122.6358119,45.4741653],[-122.63565,45.4741835],[-122.6356175,45.4741841],[-122.6353911,45.4742189],[-122.6353589,45.4742271],[-122.6350794,45.4742933],[-122.635058,45.4743013],[-122.6348754,45.4743505],[-122.634854,45.4743585],[-122.6346509,45.4744385],[-122.6345978,45.47447],[-122.6344171,45.4745724],[-122.6343963,45.4745957],[-122.6342484,45.4747052],[-122.6342064,45.4747441],[-122.6341755,45.4747904],[-122.6341662,45.4748363],[-122.634113,45.4751726],[-122.6341151,45.4752335],[-122.6341402,45.4753321],[-122.6341521,45.4753624],[-122.6341986,45.4754529],[-122.6342216,45.4754906],[-122.6343239,45.4756259],[-122.6344275,45.4757992],[-122.6344762,45.4759507],[-122.6345029,45.476095],[-122.6345062,45.4764989],[-122.6344891,45.4766288],[-122.6344717,45.476751],[-122.6344218,45.4768739],[-122.6343499,45.4769895],[-122.634099,45.4772534],[-122.6340359,45.4773079],[-122.6339408,45.4773783],[-122.6338988,45.4774171],[-122.6338256,45.4774947],[-122.633805,45.4775256],[-122.6337644,45.4776026],[-122.633744,45.4776411],[-122.6337345,45.4776793],[-122.6337359,45.4777174],[-122.633751,45.4778391],[-122.6337634,45.4778846],[-122.6338102,45.4779828],[-122.6338446,45.4780355],[-122.6339238,45.478133],[-122.6339685,45.4781703],[-122.6340129,45.4782],[-122.6342224,45.4783027],[-122.634311,45.4783544],[-122.6343448,45.4783919],[-122.6343572,45.4784374],[-122.6343575,45.478445],[-122.6343485,45.4784985],[-122.6343176,45.4785448],[-122.6342867,45.4785911],[-122.634255,45.4786146],[-122.6340067,45.4786421],[-122.6339745,45.4786503],[-122.6334574,45.4787438],[-122.6334466,45.478744],[-122.6331129,45.4788112],[-122.6330698,45.4788197],[-122.6329734,45.478852],[-122.6329415,45.4788678],[-122.632653,45.4789875],[-122.632524,45.4790204],[-122.6324379,45.4790373],[-122.6323621,45.4790387],[-122.6322427,45.4790333],[-122.6318603,45.478949],[-122.6318278,45.4789496],[-122.6315663,45.4789088],[-122.6315446,45.4789092],[-122.6314141,45.4788964],[-122.6313924,45.4788968],[-122.6311322,45.478894],[-122.6311105,45.4788944],[-122.6309588,45.4788973],[-122.6309263,45.4788979],[-122.6306027,45.478942],[-122.6305919,45.4789422],[-122.6302251,45.4789948],[-122.6299004,45.4790085],[-122.6297482,45.4789961],[-122.6296177,45.4789833],[-122.6295197,45.4789699],[-122.6294872,45.4789705],[-122.6293783,45.4789573],[-122.629335,45.4789581],[-122.6292267,45.4789601],[-122.6290745,45.4789477],[-122.6290203,45.4789487],[-122.6289228,45.4789505],[-122.6289014,45.4789586],[-122.6288042,45.478968],[-122.6287825,45.4789684],[-122.6286534,45.4789937],[-122.6286317,45.4789941],[-122.628535,45.4790187],[-122.6285133,45.4790192],[-122.6284489,45.4790356],[-122.6281902,45.4790785],[-122.6278666,45.4791227],[-122.6276068,45.4791351],[-122.6274222,45.4791234],[-122.6272475,45.4790885]]]}},{"type":"Feature","properties":{"boundary_id":"current-middle-14","school_name":"Harriet Tubman Middle School","review_status":"unverified","school_candidates":["Harriet Tubman Middle School"],"name_status":"pdf-label-match","source_label":"Harriet Tubman Middle School Mandarin Immersion"},"geometry":{"type":"Polygon","coordinates":[[[-122.6444376,45.5314735],[-122.644415,45.5336078],[-122.6443981,45.5340502],[-122.6444004,45.5350408],[-122.6444017,45.5350789],[-122.644425,45.5351242],[-122.644448,45.5351619],[-122.6444927,45.5351991],[-122.6445372,45.5352288],[-122.6445922,45.5352506],[-122.6446578,45.5352646],[-122.6447228,45.5352634],[-122.651396,45.5352833],[-122.6524051,45.5352872],[-122.6534251,45.5352909],[-122.6585034,45.5353098],[-122.6605322,45.5353097],[-122.6615419,45.5353287],[-122.6625619,45.5353324],[-122.665611,45.5353434],[-122.6666741,45.5353386],[-122.6668804,45.5353423],[-122.6683121,45.5353305],[-122.668388,45.5353291],[-122.6684525,45.5353126],[-122.6685165,45.5352809],[-122.671568,45.5335312],[-122.6720046,45.533302],[-122.6720155,45.5333017],[-122.6722919,45.5331441],[-122.6723028,45.5331439],[-122.6740046,45.5321894],[-122.6741388,45.5323012],[-122.674161,45.532316],[-122.6783285,45.5353922],[-122.6783396,45.5353996],[-122.6826069,45.5382223],[-122.6842092,45.5393351],[-122.6864517,45.5410529],[-122.6807621,45.545193],[-122.680741,45.5452086],[-122.6792479,45.5465479],[-122.6792065,45.546602],[-122.6783866,45.5479513],[-122.6783665,45.5479974],[-122.6783573,45.5480433],[-122.6783659,45.5494988],[-122.6783208,45.5509706],[-122.6783211,45.5509783],[-122.6783089,45.5527619],[-122.6783236,45.553478],[-122.6782814,45.5544239],[-122.6764469,45.5544129],[-122.6763821,45.5544218],[-122.6763173,45.5544306],[-122.6762639,45.5544545],[-122.6762105,45.5544784],[-122.6761793,45.5545171],[-122.6761481,45.5545558],[-122.6761278,45.5545943],[-122.6761186,45.5546402],[-122.6761086,45.5552729],[-122.6753057,45.5552805],[-122.6752409,45.5552894],[-122.6751761,45.5552982],[-122.6751227,45.5553221],[-122.6750696,45.5553536],[-122.6745617,45.5557214],[-122.6745194,45.5557527],[-122.6744883,45.5557914],[-122.6744682,45.5558375],[-122.6744698,45.5558832],[-122.6744734,45.5568967],[-122.6744562,45.5582384],[-122.6744575,45.5582765],[-122.6744697,45.5583144],[-122.6745283,45.5584352],[-122.6744984,45.5609432],[-122.6727944,45.5609449],[-122.6727296,45.5609538],[-122.6726648,45.5609626],[-122.6726113,45.5609865],[-122.672569,45.5610178],[-122.6725267,45.5610491],[-122.6724956,45.5610878],[-122.6724755,45.5611339],[-122.672466,45.5611722],[-122.6724582,45.5624756],[-122.6698972,45.5624934],[-122.6694956,45.5624934],[-122.6685731,45.5624955],[-122.6674878,45.5625007],[-122.6672817,45.5625046],[-122.6668693,45.5625048],[-122.6656755,45.562512],[-122.6646011,45.562517],[-122.6645472,45.5625256],[-122.6644824,45.5625345],[-122.6644289,45.5625583],[-122.6643755,45.5625822],[-122.6643335,45.5626211],[-122.6643023,45.5626598],[-122.6642928,45.5626981],[-122.6642836,45.562744],[-122.6642593,45.5638952],[-122.6642439,45.5662124],[-122.6618772,45.5662035],[-122.6613126,45.5661989],[-122.6612245,45.5661624],[-122.661148,45.5661486],[-122.6610715,45.5661348],[-122.6592044,45.5661317],[-122.6582056,45.5661276],[-122.657706,45.5661217],[-122.6576952,45.5661219],[-122.6571851,45.5661239],[-122.6562511,45.5661109],[-122.6562523,45.5655317],[-122.6562626,45.5645941],[-122.6562765,45.564068],[-122.6562841,45.5627494],[-122.6562828,45.5627113],[-122.6562595,45.562666],[-122.6562364,45.5626284],[-122.6561917,45.5625911],[-122.6561472,45.5625614],[-122.6560922,45.5625396],[-122.6560265,45.5625256],[-122.6559612,45.5625192],[-122.6552776,45.5625244],[-122.6552747,45.5618309],[-122.6552731,45.5617852],[-122.6552498,45.5617399],[-122.6552268,45.5617023],[-122.655182,45.561665],[-122.6551376,45.5616353],[-122.6550828,45.5616211],[-122.6550172,45.5616071],[-122.6549518,45.5616007],[-122.6527808,45.5615956],[-122.65279,45.5606276],[-122.6528013,45.5600253],[-122.6527997,45.5599796],[-122.6527875,45.5599418],[-122.6527534,45.5598967],[-122.6527089,45.559867],[-122.6526644,45.5598374],[-122.6526094,45.5598155],[-122.6525438,45.5598015],[-122.6524784,45.5597951],[-122.6508392,45.5597877],[-122.6508481,45.5591169],[-122.6508643,45.5577295],[-122.6508627,45.5576839],[-122.6508394,45.5576386],[-122.6508163,45.5576009],[-122.6507716,45.5575636],[-122.6507274,45.5575416],[-122.6506615,45.55752],[-122.6506068,45.5575057],[-122.6505414,45.5574993],[-122.6430624,45.5574713],[-122.643078,45.5554439],[-122.6430764,45.5553982],[-122.6430533,45.5553605],[-122.64303,45.5553152],[-122.6429856,45.5552856],[-122.6429411,45.5552559],[-122.6428752,45.5552343],[-122.6428205,45.5552201],[-122.6427551,45.5552137],[-122.6387718,45.555204],[-122.6357217,45.5551921],[-122.6339958,45.5551861],[-122.6340165,45.5532958],[-122.6367517,45.5533059],[-122.637772,45.5533098],[-122.6387814,45.5533139],[-122.6388465,45.5533127],[-122.638911,45.5532962],[-122.6389755,45.5532798],[-122.6390287,45.5532483],[-122.6390599,45.5532096],[-122.6390908,45.5531633],[-122.6391109,45.5531172],[-122.6391093,45.5530715],[-122.6391069,45.553003],[-122.6403474,45.5512423],[-122.6404532,45.5511641],[-122.640506,45.5511251],[-122.640537,45.5510788],[-122.6405568,45.551025],[-122.6405642,45.5509258],[-122.640585,45.5509026],[-122.6407284,45.5509685],[-122.6407835,45.5509903],[-122.640838,45.5509969],[-122.6409033,45.5510033],[-122.6409684,45.5510021],[-122.6410221,45.5509859],[-122.6410866,45.5509694],[-122.6411289,45.5509382],[-122.6411712,45.5509069],[-122.6412024,45.5508682],[-122.6412228,45.5508297],[-122.641232,45.5507838],[-122.6412833,45.5494645],[-122.641283,45.5494568],[-122.641306,45.5467129],[-122.6413057,45.5467053],[-122.6412845,45.5451739],[-122.6413283,45.5436413],[-122.641328,45.5436337],[-122.6413382,45.5420712],[-122.6413261,45.5420333],[-122.6413136,45.5419878],[-122.6412797,45.5419503],[-122.641235,45.5419131],[-122.6411906,45.5418834],[-122.6411356,45.5418616],[-122.64107,45.5418476],[-122.6410158,45.5418486],[-122.6399848,45.5418449],[-122.6369028,45.5418338],[-122.6369109,45.5405152],[-122.6369142,45.537825],[-122.6369167,45.5357292],[-122.6369163,45.5344794],[-122.636916,45.5344718],[-122.6368997,45.5340072],[-122.6369431,45.5340064],[-122.6370081,45.5340052],[-122.6370726,45.5339888],[-122.6371263,45.5339725],[-122.6371795,45.533941],[-122.6372218,45.5339098],[-122.637253,45.5338711],[-122.637273,45.533825],[-122.6372825,45.5337867],[-122.6373052,45.532887],[-122.6373238,45.5321779],[-122.6373235,45.5321703],[-122.6373318,45.5317891],[-122.6373418,45.5314536],[-122.6373415,45.531446],[-122.6373571,45.5306531],[-122.6423283,45.5304155],[-122.6444297,45.5303229],[-122.6444305,45.5303458],[-122.6444249,45.5308031],[-122.6444376,45.5314735]]]}},{"type":"Feature","properties":{"boundary_id":"current-middle-15","school_name":"West Sylvan Middle School","review_status":"unverified","school_candidates":["West Sylvan Middle School"],"name_status":"pdf-label-match","source_label":"West Sylvan Middle School Spanish Immersion"},"geometry":{"type":"Polygon","coordinates":[[[-122.692452,45.4897432],[-122.693462,45.4897924],[-122.6934837,45.489792],[-122.6943943,45.4897897],[-122.6944374,45.4897813],[-122.6948483,45.4897505],[-122.6948913,45.489742],[-122.6951391,45.4896992],[-122.6951928,45.4896829],[-122.6952355,45.4896668],[-122.6952886,45.4896353],[-122.69532,45.4896042],[-122.6953514,45.4895731],[-122.6980838,45.4895815],[-122.6980841,45.4895891],[-122.6981074,45.4896344],[-122.6981763,45.4897398],[-122.6982104,45.4897849],[-122.698266,45.4898219],[-122.6983768,45.4898884],[-122.6984426,45.48991],[-122.6987723,45.4900332],[-122.6988379,45.4900472],[-122.6990234,45.4900817],[-122.6991115,45.4901181],[-122.6991564,45.490163],[-122.6992017,45.4902155],[-122.6992264,45.4902988],[-122.6992519,45.4904051],[-122.6992444,45.4904967],[-122.699246,45.4905424],[-122.699271,45.4906333],[-122.6992832,45.4906712],[-122.6993415,45.4907844],[-122.6993528,45.4907995],[-122.6994328,45.4909122],[-122.6994442,45.4909273],[-122.6996138,45.4911222],[-122.6996363,45.4911446],[-122.6997038,45.4912119],[-122.6997813,45.4912561],[-122.6998585,45.4912928],[-122.6999135,45.4913146],[-122.7000671,45.491365],[-122.7000999,45.4913719],[-122.7003074,45.4914137],[-122.7003843,45.4914427],[-122.7004066,45.4914575],[-122.7004182,45.4914801],[-122.7004299,45.4915028],[-122.700421,45.4915563],[-122.7003044,45.491932],[-122.7002947,45.4919627],[-122.7002766,45.4920621],[-122.7002774,45.492085],[-122.7002804,45.4921688],[-122.7002821,45.4922145],[-122.7003073,45.4923131],[-122.7003306,45.4923583],[-122.7003878,45.4924411],[-122.7004108,45.4924788],[-122.700478,45.4925384],[-122.7005117,45.4925683],[-122.700545,45.4925905],[-122.7006225,45.4926347],[-122.7006777,45.4926642],[-122.7007325,45.4926783],[-122.7007869,45.4926849],[-122.7009936,45.4927038],[-122.7010586,45.4927025],[-122.7012425,45.4926914],[-122.7013289,45.4926821],[-122.7014362,45.4926495],[-122.701447,45.4926493],[-122.7018546,45.4925271],[-122.7018652,45.4925193],[-122.7021655,45.4924297],[-122.7022736,45.49242],[-122.702393,45.4924253],[-122.7024914,45.4924463],[-122.7026008,45.4924746],[-122.7027105,45.4925106],[-122.7027989,45.4925547],[-122.702843,45.4925767],[-122.7029786,45.4927265],[-122.7030802,45.4928389],[-122.7030805,45.4928465],[-122.703204,45.4929661],[-122.7032046,45.4929813],[-122.7032496,45.4930261],[-122.7032607,45.4930336],[-122.7032621,45.4930716],[-122.7032351,45.4932246],[-122.7031878,45.4934161],[-122.7031694,45.4935079],[-122.7031597,45.4935386],[-122.7031616,45.4935919],[-122.7031635,45.4936452],[-122.703176,45.4936907],[-122.7031879,45.4937209],[-122.7032118,45.4937815],[-122.7032457,45.4938189],[-122.7032796,45.4938564],[-122.7033357,45.4939086],[-122.703402,45.4939455],[-122.7034573,45.4939749],[-122.7035451,45.4940037],[-122.7036218,45.4940251],[-122.703709,45.4940386],[-122.7038176,45.4940442],[-122.7038393,45.4940437],[-122.7040451,45.4940398],[-122.7040888,45.4940465],[-122.7040907,45.4940999],[-122.7040801,45.4941077],[-122.7040704,45.4941384],[-122.7040398,45.4941923],[-122.7040217,45.4942917],[-122.7040123,45.49433],[-122.704015,45.4944062],[-122.7040164,45.4944443],[-122.70404,45.4944972],[-122.7040405,45.4945124],[-122.7040536,45.4945731],[-122.7040763,45.4946032],[-122.7041002,45.4946637],[-122.7041344,45.4947088],[-122.7041905,45.494761],[-122.7042018,45.4947761],[-122.7042577,45.4948207],[-122.7042802,45.4948432],[-122.7043582,45.4949026],[-122.7044024,45.4949246],[-122.7044574,45.4949464],[-122.7045229,45.4949604],[-122.7045777,45.4949746],[-122.7046104,45.4949816],[-122.7046863,45.4949801],[-122.7047191,45.4949871],[-122.7048058,45.4949854],[-122.7048599,45.4949844],[-122.7049569,45.4949673],[-122.7050216,45.4949584],[-122.7051183,45.4949337],[-122.7051397,45.4949256],[-122.7052253,45.4948935],[-122.705322,45.4948688],[-122.7054081,45.4948519],[-122.7054942,45.494835],[-122.7055804,45.4948181],[-122.7056559,45.494809],[-122.7058293,45.4948056],[-122.7060027,45.4948023],[-122.7061221,45.4948076],[-122.7063727,45.4948409],[-122.7064274,45.494855],[-122.7064069,45.4948859],[-122.7060011,45.4953587],[-122.7058949,45.4954217],[-122.7058424,45.4954685],[-122.7057379,45.4955772],[-122.7056962,45.4956237],[-122.7056659,45.4956853],[-122.7056459,45.4957314],[-122.7056476,45.4957771],[-122.7056492,45.4958228],[-122.7056506,45.4958609],[-122.7056636,45.4959216],[-122.7056872,45.4959745],[-122.7057322,45.4960194],[-122.7057997,45.4960867],[-122.705833,45.4961089],[-122.7058886,45.496146],[-122.7059439,45.4961754],[-122.7059989,45.4961972],[-122.7060428,45.4962116],[-122.7061414,45.4962402],[-122.7061961,45.4962543],[-122.7062397,45.4962611],[-122.7063917,45.4962658],[-122.7064025,45.4962656],[-122.7068798,45.4962716],[-122.707119,45.4962899],[-122.7073588,45.4963233],[-122.707915,45.4964117],[-122.7080464,45.4964473],[-122.7081892,45.4964978],[-122.7083214,45.4965563],[-122.7083995,45.4966157],[-122.7088475,45.497011],[-122.7088697,45.4970259],[-122.7090147,45.4971374],[-122.7090258,45.4971448],[-122.7093369,45.4973522],[-122.709348,45.4973596],[-122.7096364,45.4975369],[-122.7097475,45.497611],[-122.7098272,45.4977162],[-122.7099644,45.4979117],[-122.7103674,45.4985594],[-122.7106928,45.4994601],[-122.7107175,45.4995435],[-122.7107116,45.4996808],[-122.7106598,45.5000477],[-122.7106498,45.5000707],[-122.7106593,45.5009318],[-122.7106599,45.5009471],[-122.7106285,45.5009782],[-122.7105976,45.5010245],[-122.7105776,45.5010706],[-122.7105687,45.5011241],[-122.7105815,45.5011773],[-122.7106284,45.5012754],[-122.7106398,45.5012905],[-122.7106753,45.5013736],[-122.7106867,45.5013886],[-122.7107328,45.501464],[-122.7107667,45.5015014],[-122.7108342,45.5015687],[-122.7108678,45.5015986],[-122.7109456,45.5016504],[-122.710957,45.5016654],[-122.7110123,45.5016948],[-122.7110453,45.5017094],[-122.7111226,45.5017461],[-122.7111665,45.5017605],[-122.7112212,45.5017746],[-122.7112865,45.501781],[-122.7115688,45.5017908],[-122.7117861,45.5018018],[-122.7118841,45.5018152],[-122.7119719,45.501844],[-122.7122589,45.5019832],[-122.7130649,45.5023792],[-122.7131091,45.5024012],[-122.7131746,45.5024152],[-122.7132291,45.5024218],[-122.7132938,45.5024129],[-122.7133477,45.5024042],[-122.7134122,45.5023877],[-122.7134547,45.502364],[-122.713497,45.5023327],[-122.7136337,45.5022158],[-122.7138657,45.502036],[-122.7142467,45.501777],[-122.7144165,45.5016747],[-122.7144485,45.5016588],[-122.7149553,45.5012831],[-122.7151346,45.5011425],[-122.715273,45.5010712],[-122.7155075,45.5009599],[-122.7155183,45.5009597],[-122.7163375,45.5005246],[-122.7166676,45.5003581],[-122.7168927,45.5002852],[-122.7169471,45.5002917],[-122.7170016,45.5002983],[-122.7173875,45.5004737],[-122.7174314,45.5004881],[-122.7174972,45.5005097],[-122.7175517,45.5005163],[-122.7176389,45.5005298],[-122.7177042,45.5005362],[-122.7177803,45.5005423],[-122.7178559,45.5005333],[-122.7179312,45.5005165],[-122.718049,45.5004762],[-122.7181024,45.5004522],[-122.7181552,45.5004131],[-122.7182077,45.5003664],[-122.7182497,45.5003274],[-122.7184659,45.5000107],[-122.7185389,45.4999331],[-122.7186026,45.4998937],[-122.7191444,45.499586],[-122.7192294,45.4995386],[-122.719432,45.4994432],[-122.7197537,45.4993455],[-122.7200977,45.4992625],[-122.7203561,45.4992118],[-122.7204642,45.4992021],[-122.7205617,45.4992002],[-122.7206592,45.4991983],[-122.7208007,45.4992108],[-122.721433,45.4993052],[-122.7214438,45.499305],[-122.7220865,45.499384],[-122.7224027,45.4994312],[-122.722468,45.4994375],[-122.722533,45.4994363],[-122.7225866,45.49942],[-122.7226508,45.4993959],[-122.723077,45.4991894],[-122.7243698,45.4986612],[-122.7245515,45.498589],[-122.7247663,45.4985315],[-122.7249494,45.4984974],[-122.7252731,45.498453],[-122.7254998,45.4984257],[-122.7256081,45.4984236],[-122.7257171,45.4984367],[-122.7259249,45.498486],[-122.7259574,45.4984854],[-122.7260882,45.4985057],[-122.7261099,45.4985053],[-122.7262405,45.498518],[-122.7263055,45.4985167],[-122.7264786,45.4985057],[-122.7265219,45.4985049],[-122.7267484,45.49847],[-122.7267809,45.4984694],[-122.7270498,45.4984108],[-122.7270821,45.4984025],[-122.7275438,45.4982792],[-122.7275547,45.498279],[-122.7277264,45.4982299],[-122.7279628,45.4981719],[-122.7280167,45.4981632],[-122.7289602,45.4981677],[-122.728993,45.4981747],[-122.7290041,45.4981821],[-122.7293264,45.4983969],[-122.7294048,45.4984639],[-122.7294059,45.4984944],[-122.7294238,45.5007655],[-122.7294255,45.5008112],[-122.7294488,45.5008565],[-122.7294827,45.5008939],[-122.7295274,45.5009312],[-122.7295716,45.5009532],[-122.7296375,45.5009748],[-122.7296922,45.5009889],[-122.7300078,45.5010209],[-122.7300312,45.5010662],[-122.7300651,45.5011036],[-122.7301206,45.5011407],[-122.7301757,45.5011624],[-122.7302415,45.501184],[-122.7303068,45.5011904],[-122.7311309,45.5011895],[-122.7311959,45.5011883],[-122.7312607,45.5011794],[-122.731314,45.5011555],[-122.7313671,45.5011239],[-122.7314093,45.5010926],[-122.7314404,45.5010539],[-122.7314604,45.5010078],[-122.7314588,45.5009621],[-122.7314693,45.500657],[-122.73199,45.5006621],[-122.7320347,45.5006993],[-122.7320792,45.5007289],[-122.732145,45.5007505],[-122.7321998,45.5007647],[-122.732265,45.500771],[-122.7326232,45.5007793],[-122.7326288,45.5009316],[-122.732641,45.5009695],[-122.7326535,45.501015],[-122.7326874,45.5010524],[-122.7327213,45.5010899],[-122.7327763,45.5011117],[-122.7328313,45.5011335],[-122.7328861,45.5011476],[-122.7329514,45.501154],[-122.7332551,45.5011557],[-122.7332663,45.5026494],[-122.7332788,45.5026949],[-122.7332913,45.5027404],[-122.7333255,45.5027855],[-122.73337,45.5028151],[-122.7334253,45.5028445],[-122.7334803,45.5028663],[-122.7335456,45.5028727],[-122.7336109,45.502879],[-122.7336756,45.5028701],[-122.7337401,45.5028536],[-122.7339968,45.5027571],[-122.7340305,45.502787],[-122.7340746,45.502809],[-122.734141,45.5028458],[-122.7341961,45.5028676],[-122.7342616,45.5028815],[-122.7343161,45.5028881],[-122.7344031,45.502894],[-122.7344686,45.502908],[-122.7345337,45.5029067],[-122.7345987,45.5029054],[-122.7346631,45.5028889],[-122.7347165,45.502865],[-122.7347696,45.5028335],[-122.7348115,45.5027946],[-122.7349879,45.5025777],[-122.7359527,45.501385],[-122.7360286,45.5013835],[-122.7359044,45.501546],[-122.7349785,45.502616],[-122.7349679,45.5026238],[-122.7349368,45.5026625],[-122.7349168,45.5027087],[-122.7348968,45.5027548],[-122.7348985,45.5028005],[-122.7349218,45.5028458],[-122.7349449,45.5028834],[-122.7349791,45.5029285],[-122.7350344,45.5029579],[-122.7353989,45.5031413],[-122.7357416,45.5033176],[-122.7356893,45.5033719],[-122.7356899,45.5033872],[-122.7356791,45.5033874],[-122.7356793,45.503395],[-122.7356685,45.5033952],[-122.7356471,45.5034033],[-122.7354212,45.5034534],[-122.735389,45.5034617],[-122.7353354,45.503478],[-122.7352929,45.5035017],[-122.7352392,45.503518],[-122.7351967,45.5035417],[-122.7351545,45.503573],[-122.735112,45.5035967],[-122.7350809,45.5036354],[-122.7350495,45.5036665],[-122.7350184,45.5037052],[-122.7350081,45.5037207],[-122.7349156,45.5038597],[-122.734895,45.5038906],[-122.7348045,45.5040829],[-122.7347953,45.5041288],[-122.7347231,45.5045266],[-122.734725,45.5045799],[-122.7347376,45.5046254],[-122.7347609,45.5046707],[-122.7347948,45.5047081],[-122.7348501,45.5047375],[-122.7349054,45.5047669],[-122.734971,45.5047809],[-122.7350363,45.5047872],[-122.7360674,45.5048128],[-122.7361547,45.5048264],[-122.7362197,45.5048251],[-122.7362847,45.5048238],[-122.7363384,45.5048075],[-122.736392,45.5047912],[-122.7364451,45.5047597],[-122.7364765,45.5047286],[-122.7365076,45.5046899],[-122.7367123,45.5043581],[-122.7368162,45.5042341],[-122.7369001,45.5041562],[-122.736974,45.5041014],[-122.73781,45.5035363],[-122.7380325,45.5033947],[-122.7380853,45.5033556],[-122.7381164,45.5033168],[-122.7381364,45.5032707],[-122.7381456,45.5032248],[-122.7381417,45.5031182],[-122.7384101,45.5030443],[-122.7384634,45.5030204],[-122.7385273,45.5029886],[-122.7385693,45.5029497],[-122.7388601,45.502601],[-122.7388912,45.5025623],[-122.7389112,45.5025162],[-122.7389095,45.5024704],[-122.738897,45.502425],[-122.738874,45.5023873],[-122.7385991,45.5019887],[-122.7386802,45.5018347],[-122.7389041,45.5017312],[-122.7389572,45.5016996],[-122.7389886,45.5016685],[-122.7390197,45.5016298],[-122.7390397,45.5015837],[-122.7390491,45.5015454],[-122.7390554,45.49935],[-122.7390676,45.4979091],[-122.7390575,45.4973376],[-122.7390583,45.4932214],[-122.7404349,45.4932097],[-122.7435329,45.4937206],[-122.7435382,45.4979967],[-122.7435399,45.4980424],[-122.7435521,45.4980803],[-122.743586,45.4981177],[-122.7436308,45.498155],[-122.7436752,45.4981846],[-122.7437303,45.4982064],[-122.743785,45.4982205],[-122.7438503,45.4982269],[-122.7464,45.4982683],[-122.746465,45.498267],[-122.7465295,45.4982505],[-122.7465936,45.4982263],[-122.7469318,45.4982807],[-122.7469863,45.4982872],[-122.747051,45.4982783],[-122.7471049,45.4982696],[-122.7471585,45.4982533],[-122.7472118,45.4982294],[-122.7474719,45.4982243],[-122.7475164,45.4982539],[-122.7475714,45.4982757],[-122.7476369,45.4982897],[-122.7477022,45.498296],[-122.7503064,45.4983438],[-122.7504301,45.4984634],[-122.7504637,45.4984932],[-122.750519,45.4985226],[-122.750574,45.4985444],[-122.7506288,45.4985586],[-122.7506938,45.4985573],[-122.7508349,45.4985621],[-122.7509436,45.4985676],[-122.7510089,45.4985739],[-122.7510736,45.498565],[-122.7511272,45.4985487],[-122.7511806,45.4985248],[-122.7512336,45.4984933],[-122.7512756,45.4984543],[-122.7512958,45.4984158],[-122.7513158,45.4983697],[-122.7513247,45.4983162],[-122.7514016,45.4983451],[-122.751545,45.4984109],[-122.7517782,45.4985588],[-122.7518555,45.4985954],[-122.7527663,45.4988899],[-122.7528319,45.4989039],[-122.7528972,45.4989102],[-122.7529619,45.4989013],[-122.7530267,45.4988924],[-122.7530908,45.4988683],[-122.7531439,45.4988368],[-122.7531858,45.4987978],[-122.753383,45.4985576],[-122.7534138,45.4985113],[-122.7534338,45.4984652],[-122.7534649,45.4984264],[-122.7534868,45.4984336],[-122.7537945,45.4985419],[-122.7538492,45.4985561],[-122.7539145,45.4985624],[-122.7539795,45.4985611],[-122.7540442,45.4985522],[-122.7540979,45.4985359],[-122.7541509,45.4985044],[-122.7541931,45.498473],[-122.7542456,45.4984263],[-122.7542876,45.4983873],[-122.754993,45.4984039],[-122.7551025,45.4984322],[-122.7551897,45.4984458],[-122.7560471,45.4984669],[-122.756058,45.4984667],[-122.7574135,45.4984704],[-122.7574891,45.4984613],[-122.7575644,45.4984446],[-122.7576283,45.4984128],[-122.7576836,45.4984422],[-122.7577494,45.4984638],[-122.7578147,45.4984701],[-122.7583254,45.4984982],[-122.7583901,45.4984893],[-122.7584549,45.4984804],[-122.7585193,45.4984638],[-122.7585615,45.4984325],[-122.7586146,45.498401],[-122.7586457,45.4983622],[-122.7586657,45.4983161],[-122.7586748,45.4982702],[-122.7586827,45.4978965],[-122.7587591,45.4979103],[-122.7588911,45.497961],[-122.759177,45.4980697],[-122.7596306,45.4983123],[-122.7596525,45.4983195],[-122.759884,45.4984216],[-122.7598951,45.498429],[-122.760093,45.4985013],[-122.760115,45.4985085],[-122.7603125,45.4985732],[-122.7603237,45.4985806],[-122.7605318,45.4986375],[-122.7605646,45.4986445],[-122.7610014,45.4987273],[-122.7610558,45.4987338],[-122.7611211,45.4987402],[-122.761175,45.4987315],[-122.7627357,45.4984185],[-122.7635512,45.4984786],[-122.7635997,45.5009551],[-122.7636011,45.5009932],[-122.7636244,45.5010385],[-122.7636475,45.5010761],[-122.763692,45.5011057],[-122.7637365,45.5011353],[-122.7637915,45.5011571],[-122.7638462,45.5011713],[-122.7639115,45.5011776],[-122.7643458,45.5011919],[-122.7643366,45.5015275],[-122.7643369,45.5015351],[-122.7643391,45.501596],[-122.7643283,45.5015962],[-122.7642741,45.5015973],[-122.7642205,45.5016136],[-122.7641669,45.5016299],[-122.7641138,45.5016615],[-122.7640716,45.5016928],[-122.7640405,45.5017315],[-122.7639795,45.5018394],[-122.7639595,45.5018856],[-122.7639503,45.5019315],[-122.763952,45.5019772],[-122.7640147,45.5022046],[-122.7640381,45.5022499],[-122.7640611,45.5022876],[-122.7640948,45.5023174],[-122.7641392,45.502347],[-122.7641943,45.5023688],[-122.764249,45.502383],[-122.7643143,45.5023893],[-122.7643149,45.5024045],[-122.7640893,45.5024623],[-122.7640357,45.5024787],[-122.7639826,45.5025102],[-122.7639404,45.5025415],[-122.7639093,45.5025803],[-122.7638891,45.5026188],[-122.7638799,45.5026647],[-122.7638816,45.5027104],[-122.7638941,45.5027559],[-122.7639645,45.5028993],[-122.7639583,45.505072],[-122.7639706,45.5051098],[-122.7639831,45.5051553],[-122.764017,45.5051928],[-122.7640618,45.50523],[-122.7641063,45.5052596],[-122.7641613,45.5052814],[-122.7641655,45.5053956],[-122.7641066,45.5058542],[-122.7616733,45.5057423],[-122.7616624,45.5057425],[-122.7599913,45.5057145],[-122.7599805,45.5057147],[-122.7591671,45.5057156],[-122.7591563,45.5057158],[-122.7583116,45.5057477],[-122.7582466,45.505749],[-122.7581821,45.5057655],[-122.7581288,45.5057894],[-122.7580863,45.5058131],[-122.7580443,45.5058521],[-122.7580132,45.5058908],[-122.7580038,45.5059291],[-122.7579947,45.505975],[-122.7580033,45.5076747],[-122.7552159,45.5076688],[-122.7552051,45.507669],[-122.7510958,45.5076966],[-122.7510308,45.5076978],[-122.7509772,45.5077141],[-122.7509127,45.5077307],[-122.7508705,45.507762],[-122.7508283,45.5077933],[-122.7507972,45.507832],[-122.7507772,45.5078782],[-122.750768,45.5079241],[-122.7507667,45.5081833],[-122.7472868,45.5082212],[-122.7472221,45.5082301],[-122.7471574,45.508239],[-122.747104,45.5082629],[-122.7470509,45.5082944],[-122.7470198,45.5083332],[-122.7469887,45.5083719],[-122.7469687,45.508418],[-122.7469704,45.5084637],[-122.746797,45.5084671],[-122.7466839,45.5083398],[-122.7466497,45.5082947],[-122.7465944,45.5082653],[-122.7465285,45.5082437],[-122.7464629,45.5082298],[-122.7463976,45.5082234],[-122.7462134,45.508227],[-122.7460316,45.5080019],[-122.7459977,45.5079645],[-122.7459424,45.5079351],[-122.7458873,45.5079133],[-122.7458326,45.5078991],[-122.745767,45.5078852],[-122.745702,45.5078865],[-122.7456484,45.5079028],[-122.745014,45.5080524],[-122.7449495,45.5080689],[-122.7448965,45.5081005],[-122.7448437,45.5081396],[-122.7448126,45.5081783],[-122.7447926,45.5082245],[-122.7447834,45.5082704],[-122.744853,45.5113409],[-122.7448704,45.5121104],[-122.7438719,45.5120919],[-122.7438069,45.5120932],[-122.7437424,45.5121097],[-122.7436888,45.512126],[-122.7436357,45.5121575],[-122.7435935,45.5121888],[-122.7435627,45.5122352],[-122.7435424,45.5122737],[-122.7435332,45.5123196],[-122.7435294,45.5195916],[-122.7434962,45.5231138],[-122.7434978,45.5231595],[-122.7435104,45.523205],[-122.7435443,45.5232425],[-122.743589,45.5232797],[-122.7436335,45.5233093],[-122.7436886,45.5233311],[-122.7437542,45.5233451],[-122.7438192,45.5233438],[-122.7589857,45.5233811],[-122.7589908,45.5267427],[-122.7590034,45.5267881],[-122.7590159,45.5268336],[-122.7590498,45.5268711],[-122.7590835,45.5269009],[-122.7591388,45.5269303],[-122.7591939,45.5269521],[-122.7592486,45.5269663],[-122.759314,45.5269726],[-122.7617334,45.5269782],[-122.7617214,45.5275349],[-122.7617231,45.5275806],[-122.7617465,45.5276259],[-122.7617696,45.5276636],[-122.7618144,45.5277008],[-122.7618589,45.5277304],[-122.7619248,45.527752],[-122.7619795,45.5277661],[-122.7620446,45.5277648],[-122.7628365,45.5277645],[-122.7628107,45.5297012],[-122.762811,45.5297088],[-122.7628143,45.5298002],[-122.7628269,45.5298457],[-122.76285,45.5298833],[-122.7628731,45.529921],[-122.7629178,45.5299582],[-122.7629621,45.5299802],[-122.7630171,45.530002],[-122.7630719,45.5300162],[-122.7631264,45.5300227],[-122.7631372,45.5300225],[-122.7631154,45.5311892],[-122.7631279,45.5312347],[-122.7631404,45.5312802],[-122.7631744,45.5313176],[-122.7632083,45.5313551],[-122.7632637,45.5313845],[-122.7633184,45.5313986],[-122.7633732,45.5314128],[-122.7634385,45.5314191],[-122.7641004,45.5314213],[-122.7641129,45.5314668],[-122.7641469,45.5315043],[-122.7641808,45.5315417],[-122.7642362,45.5315711],[-122.7642912,45.5315929],[-122.7643565,45.5315992],[-122.764411,45.5316058],[-122.765702,45.5316031],[-122.7656993,45.5338672],[-122.7657118,45.5339126],[-122.7657352,45.5339579],[-122.7657583,45.5339956],[-122.7658031,45.5340328],[-122.7658475,45.5340624],[-122.7659026,45.5340842],[-122.7659679,45.5340905],[-122.7660333,45.5340969],[-122.774722,45.5340468],[-122.7747762,45.5340457],[-122.7748407,45.5340292],[-122.7748941,45.5340053],[-122.7749474,45.5339814],[-122.7749896,45.53395],[-122.7750205,45.5339037],[-122.7750299,45.5338654],[-122.775039,45.5338195],[-122.7750596,45.5320429],[-122.7750593,45.5320353],[-122.7750393,45.5309151],[-122.7750579,45.5305412],[-122.7795503,45.5305663],[-122.7794729,45.5319781],[-122.7794732,45.5319857],[-122.7794367,45.5339151],[-122.7794384,45.5339608],[-122.7794615,45.5339985],[-122.7794849,45.5340437],[-122.7795294,45.5340733],[-122.7795739,45.5341029],[-122.779629,45.5341247],[-122.7796838,45.5341389],[-122.7797491,45.5341452],[-122.7845154,45.5342333],[-122.7844492,45.5376803],[-122.784394,45.540845],[-122.7843943,45.5408526],[-122.7843865,45.5420953],[-122.7834426,45.5420988],[-122.7823683,45.5420973],[-122.7823033,45.5420986],[-122.7822496,45.5421149],[-122.7821851,45.5421315],[-122.7821429,45.5421628],[-122.7821007,45.5421941],[-122.7820696,45.5422329],[-122.7820493,45.5422714],[-122.7820402,45.5423173],[-122.7820416,45.5423554],[-122.7820541,45.5424009],[-122.7820881,45.5424383],[-122.782974,45.5434956],[-122.7828245,45.5435595],[-122.7826684,45.5434483],[-122.7826131,45.5434189],[-122.782558,45.5433971],[-122.7825032,45.5433829],[-122.7824379,45.5433766],[-122.7823728,45.5433779],[-122.7823192,45.5433942],[-122.7822547,45.5434108],[-122.7822121,45.5434345],[-122.7821702,45.5434734],[-122.7821391,45.5435122],[-122.7820053,45.5437054],[-122.7802924,45.5425884],[-122.7802921,45.5425807],[-122.7797808,45.5422555],[-122.7797254,45.5422261],[-122.7796707,45.5422119],[-122.779605,45.542198],[-122.7795508,45.5421991],[-122.7794858,45.5422004],[-122.7794213,45.5422169],[-122.7793679,45.5422408],[-122.7793254,45.5422645],[-122.7792834,45.5423035],[-122.7792523,45.5423422],[-122.7792429,45.5423805],[-122.7792338,45.5424264],[-122.7792355,45.5424721],[-122.7794945,45.5433055],[-122.7794948,45.5433131],[-122.78017,45.5454113],[-122.7801811,45.5454187],[-122.7803857,45.5459559],[-122.7802664,45.5459582],[-122.780211,45.5459289],[-122.7786722,45.5451132],[-122.7775103,45.5445112],[-122.7774549,45.5444818],[-122.7773893,45.5444679],[-122.7773348,45.5444613],[-122.7772697,45.5444626],[-122.7772053,45.5444792],[-122.7771516,45.5444955],[-122.7770982,45.5445194],[-122.7770563,45.5445583],[-122.7765426,45.5450412],[-122.7765115,45.5450799],[-122.7764912,45.5451184],[-122.7764821,45.5451643],[-122.7764838,45.54521],[-122.7764963,45.5452555],[-122.7765303,45.545293],[-122.7765642,45.5453304],[-122.7766087,45.54536],[-122.7780805,45.5461236],[-122.778002,45.5483816],[-122.7780037,45.5484273],[-122.7780268,45.5484649],[-122.7780502,45.5485102],[-122.778095,45.5485474],[-122.7781396,45.548577],[-122.7781946,45.5485988],[-122.7782603,45.5486128],[-122.7783253,45.5486115],[-122.7843715,45.5486515],[-122.7843816,45.5555882],[-122.7826292,45.5563244],[-122.7826078,45.5563324],[-122.7821705,45.5565393],[-122.7821388,45.5565628],[-122.7809421,45.5573565],[-122.7796426,45.5568563],[-122.7795767,45.5568347],[-122.7795113,45.5568284],[-122.7794463,45.5568297],[-122.7793815,45.5568386],[-122.779317,45.5568551],[-122.7792639,45.5568867],[-122.7792219,45.5569256],[-122.7791908,45.5569643],[-122.7791708,45.5570105],[-122.7791617,45.5570564],[-122.7792047,45.5628566],[-122.7792982,45.5697154],[-122.7747775,45.5695914],[-122.7746745,45.5627557],[-122.7746728,45.56271],[-122.7746497,45.5626724],[-122.7746266,45.5626347],[-122.7745818,45.5625975],[-122.7639283,45.5548571],[-122.7640218,45.5480177],[-122.7640092,45.5479722],[-122.763997,45.5479343],[-122.7639627,45.5478893],[-122.7639182,45.5478596],[-122.7638737,45.54783],[-122.7638187,45.5478083],[-122.763753,45.5477943],[-122.7636877,45.547788],[-122.7536637,45.5478784],[-122.7475556,45.5479219],[-122.7475795,45.5444455],[-122.7475989,45.5443842],[-122.7476081,45.5443383],[-122.7475958,45.5443004],[-122.7475725,45.5442551],[-122.7475494,45.5442174],[-122.7475049,45.5441878],[-122.7474604,45.5441582],[-122.7474053,45.5441364],[-122.7473505,45.5441222],[-122.7472632,45.5441087],[-122.7472415,45.5441091],[-122.7471326,45.544096],[-122.7470889,45.5440892],[-122.7468915,45.5440321],[-122.7467157,45.5439746],[-122.7465386,45.543879],[-122.7463717,45.5437679],[-122.7458024,45.5433369],[-122.7457688,45.5433071],[-122.7456692,45.5432557],[-122.7455919,45.5432191],[-122.7455152,45.5431977],[-122.7454604,45.5431835],[-122.7454168,45.5431768],[-122.7452755,45.5431719],[-122.745221,45.5431654],[-122.7451779,45.5431738],[-122.7450375,45.5431918],[-122.7449947,45.5432079],[-122.744941,45.5432242],[-122.7448557,45.543264],[-122.7447918,45.5432957],[-122.744707,45.5433507],[-122.7446756,45.5433818],[-122.7443195,45.5437318],[-122.7442564,45.5437864],[-122.7441925,45.5438181],[-122.7441168,45.5438272],[-122.7440192,45.5438291],[-122.7439756,45.5438224],[-122.7438107,45.5437646],[-122.7429915,45.5433233],[-122.7427373,45.5431987],[-122.7425046,45.543066],[-122.7423602,45.5429774],[-122.740479,45.5416878],[-122.7404345,45.5416582],[-122.7403686,45.5416366],[-122.7403139,45.5416224],[-122.7402485,45.5416161],[-122.7401838,45.541625],[-122.7401193,45.5416415],[-122.7400659,45.5416654],[-122.7400128,45.5416969],[-122.7399705,45.5417282],[-122.7399505,45.5417743],[-122.7399305,45.5418205],[-122.7398208,45.542379],[-122.7396615,45.5424736],[-122.7395014,45.5425453],[-122.7392662,45.5426414],[-122.7390307,45.5427298],[-122.7389665,45.542754],[-122.7384997,45.5430451],[-122.7382551,45.5431794],[-122.7378797,45.5433011],[-122.7375881,45.5433373],[-122.7375556,45.5433379],[-122.7374046,45.5433637],[-122.7373295,45.543388],[-122.7372656,45.5434198],[-122.7370957,45.5435222],[-122.7369992,45.5435545],[-122.736945,45.5435556],[-122.7368911,45.5435643],[-122.7368371,45.543573],[-122.7366117,45.5436383],[-122.7361159,45.5437318],[-122.7361051,45.543732],[-122.7352549,45.5439239],[-122.7351904,45.5439404],[-122.7351264,45.5439721],[-122.7350847,45.5440187],[-122.7349068,45.5441975],[-122.73475,45.5443606],[-122.7345393,45.5445324],[-122.7345396,45.54454],[-122.7344031,45.5446646],[-122.7342332,45.544767],[-122.7342015,45.5447905],[-122.7333363,45.5454628],[-122.7332946,45.5455094],[-122.7329738,45.5459349],[-122.7329426,45.5459736],[-122.7328253,45.5460292],[-122.7327828,45.5460529],[-122.7327402,45.5460766],[-122.7326354,45.5461777],[-122.7325297,45.546256],[-122.732096,45.5465617],[-122.7318633,45.5467263],[-122.7317563,45.5467665],[-122.7317031,45.546798],[-122.7316289,45.5468452],[-122.7315121,45.5469161],[-122.7314799,45.5469243],[-122.7313848,45.5469948],[-122.7313206,45.5470189],[-122.7312566,45.5470506],[-122.730876,45.5473248],[-122.7307058,45.5474195],[-122.7305562,45.5474834],[-122.7304925,45.5475228],[-122.7303449,45.54764],[-122.7303241,45.5476632],[-122.7302087,45.5477722],[-122.7301881,45.5478031],[-122.7301158,45.5479036],[-122.7299996,45.5479897],[-122.7299573,45.548021],[-122.7297491,45.5482613],[-122.7295714,45.5484477],[-122.729305,45.5485825],[-122.7292839,45.5485981],[-122.72904,45.5487553],[-122.7289769,45.5488099],[-122.7287792,45.5490424],[-122.7286196,45.5491293],[-122.7285988,45.5491526],[-122.7283137,45.5493715],[-122.7281644,45.549443],[-122.7281222,45.5494743],[-122.7277849,45.5497477],[-122.7277432,45.5497942],[-122.72765,45.549918],[-122.72763,45.5499641],[-122.7276205,45.5500024],[-122.7276219,45.5500405],[-122.7276236,45.5500862],[-122.7276467,45.5501238],[-122.7276806,45.5501613],[-122.7278266,45.5502957],[-122.7264874,45.5519604],[-122.725386,45.5515168],[-122.7253201,45.5514952],[-122.7252656,45.5514886],[-122.7252005,45.5514899],[-122.7251357,45.5514988],[-122.7250709,45.5515076],[-122.7250175,45.5515315],[-122.7249752,45.5515628],[-122.7249333,45.5516018],[-122.7232402,45.5536849],[-122.7232294,45.5536851],[-122.7230533,45.5539172],[-122.7230222,45.5539559],[-122.7230127,45.5539942],[-122.7230033,45.5540325],[-122.7230285,45.5603812],[-122.7227395,45.5601962],[-122.7227062,45.560174],[-122.7184969,45.558144],[-122.7184749,45.5581368],[-122.7115005,45.5552681],[-122.7114785,45.5552609],[-122.7090274,45.5544087],[-122.7028225,45.5520888],[-122.7028005,45.5520816],[-122.7003084,45.5512909],[-122.6980654,45.550183],[-122.695234,45.5477982],[-122.6912023,45.5440186],[-122.6911798,45.5439962],[-122.6846753,45.5390213],[-122.6846642,45.5390139],[-122.6830725,45.5378934],[-122.6830617,45.5378936],[-122.6787944,45.5350709],[-122.6746383,45.5320097],[-122.6707868,45.5286531],[-122.6692173,45.5272271],[-122.6692064,45.5272274],[-122.6681877,45.5263397],[-122.6678755,45.5239677],[-122.6680864,45.5222718],[-122.6686946,45.5198519],[-122.6697737,45.5178652],[-122.669794,45.5178267],[-122.6702785,45.5162018],[-122.6702783,45.5161941],[-122.6707202,45.514288],[-122.6708581,45.5135919],[-122.6708573,45.513569],[-122.6708936,45.5124556],[-122.6708917,45.5124023],[-122.670058,45.5100021],[-122.670046,45.5099719],[-122.6680387,45.5062831],[-122.6680382,45.5062678],[-122.6658027,45.5028653],[-122.6656906,45.5021511],[-122.6657288,45.5013958],[-122.6675892,45.5012615],[-122.6675889,45.5012538],[-122.6717414,45.5009311],[-122.6742608,45.5007308],[-122.6743475,45.5007291],[-122.6743797,45.5007209],[-122.6752875,45.500635],[-122.6762817,45.5005399],[-122.6766605,45.5005174],[-122.6766713,45.5005172],[-122.6768227,45.5005067],[-122.6768336,45.5005065],[-122.6769956,45.5004882],[-122.6770278,45.5004799],[-122.6771465,45.5004624],[-122.6771787,45.5004542],[-122.6776625,45.5003383],[-122.6777162,45.500322],[-122.6777692,45.5002905],[-122.6778115,45.5002592],[-122.6778538,45.5002279],[-122.6778738,45.5001818],[-122.6779388,45.5001806],[-122.6780152,45.5001944],[-122.6781027,45.5002156],[-122.6781688,45.5002448],[-122.678213,45.5002668],[-122.6782466,45.5002967],[-122.6783146,45.5003792],[-122.6783523,45.5005233],[-122.6783756,45.5008734],[-122.6783881,45.5009189],[-122.6784114,45.5009642],[-122.6784453,45.5010017],[-122.67849,45.5010389],[-122.6785452,45.5010684],[-122.6786108,45.5010824],[-122.6786761,45.5010887],[-122.6787411,45.5010875],[-122.6788058,45.5010786],[-122.6788703,45.5010622],[-122.6789234,45.5010307],[-122.6789657,45.5009994],[-122.6789965,45.5009531],[-122.6790169,45.5009146],[-122.6791531,45.5004775],[-122.6791525,45.5004623],[-122.6791712,45.5003781],[-122.6803323,45.5004017],[-122.6803431,45.5004015],[-122.6805273,45.500398],[-122.6806029,45.5003889],[-122.6806677,45.5003801],[-122.680721,45.5003562],[-122.6807739,45.5003171],[-122.6808158,45.5002781],[-122.680847,45.5002394],[-122.6808559,45.5001859],[-122.6808543,45.5001402],[-122.6808418,45.5000947],[-122.6804909,45.4993774],[-122.6804795,45.4993624],[-122.680053,45.4986541],[-122.6796695,45.4979373],[-122.6792997,45.4972965],[-122.6792528,45.4971984],[-122.6789859,45.496708],[-122.6787653,45.4963007],[-122.6787651,45.4962931],[-122.6786155,45.496052],[-122.6786152,45.4960444],[-122.6785006,45.4958713],[-122.6784893,45.4958563],[-122.6783982,45.4957361],[-122.6783871,45.4957287],[-122.6782741,45.4956013],[-122.6782625,45.4955786],[-122.6781728,45.4954965],[-122.6777862,45.4949932],[-122.6776597,45.4947898],[-122.6775657,45.4945859],[-122.6775039,45.4943736],[-122.6773871,45.4938347],[-122.6773868,45.4938271],[-122.677286,45.4934327],[-122.6772857,45.4934251],[-122.6772367,45.493266],[-122.6772207,45.4931215],[-122.6772166,45.4930072],[-122.6772236,45.4929004],[-122.6772306,45.4927935],[-122.6772769,45.4925716],[-122.6773157,45.4924413],[-122.6773655,45.4923184],[-122.6774264,45.492203],[-122.6774779,45.4921258],[-122.6775911,45.4919559],[-122.6776328,45.4919094],[-122.6777579,45.4917698],[-122.677831,45.4916922],[-122.6779153,45.491622],[-122.6780729,45.4914818],[-122.6782736,45.4913332],[-122.6784965,45.4911994],[-122.6786877,45.491089],[-122.6790298,45.4909529],[-122.6791798,45.4909043],[-122.6795235,45.4908139],[-122.6804596,45.4906131],[-122.6804704,45.4906129],[-122.6809,45.490498],[-122.681072,45.4904566],[-122.6810937,45.4904562],[-122.6813938,45.490359],[-122.681426,45.4903508],[-122.6815647,45.4902871],[-122.6815755,45.4902869],[-122.6816714,45.4902394],[-122.6816819,45.4902315],[-122.6818098,45.4901681],[-122.6818312,45.4901601],[-122.6819162,45.4901127],[-122.6819268,45.4901049],[-122.6820221,45.4900421],[-122.6820435,45.4900341],[-122.6823181,45.4898307],[-122.682339,45.4898074],[-122.6824021,45.4897529],[-122.6843983,45.4897909],[-122.6843876,45.4904008],[-122.6843892,45.4904465],[-122.6844125,45.4904918],[-122.6844356,45.4905295],[-122.6844803,45.4905667],[-122.6845247,45.4905964],[-122.6845794,45.4906106],[-122.684645,45.4906246],[-122.6847102,45.4906309],[-122.6856645,45.4906355],[-122.6863262,45.4906457],[-122.6865115,45.4906727],[-122.6865657,45.4906716],[-122.6901451,45.4907173],[-122.6902101,45.4907161],[-122.6902749,45.4907072],[-122.6903282,45.4906833],[-122.6903816,45.4906594],[-122.6904235,45.4906205],[-122.6904549,45.4905894],[-122.690475,45.4905433],[-122.6907591,45.4896995],[-122.6907894,45.4896379],[-122.6909961,45.4896568],[-122.6910503,45.4896558],[-122.6911153,45.4896545],[-122.6911689,45.4896383],[-122.6912225,45.489622],[-122.6912647,45.4895907],[-122.691287,45.4896055],[-122.6913092,45.4896203],[-122.6914308,45.4896866],[-122.6914969,45.4897158],[-122.6915625,45.4897298],[-122.6916277,45.4897362],[-122.692452,45.4897432]]]}}],"metadata":{"source_pdf":"current-middle.pdf","georef_source":"current-middle.pdf","sha256":"f77387fe42d5e29038c77a9fe2870fde8384534a88f47274112143589502b4a1","pdf_viewport":[39.131,432.0,2551.75,3420.0],"control_points":[45.6476,-122.823,45.4199,-122.82,45.4218,-122.548,45.6494,-122.55],"status":"provisional","notes":"Names matched using PDF school labels inside vector polygons. Unresolved and ambiguous matches remain explicit. Geometry is approximate; inset coverage and topology require review."}}