{"type":"FeatureCollection","features":[{"type":"Feature","properties":{"boundary_id":"current-high-1","school_name":"Cleveland High School","review_status":"unverified","school_candidates":["Cleveland High School"],"name_status":"pdf-label-match","source_label":"Cleveland High School Mandarin Immersion"},"geometry":{"type":"Polygon","coordinates":[[[-122.6645938,45.5351111],[-122.6635738,45.5351075],[-122.6625646,45.5351037],[-122.6615446,45.5351001],[-122.660535,45.535081],[-122.6595261,45.5350847],[-122.6585061,45.5350811],[-122.6574861,45.5350774],[-122.656477,45.5350735],[-122.655457,45.5350698],[-122.6544479,45.5350659],[-122.6534279,45.5350622],[-122.6524079,45.5350585],[-122.6513987,45.5350546],[-122.6503788,45.5350508],[-122.6493699,45.5350545],[-122.6483499,45.5350508],[-122.6465596,45.5350462],[-122.6447256,45.5350348],[-122.6447224,45.5343261],[-122.6447236,45.5340517],[-122.6447406,45.5336094],[-122.6447479,45.5328928],[-122.6447555,45.5321839],[-122.6447523,45.5314753],[-122.6447504,45.5308046],[-122.644756,45.5303473],[-122.6447506,45.530195],[-122.6447572,45.5300729],[-122.6422986,45.5301875],[-122.637035,45.5304381],[-122.6364395,45.5304721],[-122.6361473,45.5304928],[-122.6357697,45.5305532],[-122.6355865,45.5305871],[-122.6354143,45.5306284],[-122.6352636,45.5306617],[-122.6347914,45.5308076],[-122.6345977,45.5305445],[-122.6345186,45.5304545],[-122.6344274,45.5303267],[-122.6343906,45.5302054],[-122.634385,45.5300455],[-122.6343927,45.5293366],[-122.6343893,45.5286203],[-122.6343968,45.5279038],[-122.6343934,45.5271875],[-122.634412,45.5264785],[-122.6344089,45.5257698],[-122.6344163,45.5250533],[-122.634424,45.5243444],[-122.6344207,45.5236281],[-122.6344165,45.522889],[-122.6348829,45.5228879],[-122.6358376,45.5228929],[-122.6371826,45.5228907],[-122.6391997,45.5228759],[-122.6413585,45.5228813],[-122.6413661,45.5221724],[-122.6413738,45.5214635],[-122.6413812,45.520747],[-122.6413891,45.520663],[-122.6414165,45.5205177],[-122.6414213,45.5200375],[-122.6414292,45.5193362],[-122.6392272,45.5193317],[-122.6390318,45.5193277],[-122.6390495,45.5185958],[-122.6390646,45.5171704],[-122.6390687,45.5169798],[-122.6400773,45.5169762],[-122.6424421,45.5169853],[-122.6424403,45.516932],[-122.6424348,45.5164672],[-122.6424424,45.5157583],[-122.6424498,45.5150418],[-122.6424574,45.5143329],[-122.6424648,45.5136164],[-122.6434085,45.5136216],[-122.643408,45.512989],[-122.6434812,45.5129115],[-122.6434959,45.5120957],[-122.6431271,45.512095],[-122.6424763,45.512092],[-122.6421509,45.5120904],[-122.641457,45.5120958],[-122.6412182,45.5120927],[-122.6402639,45.5120953],[-122.639114,45.5120863],[-122.6380947,45.5120901],[-122.6370859,45.5120861],[-122.6360666,45.5120899],[-122.6347215,45.5120845],[-122.6338325,45.5120935],[-122.6337239,45.5120879],[-122.6326718,45.5120846],[-122.6316088,45.5120816],[-122.6308279,45.5120809],[-122.6305242,45.5120789],[-122.6295262,45.5120746],[-122.6286044,45.5120766],[-122.6281598,45.5120772],[-122.6275848,45.5120727],[-122.6266956,45.512074],[-122.6257518,45.5120686],[-122.6244287,45.5120703],[-122.6238971,45.512065],[-122.6227691,45.512063],[-122.6227546,45.5119566],[-122.6227489,45.5108594],[-122.6227128,45.5095112],[-122.6226879,45.5087953],[-122.6226738,45.5080792],[-122.6226558,45.5075613],[-122.6226428,45.5068757],[-122.6226189,45.5061903],[-122.6225951,45.5055049],[-122.6225926,45.5048114],[-122.6225783,45.5040877],[-122.6225753,45.503379],[-122.6225829,45.5026626],[-122.6225799,45.5019539],[-122.6225872,45.5012298],[-122.6225953,45.5005285],[-122.6238207,45.5005286],[-122.6261954,45.5005302],[-122.626203,45.4998137],[-122.6285452,45.4998158],[-122.6285448,45.4991833],[-122.6285527,45.4990993],[-122.6261999,45.499105],[-122.6261948,45.4983354],[-122.626191,45.4976039],[-122.626183,45.497063],[-122.6258693,45.497084],[-122.6258023,45.4967195],[-122.6257566,45.4966518],[-122.6256686,45.4966153],[-122.6248551,45.4962951],[-122.6247998,45.4962657],[-122.6246132,45.4962005],[-122.6244377,45.4961428],[-122.6243505,45.4961292],[-122.6242414,45.4961084],[-122.6241,45.4960958],[-122.623883,45.4960922],[-122.6227445,45.4960905],[-122.622625,45.4960851],[-122.6226228,45.4947744],[-122.6226309,45.4940731],[-122.6226274,45.4933492],[-122.6192011,45.4933443],[-122.6190137,45.4932563],[-122.6189432,45.4930976],[-122.6189529,45.4927545],[-122.6189505,45.4923735],[-122.6189587,45.4919847],[-122.6189595,45.4916951],[-122.618979,45.4910089],[-122.6189766,45.4903154],[-122.6178057,45.4903143],[-122.6168189,45.4903097],[-122.6158433,45.4903126],[-122.6148676,45.4903154],[-122.613892,45.4903183],[-122.6129164,45.4903211],[-122.6119404,45.4903163],[-122.6109648,45.4903191],[-122.6101628,45.4903263],[-122.6099892,45.4903219],[-122.6089916,45.4903175],[-122.6088721,45.490312],[-122.6078529,45.490308],[-122.6067686,45.4903052],[-122.6056735,45.4903025],[-122.6056853,45.4897003],[-122.6056973,45.4891057],[-122.6056516,45.4890379],[-122.6056598,45.4886491],[-122.6056657,45.4885042],[-122.6056668,45.4882223],[-122.60568,45.4879782],[-122.6056666,45.4879022],[-122.6040187,45.4879021],[-122.6040302,45.4872923],[-122.6040417,45.4866824],[-122.6040527,45.4854325],[-122.6046816,45.4854361],[-122.6046902,45.4850549],[-122.6046984,45.4846661],[-122.6047067,45.4842773],[-122.6047147,45.4838809],[-122.6021347,45.4838828],[-122.6021425,45.4834787],[-122.6021502,45.4830747],[-122.6014997,45.4830715],[-122.60086,45.483068],[-122.6002098,45.4830724],[-122.5995809,45.4830687],[-122.5995928,45.4818416],[-122.5995993,45.4813995],[-122.599606,45.480965],[-122.5996125,45.4805229],[-122.5996192,45.4800884],[-122.5970391,45.4800826],[-122.5970456,45.4796405],[-122.5970622,45.4791753],[-122.5970616,45.4791601],[-122.5970678,45.4787104],[-122.5970743,45.4782683],[-122.5970811,45.4778338],[-122.5970875,45.4773917],[-122.5964482,45.4773958],[-122.5957977,45.4773925],[-122.5951581,45.4773891],[-122.594497,45.4773936],[-122.5944903,45.4778281],[-122.5944838,45.4782702],[-122.5919038,45.4782642],[-122.5913075,45.4782599],[-122.5913205,45.4773757],[-122.591324,45.4758973],[-122.5913211,45.4758136],[-122.5913189,45.4754326],[-122.5922943,45.4754299],[-122.5922886,45.4758949],[-122.5927219,45.4758869],[-122.5932637,45.4758846],[-122.5942175,45.4758823],[-122.5942392,45.4758819],[-122.5944125,45.4758787],[-122.5945316,45.4758765],[-122.5951927,45.475872],[-122.5958214,45.4758757],[-122.5961356,45.4758699],[-122.5961897,45.4758689],[-122.5964714,45.4758637],[-122.5971432,45.475859],[-122.5977501,45.4758554],[-122.5981403,45.4758558],[-122.5984111,45.4758509],[-122.5996901,45.4758502],[-122.6022589,45.4758485],[-122.6028985,45.475852],[-122.6035487,45.4758476],[-122.6041775,45.4758512],[-122.6048493,45.4758464],[-122.604829,45.4686607],[-122.5942623,45.468665],[-122.5942594,45.4711036],[-122.593284,45.4711063],[-122.5923089,45.4711166],[-122.5913336,45.4711192],[-122.5903585,45.4711295],[-122.5895023,45.47113],[-122.5893726,45.47114],[-122.5889824,45.4711395],[-122.5888738,45.4711339],[-122.5887328,45.4711289],[-122.5886672,45.4711148],[-122.5886015,45.4710932],[-122.5885246,45.4710641],[-122.5884369,45.4710352],[-122.5883276,45.4710067],[-122.5882406,45.4710007],[-122.5855207,45.4710125],[-122.5831254,45.4710106],[-122.5830173,45.4710202],[-122.5829093,45.4710298],[-122.5790946,45.4710385],[-122.5790761,45.4704978],[-122.579083,45.4700633],[-122.5790878,45.469568],[-122.5790849,45.4691641],[-122.5790793,45.4686842],[-122.5790784,45.4680212],[-122.5790767,45.4673355],[-122.5790838,45.4669086],[-122.5790881,45.4651254],[-122.5790882,45.4644929],[-122.5790812,45.4642873],[-122.5790867,45.4634947],[-122.579092,45.4633346],[-122.5791827,45.4615422],[-122.5798979,45.4615444],[-122.5800496,45.4615416],[-122.5821296,45.4615264],[-122.5821946,45.4615252],[-122.5823032,45.4615309],[-122.5823573,45.4615299],[-122.5846107,45.4615115],[-122.5855209,45.46151],[-122.5856836,45.4615147],[-122.5868984,45.4615457],[-122.5894341,45.4615449],[-122.5934645,45.4615242],[-122.5945919,45.4615339],[-122.5966719,45.4615184],[-122.597658,45.4615155],[-122.5986984,45.4615192],[-122.5997494,45.461515],[-122.6026855,45.4614989],[-122.6027397,45.4614979],[-122.6034117,45.4615007],[-122.6038559,45.4615001],[-122.6040836,45.4615035],[-122.6048747,45.4615041],[-122.6049289,45.4615031],[-122.6050371,45.4615011],[-122.6053948,45.4615021],[-122.6066848,45.4615164],[-122.6069017,45.46152],[-122.6087874,45.4615231],[-122.6101096,45.4615291],[-122.6109007,45.4615297],[-122.6115507,45.4615252],[-122.6129266,45.4615149],[-122.6132082,45.4615097],[-122.6152233,45.4614951],[-122.6155807,45.4614885],[-122.6160466,45.4614874],[-122.6165884,45.461485],[-122.6167941,45.4614811],[-122.6169352,45.4614861],[-122.617011,45.4614847],[-122.6190477,45.4614697],[-122.6194917,45.4614614],[-122.6202287,45.4614629],[-122.6206188,45.4614633],[-122.6209223,45.4614652],[-122.6213882,45.4614642],[-122.6217134,45.4614657],[-122.6220491,45.4614595],[-122.6224392,45.4614598],[-122.622537,45.4614656],[-122.6227971,45.4614684],[-122.6232198,45.4614681],[-122.6233172,45.4614663],[-122.6247803,45.4614695],[-122.6249322,45.4614742],[-122.6254522,45.4614722],[-122.6255172,45.4614709],[-122.6259073,45.4614713],[-122.6262758,45.461472],[-122.6263516,45.4614706],[-122.6267745,45.4614779],[-122.6269261,45.4614751],[-122.6278472,45.4614731],[-122.6282592,45.4614807],[-122.6305458,45.4614836],[-122.6326156,45.4614829],[-122.6330057,45.4614832],[-122.6367338,45.4614895],[-122.6388579,45.4614953],[-122.6393455,45.4614938],[-122.6400825,45.4614951],[-122.6404729,45.461503],[-122.6405703,45.4615012],[-122.6407003,45.4614988],[-122.6415017,45.4614837],[-122.6414877,45.4601579],[-122.6413527,45.458781],[-122.6413505,45.4587201],[-122.6424223,45.4586923],[-122.6432345,45.458677],[-122.6435921,45.4586779],[-122.644015,45.4586851],[-122.6450887,45.4587106],[-122.6469848,45.4587053],[-122.6469522,45.4583935],[-122.6469079,45.458059],[-122.6466199,45.4557247],[-122.6526103,45.4553676],[-122.6526642,45.455359],[-122.6526934,45.4555718],[-122.6530005,45.4581344],[-122.6530288,45.4583244],[-122.6530935,45.4583155],[-122.6559914,45.4581387],[-122.6570621,45.4580803],[-122.6572242,45.4580696],[-122.6575919,45.4580474],[-122.6581539,45.4580062],[-122.6584677,45.4579926],[-122.6610555,45.457631],[-122.6624452,45.4592356],[-122.6631666,45.460327],[-122.6639342,45.4615013],[-122.6640967,45.4614983],[-122.6646062,45.4615038],[-122.6649951,45.4629978],[-122.6651787,45.463284],[-122.6653284,45.4635326],[-122.6655939,45.4642973],[-122.6660165,45.4655163],[-122.6665548,45.4684709],[-122.6665345,45.4691191],[-122.666528,45.4692411],[-122.6665231,45.4694089],[-122.666455,45.4711555],[-122.6663991,45.47294],[-122.6662591,45.4738801],[-122.6661721,45.4744838],[-122.6659874,45.4756915],[-122.6663239,45.4766226],[-122.6665643,45.4772887],[-122.6679267,45.4787185],[-122.6679717,45.4787634],[-122.6683619,45.4793733],[-122.6690836,45.4804647],[-122.6691348,45.4806847],[-122.6695615,45.4823228],[-122.6695992,45.4827718],[-122.6697427,45.4852841],[-122.6697882,45.485954],[-122.6696902,45.4865503],[-122.6692538,45.4895233],[-122.6665952,45.4958691],[-122.6665551,45.4959613],[-122.6654599,45.5002348],[-122.6654203,45.500952],[-122.6654176,45.5011807],[-122.6653829,45.5017301],[-122.6653652,45.5021496],[-122.6654795,45.5029248],[-122.6673132,45.5057023],[-122.6674969,45.5059885],[-122.6677377,45.5063574],[-122.6686426,45.5080169],[-122.669745,45.5100462],[-122.6705676,45.5124389],[-122.6705492,45.5131404],[-122.6705319,45.5135676],[-122.6704045,45.5142559],[-122.6699623,45.5161544],[-122.6694778,45.5177793],[-122.6684898,45.5195814],[-122.6683778,45.5197893],[-122.6677599,45.5222399],[-122.6675503,45.5239739],[-122.6678654,45.5264296],[-122.6688278,45.5272574],[-122.6689511,45.5273694],[-122.669971,45.5282875],[-122.6705315,45.5287951],[-122.6728713,45.5308314],[-122.6740583,45.5318683],[-122.6738669,45.5319786],[-122.6724201,45.5327834],[-122.6721011,45.5329648],[-122.671984,45.533028],[-122.6718138,45.5331227],[-122.6713663,45.5333521],[-122.6711113,45.5335018],[-122.6683148,45.5351018],[-122.6668831,45.5351136],[-122.6666768,45.5351099],[-122.6656137,45.5351148],[-122.6645938,45.5351111]]]}},{"type":"Feature","properties":{"boundary_id":"current-high-2","school_name":"Franklin High School","review_status":"unverified","school_candidates":["Franklin High School"],"name_status":"pdf-label-match","source_label":"Franklin High School Russian Immersion, Spanish Immersion"},"geometry":{"type":"Polygon","coordinates":[[[-122.5963593,45.5287355],[-122.5963764,45.5282856],[-122.5969843,45.5282973],[-122.5969817,45.5282211],[-122.596977,45.5280841],[-122.5969831,45.5279468],[-122.5969784,45.5278097],[-122.5969845,45.5276724],[-122.5969798,45.5275354],[-122.5969751,45.5273983],[-122.5969788,45.5271925],[-122.5969773,45.5271468],[-122.5969809,45.5266209],[-122.5969872,45.5264912],[-122.5962823,45.5264965],[-122.5955771,45.5264942],[-122.5949695,45.5264901],[-122.594373,45.5264933],[-122.5933531,45.5264891],[-122.5933586,45.5253841],[-122.5923496,45.5253797],[-122.5923617,45.5241526],[-122.5918302,45.5241547],[-122.5918274,45.5240709],[-122.5918277,45.5231336],[-122.591849,45.5221731],[-122.5915286,45.5220037],[-122.5913859,45.5219529],[-122.5911334,45.5218661],[-122.5908035,45.521735],[-122.5897895,45.5212658],[-122.5888522,45.520818],[-122.5880467,45.5204212],[-122.5879799,45.5203691],[-122.5881074,45.5202906],[-122.5883678,45.5202935],[-122.5884968,45.5202606],[-122.5885489,45.5201987],[-122.5885577,45.5201376],[-122.5885342,45.5200847],[-122.5884996,45.5200244],[-122.5884758,45.5199638],[-122.5884634,45.5199183],[-122.5884742,45.5192857],[-122.5885589,45.5192232],[-122.5876584,45.5192167],[-122.5874305,45.5192133],[-122.586552,45.519214],[-122.5859986,45.5192089],[-122.5857707,45.5192054],[-122.5851523,45.5192014],[-122.5846751,45.5192025],[-122.5834381,45.5191869],[-122.5831668,45.5191842],[-122.5830042,45.5191872],[-122.5823422,45.5191764],[-122.5813767,45.5191711],[-122.5804112,45.5191658],[-122.5801941,45.5191621],[-122.5789682,45.5191539],[-122.5789321,45.5184154],[-122.5788958,45.5176693],[-122.5787785,45.5154997],[-122.5787688,45.515218],[-122.5787013,45.5141905],[-122.5786681,45.5135358],[-122.5786455,45.5128732],[-122.5786379,45.5126524],[-122.5786356,45.5125839],[-122.5786328,45.5125001],[-122.5786239,45.5122412],[-122.5786153,45.5119899],[-122.5786,45.5115406],[-122.578593,45.5113349],[-122.5785902,45.5112512],[-122.5785981,45.5108472],[-122.5785948,45.5101157],[-122.5786054,45.5091554],[-122.5786004,45.5083706],[-122.5786215,45.5048574],[-122.5786207,45.5048346],[-122.5786228,45.5045754],[-122.5786242,45.5039811],[-122.5786163,45.5034326],[-122.5786273,45.5027999],[-122.5786382,45.5021672],[-122.5786468,45.501466],[-122.5786461,45.5014432],[-122.5786366,45.5005289],[-122.5786545,45.5001019],[-122.5786532,45.5000638],[-122.578667,45.4991949],[-122.5786671,45.4985624],[-122.578665,45.4985015],[-122.578672,45.4974346],[-122.5786789,45.4973201],[-122.5786861,45.4968933],[-122.5787061,45.4962071],[-122.5787152,45.4955211],[-122.5787243,45.4948352],[-122.5787335,45.4941492],[-122.5787334,45.4938292],[-122.5787318,45.4934634],[-122.5787409,45.4927775],[-122.5787506,45.4921067],[-122.5787602,45.491436],[-122.5786119,45.4915377],[-122.5767903,45.4915328],[-122.5767869,45.4911138],[-122.5767608,45.4909847],[-122.5767687,45.4902606],[-122.5757714,45.4902635],[-122.5749368,45.4902711],[-122.5740233,45.4901886],[-122.5738928,45.4901758],[-122.5734481,45.4901686],[-122.5732094,45.4901653],[-122.5723953,45.4901344],[-122.5720805,45.4901249],[-122.5713967,45.4900992],[-122.5704528,45.4900782],[-122.5688907,45.4900532],[-122.568576,45.4900437],[-122.5669059,45.4900282],[-122.5665915,45.4900263],[-122.5663309,45.4900158],[-122.5662004,45.4900029],[-122.5660593,45.4899978],[-122.565734,45.4899961],[-122.5654409,45.4899862],[-122.565137,45.4899764],[-122.563922,45.4899527],[-122.5634228,45.4899389],[-122.5621969,45.4899153],[-122.5620231,45.4899032],[-122.560873,45.4898783],[-122.5583124,45.4898178],[-122.5570874,45.489817],[-122.555732,45.489811],[-122.5557187,45.489095],[-122.5556212,45.4890967],[-122.5552414,45.4890883],[-122.5550898,45.489091],[-122.5550947,45.4889157],[-122.554466,45.4889194],[-122.5531434,45.4889204],[-122.5531441,45.4882955],[-122.5531462,45.4880364],[-122.5535148,45.4880374],[-122.5539157,45.4880302],[-122.5546751,45.488047],[-122.5548366,45.4880136],[-122.5557364,45.4880126],[-122.5577851,45.4880062],[-122.5583052,45.4879968],[-122.5583006,45.4875397],[-122.5582975,45.4874483],[-122.5582957,45.487075],[-122.5582934,45.4866864],[-122.5582909,45.4866103],[-122.5582922,45.4863283],[-122.5582785,45.4843169],[-122.5582715,45.4841113],[-122.5582697,45.484058],[-122.5582788,45.4840045],[-122.5582682,45.4836923],[-122.5581818,45.4837015],[-122.5580085,45.4837046],[-122.5575971,45.4837196],[-122.5561567,45.4837609],[-122.5544782,45.483814],[-122.5543918,45.4838232],[-122.553146,45.4838456],[-122.5531534,45.4837464],[-122.553152,45.4833807],[-122.5531549,45.4828244],[-122.5529788,45.4827437],[-122.5528134,45.4826629],[-122.5528255,45.4817331],[-122.5528907,45.4817395],[-122.5529016,45.4814193],[-122.5529099,45.4800552],[-122.5529143,45.4798647],[-122.552929,45.478691],[-122.5529285,45.4783557],[-122.5537851,45.4783631],[-122.5548256,45.4783596],[-122.5550966,45.4783623],[-122.556029,45.4783684],[-122.5565276,45.478367],[-122.5571128,45.4783641],[-122.5580993,45.4783691],[-122.5582946,45.4783732],[-122.5583073,45.4781063],[-122.5583006,45.4779083],[-122.5583047,45.4777101],[-122.5583063,45.4774358],[-122.5583133,45.4770013],[-122.5564365,45.4766314],[-122.5557822,45.4765136],[-122.5555532,45.476472],[-122.5555614,45.4763957],[-122.5555531,45.4755043],[-122.5555595,45.4753747],[-122.5557004,45.4753721],[-122.5557653,45.475371],[-122.5557779,45.4722085],[-122.5557863,45.4718122],[-122.5532192,45.4718585],[-122.5532149,45.471409],[-122.5557745,45.4711418],[-122.5557843,45.4707911],[-122.5557813,45.4703797],[-122.5557909,45.4700214],[-122.5558342,45.4700207],[-122.5559859,45.4700179],[-122.5562352,45.470021],[-122.5562894,45.4700201],[-122.5562853,45.4695782],[-122.5558949,45.46957],[-122.5557972,45.4695641],[-122.5558042,45.4691297],[-122.5557993,45.468985],[-122.5563303,45.468983],[-122.5563844,45.468982],[-122.5564608,45.4686759],[-122.5565908,45.4686735],[-122.5565833,45.4684527],[-122.5565759,45.4682319],[-122.5562835,45.4682371],[-122.5559044,45.468244],[-122.5557852,45.4682461],[-122.5557848,45.4679109],[-122.5557925,45.4678193],[-122.5557923,45.4674916],[-122.5562908,45.4674903],[-122.5567137,45.4674979],[-122.556887,45.4674947],[-122.5571905,45.4674969],[-122.5571998,45.467771],[-122.5574056,45.4677673],[-122.5574705,45.4677661],[-122.5574615,45.4674996],[-122.5577648,45.4674941],[-122.5579275,45.4674988],[-122.5583499,45.4674911],[-122.5583481,45.4674378],[-122.5583469,45.4670797],[-122.5583438,45.4666683],[-122.5583498,45.4665234],[-122.5583522,45.4659519],[-122.5583491,45.4655405],[-122.5583561,45.4654261],[-122.5586634,45.4655424],[-122.5589798,45.4656053],[-122.5591108,45.4656334],[-122.5592307,45.4656541],[-122.559251,45.4646479],[-122.5586225,45.4646516],[-122.5576476,45.4646617],[-122.5556973,45.464674],[-122.5539312,45.4646831],[-122.5533678,45.4646856],[-122.5531945,45.4646888],[-122.5531815,45.4610848],[-122.5567576,45.4610888],[-122.5582965,45.4610915],[-122.5590014,45.4611092],[-122.5590772,45.4611078],[-122.5604441,45.4611516],[-122.5606393,45.4611557],[-122.5609539,45.4611653],[-122.5628086,45.4612155],[-122.5632315,45.461223],[-122.5650645,45.4612736],[-122.5651189,45.4612802],[-122.5662468,45.4613055],[-122.5663445,45.4613113],[-122.568102,45.4613708],[-122.5686553,45.4613912],[-122.5687747,45.4613967],[-122.569219,45.4613962],[-122.5693925,45.4614007],[-122.5699887,45.4614051],[-122.570162,45.4614019],[-122.5703788,45.4614056],[-122.5708558,45.4614122],[-122.571181,45.4614139],[-122.5720915,45.4614201],[-122.5728617,45.4614442],[-122.5738046,45.4614499],[-122.5755828,45.4614784],[-122.579096,45.4615438],[-122.5791827,45.4615422],[-122.579092,45.4633346],[-122.5790867,45.4634947],[-122.5790812,45.4642873],[-122.5790882,45.4644929],[-122.5790881,45.4651254],[-122.5790838,45.4669086],[-122.5790767,45.4673355],[-122.5790784,45.4680212],[-122.5790793,45.4686842],[-122.5790849,45.4691641],[-122.5790878,45.469568],[-122.579083,45.4700633],[-122.5790761,45.4704978],[-122.5790946,45.4710385],[-122.5829093,45.4710298],[-122.5830173,45.4710202],[-122.5831254,45.4710106],[-122.5855207,45.4710125],[-122.5882406,45.4710007],[-122.5883276,45.4710067],[-122.5884369,45.4710352],[-122.5885246,45.4710641],[-122.5886015,45.4710932],[-122.5886672,45.4711148],[-122.5887328,45.4711289],[-122.5888738,45.4711339],[-122.5889824,45.4711395],[-122.5893726,45.47114],[-122.5895023,45.47113],[-122.5903585,45.4711295],[-122.5913336,45.4711192],[-122.5923089,45.4711166],[-122.593284,45.4711063],[-122.5942594,45.4711036],[-122.5942623,45.468665],[-122.604829,45.4686607],[-122.6048493,45.4758464],[-122.6041775,45.4758512],[-122.6035487,45.4758476],[-122.6028985,45.475852],[-122.6022589,45.4758485],[-122.5996901,45.4758502],[-122.5984111,45.4758509],[-122.5981403,45.4758558],[-122.5977501,45.4758554],[-122.5971432,45.475859],[-122.5964714,45.4758637],[-122.5961897,45.4758689],[-122.5961356,45.4758699],[-122.5958214,45.4758757],[-122.5951927,45.475872],[-122.5945316,45.4758765],[-122.5944125,45.4758787],[-122.5942392,45.4758819],[-122.5942175,45.4758823],[-122.5932637,45.4758846],[-122.5927219,45.4758869],[-122.5922886,45.4758949],[-122.5922943,45.4754299],[-122.5913189,45.4754326],[-122.5913211,45.4758136],[-122.591324,45.4758973],[-122.5913205,45.4773757],[-122.5913075,45.4782599],[-122.5919038,45.4782642],[-122.5944838,45.4782702],[-122.5944903,45.4778281],[-122.594497,45.4773936],[-122.5951581,45.4773891],[-122.5957977,45.4773925],[-122.5964482,45.4773958],[-122.5970875,45.4773917],[-122.5970811,45.4778338],[-122.5970743,45.4782683],[-122.5970678,45.4787104],[-122.5970616,45.4791601],[-122.5970622,45.4791753],[-122.5970456,45.4796405],[-122.5970391,45.4800826],[-122.5996192,45.4800884],[-122.5996125,45.4805229],[-122.599606,45.480965],[-122.5995993,45.4813995],[-122.5995928,45.4818416],[-122.5995809,45.4830687],[-122.6002098,45.4830724],[-122.60086,45.483068],[-122.6014997,45.4830715],[-122.6021502,45.4830747],[-122.6021425,45.4834787],[-122.6021347,45.4838828],[-122.6047147,45.4838809],[-122.6047067,45.4842773],[-122.6046984,45.4846661],[-122.6046902,45.4850549],[-122.6046816,45.4854361],[-122.6040527,45.4854325],[-122.6040417,45.4866824],[-122.6040302,45.4872923],[-122.6040187,45.4879021],[-122.6056666,45.4879022],[-122.60568,45.4879782],[-122.6056668,45.4882223],[-122.6056657,45.4885042],[-122.6056598,45.4886491],[-122.6056516,45.4890379],[-122.6056973,45.4891057],[-122.6056853,45.4897003],[-122.6056735,45.4903025],[-122.6067686,45.4903052],[-122.6078529,45.490308],[-122.6088721,45.490312],[-122.6089916,45.4903175],[-122.6099892,45.4903219],[-122.6101628,45.4903263],[-122.6109648,45.4903191],[-122.6119404,45.4903163],[-122.6129164,45.4903211],[-122.613892,45.4903183],[-122.6148676,45.4903154],[-122.6158433,45.4903126],[-122.6168189,45.4903097],[-122.6178057,45.4903143],[-122.6189766,45.4903154],[-122.618979,45.4910089],[-122.6189595,45.4916951],[-122.6189587,45.4919847],[-122.6189505,45.4923735],[-122.6189529,45.4927545],[-122.6189432,45.4930976],[-122.6190137,45.4932563],[-122.6192011,45.4933443],[-122.6226274,45.4933492],[-122.6226309,45.4940731],[-122.6226228,45.4947744],[-122.622625,45.4960851],[-122.6227445,45.4960905],[-122.623883,45.4960922],[-122.6241,45.4960958],[-122.6242414,45.4961084],[-122.6243505,45.4961292],[-122.6244377,45.4961428],[-122.6246132,45.4962005],[-122.6247998,45.4962657],[-122.6248551,45.4962951],[-122.6256686,45.4966153],[-122.6257566,45.4966518],[-122.6258023,45.4967195],[-122.6258693,45.497084],[-122.626183,45.497063],[-122.626191,45.4976039],[-122.6261948,45.4983354],[-122.6261999,45.499105],[-122.6285527,45.4990993],[-122.6285448,45.4991833],[-122.6285452,45.4998158],[-122.626203,45.4998137],[-122.6261954,45.5005302],[-122.6238207,45.5005286],[-122.6225953,45.5005285],[-122.6225872,45.5012298],[-122.6225799,45.5019539],[-122.6225829,45.5026626],[-122.6225753,45.503379],[-122.6225783,45.5040877],[-122.6225926,45.5048114],[-122.6225951,45.5055049],[-122.6226189,45.5061903],[-122.6226428,45.5068757],[-122.6226558,45.5075613],[-122.6226738,45.5080792],[-122.6226879,45.5087953],[-122.6227128,45.5095112],[-122.6227489,45.5108594],[-122.6227546,45.5119566],[-122.6227691,45.512063],[-122.6238971,45.512065],[-122.6244287,45.5120703],[-122.6257518,45.5120686],[-122.6266956,45.512074],[-122.6275848,45.5120727],[-122.6281598,45.5120772],[-122.6286044,45.5120766],[-122.6295262,45.5120746],[-122.6305242,45.5120789],[-122.6308279,45.5120809],[-122.6316088,45.5120816],[-122.6326718,45.5120846],[-122.6337239,45.5120879],[-122.6338325,45.5120935],[-122.6347215,45.5120845],[-122.6360666,45.5120899],[-122.6370859,45.5120861],[-122.6380947,45.5120901],[-122.639114,45.5120863],[-122.6402639,45.5120953],[-122.6412182,45.5120927],[-122.641457,45.5120958],[-122.6421509,45.5120904],[-122.6424763,45.512092],[-122.6431271,45.512095],[-122.6434959,45.5120957],[-122.6434812,45.5129115],[-122.643408,45.512989],[-122.6434085,45.5136216],[-122.6424648,45.5136164],[-122.6424574,45.5143329],[-122.6424498,45.5150418],[-122.6424424,45.5157583],[-122.6424348,45.5164672],[-122.6424403,45.516932],[-122.6424421,45.5169853],[-122.6400773,45.5169762],[-122.6390687,45.5169798],[-122.6390646,45.5171704],[-122.6390495,45.5185958],[-122.6390318,45.5193277],[-122.6392272,45.5193317],[-122.6414292,45.5193362],[-122.6414213,45.5200375],[-122.6414165,45.5205177],[-122.6413891,45.520663],[-122.6413812,45.520747],[-122.6413738,45.5214635],[-122.6413661,45.5221724],[-122.6413585,45.5228813],[-122.6391997,45.5228759],[-122.6371826,45.5228907],[-122.6358376,45.5228929],[-122.6348829,45.5228879],[-122.6344165,45.522889],[-122.6344207,45.5236281],[-122.634424,45.5243444],[-122.6330137,45.5243402],[-122.6316034,45.5243359],[-122.6316111,45.5236271],[-122.6316176,45.5228801],[-122.6316131,45.5221334],[-122.6298015,45.522129],[-122.6294983,45.5221422],[-122.629401,45.5221516],[-122.6293253,45.5221607],[-122.6291532,45.522202],[-122.6290242,45.5222349],[-122.6289166,45.5222597],[-122.6288085,45.5222693],[-122.6286461,45.52228],[-122.6284285,45.5222612],[-122.6282649,45.5222337],[-122.6281226,45.5221983],[-122.6279915,45.5221702],[-122.6278609,45.5221574],[-122.6277414,45.522152],[-122.6274487,45.5221574],[-122.6271674,45.5221779],[-122.626843,45.5222068],[-122.6263248,45.5222774],[-122.6258827,45.5223542],[-122.625387,45.5224472],[-122.6249671,45.5225388],[-122.6247842,45.5225803],[-122.6245904,45.522622],[-122.6244183,45.5226633],[-122.624235,45.5226972],[-122.6240407,45.5227237],[-122.6238464,45.5227501],[-122.6236735,45.5227686],[-122.6234789,45.5227874],[-122.6231214,45.5228017],[-122.622948,45.5228049],[-122.6229537,45.5217226],[-122.6225957,45.5217217],[-122.6226036,45.5216377],[-122.6225962,45.5214244],[-122.6226049,45.5213633],[-122.6224206,45.5213667],[-122.6223122,45.5213687],[-122.6222144,45.5213629],[-122.6220193,45.5213665],[-122.6218239,45.5213625],[-122.6216288,45.5213662],[-122.6214334,45.5213622],[-122.6213358,45.521364],[-122.6212382,45.5213658],[-122.6210429,45.5213618],[-122.6209453,45.5213636],[-122.6208477,45.5213654],[-122.6206524,45.5213614],[-122.620457,45.5213574],[-122.6202619,45.521361],[-122.6200665,45.521357],[-122.619828,45.5213614],[-122.6196979,45.5213638],[-122.6195467,45.5213819],[-122.6194171,45.5213995],[-122.6193418,45.5214161],[-122.6192019,45.5214492],[-122.619116,45.5214737],[-122.6190406,45.5214903],[-122.6189333,45.5215228],[-122.6188582,45.521547],[-122.618772,45.5215638],[-122.6187075,45.5215803],[-122.6186213,45.5215971],[-122.6185349,45.5216063],[-122.6184484,45.5216156],[-122.6183728,45.5216246],[-122.6182863,45.5216338],[-122.6181346,45.5216366],[-122.6180587,45.521638],[-122.6179394,45.5216402],[-122.6177441,45.5216362],[-122.6175489,45.5216398],[-122.6173427,45.521636],[-122.6173335,45.5219943],[-122.616053,45.5219799],[-122.6160715,45.5231379],[-122.6157786,45.5231357],[-122.615594,45.5231315],[-122.6154856,45.5231335],[-122.6153981,45.5231122],[-122.6153108,45.5230986],[-122.6151903,45.5230627],[-122.6150697,45.5230268],[-122.6148949,45.522992],[-122.6148997,45.5237539],[-122.6149021,45.5238225],[-122.6149005,45.5244017],[-122.6133492,45.5243998],[-122.6133516,45.5244683],[-122.6133571,45.5246283],[-122.6133484,45.5246894],[-122.6132292,45.5246916],[-122.6130338,45.5246876],[-122.6128278,45.5246914],[-122.6127733,45.5246848],[-122.6126216,45.5246876],[-122.612617,45.5248705],[-122.6126083,45.5249317],[-122.6126115,45.5250231],[-122.6126141,45.5250992],[-122.6119306,45.5250966],[-122.6119248,45.524929],[-122.6119275,45.5243803],[-122.6101486,45.5243826],[-122.6087711,45.5243851],[-122.6075342,45.5243774],[-122.607435,45.5243335],[-122.6073359,45.5242896],[-122.6062836,45.5242861],[-122.6053291,45.5242884],[-122.6053311,45.5249742],[-122.6053198,45.5255916],[-122.605308,45.5265063],[-122.6046898,45.52651],[-122.6046823,45.5272341],[-122.6047012,45.5277824],[-122.6042073,45.5279287],[-122.6037041,45.5281208],[-122.6030633,45.5284145],[-122.6021361,45.5288964],[-122.6021147,45.5289044],[-122.6004743,45.5297803],[-122.5992062,45.5304436],[-122.5968928,45.531629],[-122.5962853,45.5319449],[-122.596295,45.5315942],[-122.5963112,45.530489],[-122.5963338,45.5298866],[-122.5963483,45.5293605],[-122.5963528,45.5291776],[-122.5963593,45.5287355]]]}},{"type":"Feature","properties":{"boundary_id":"current-high-3","school_name":"Grant High School","review_status":"unverified","school_candidates":["Grant High School"],"name_status":"pdf-label-match","source_label":"Grant High School Japanese Immersion"},"geometry":{"type":"Polygon","coordinates":[[[-122.6310297,45.5554012],[-122.6306281,45.555401],[-122.6305088,45.5554032],[-122.6305021,45.5552128],[-122.6305144,45.554321],[-122.6305142,45.5536961],[-122.6294939,45.5536921],[-122.6284847,45.5536956],[-122.6274647,45.5536992],[-122.6264553,45.553695],[-122.6253588,45.5536848],[-122.6242851,45.5537047],[-122.6234277,45.5537053],[-122.6232759,45.5537081],[-122.6222559,45.5537117],[-122.6212467,45.5537151],[-122.6203896,45.5537233],[-122.6202277,45.5537491],[-122.6201309,45.5537738],[-122.6147581,45.5537508],[-122.61477,45.5528438],[-122.6147877,45.5524167],[-122.6147806,45.5518987],[-122.6131197,45.5518835],[-122.6120886,45.5518796],[-122.6120748,45.551796],[-122.6103165,45.5517902],[-122.6095135,45.5517897],[-122.6094831,45.5515388],[-122.6094882,45.5507462],[-122.609412,45.55074],[-122.6093136,45.5507189],[-122.6091163,45.5506616],[-122.6089287,45.5505736],[-122.6087068,45.5504329],[-122.6084498,45.5502166],[-122.6084426,45.550011],[-122.6084186,45.5499428],[-122.6083953,45.5498975],[-122.6083252,45.549754],[-122.6083863,45.5496386],[-122.6084065,45.5495925],[-122.6084562,45.5494621],[-122.6085171,45.549339],[-122.6086006,45.549246],[-122.6087067,45.5491755],[-122.6089281,45.5489885],[-122.6091821,45.548801],[-122.6093614,45.5486529],[-122.6094559,45.5485597],[-122.6094964,45.5484752],[-122.6095146,45.5483758],[-122.6094681,45.5482852],[-122.6084587,45.5482808],[-122.6074385,45.5482767],[-122.6064183,45.5482726],[-122.605409,45.5482682],[-122.6053003,45.5482626],[-122.6043885,45.5482564],[-122.6043967,45.5481801],[-122.6044078,45.5469301],[-122.6044197,45.5453906],[-122.604438,45.5437214],[-122.6044581,45.542418],[-122.6044201,45.5422587],[-122.6054368,45.5418514],[-122.6075133,45.5410284],[-122.6075122,45.5413103],[-122.6102797,45.5413281],[-122.6103887,45.5413413],[-122.610509,45.5413696],[-122.6106307,45.5414359],[-122.6107092,45.5415107],[-122.6107325,45.541556],[-122.6107674,45.5416239],[-122.6108039,45.5417375],[-122.6108213,45.5419277],[-122.6110435,45.5417636],[-122.6111284,45.5417087],[-122.6112244,45.5416612],[-122.6113744,45.5416051],[-122.611536,45.5415717],[-122.6118287,45.5415663],[-122.6119596,45.5415867],[-122.6120363,45.5416082],[-122.6121242,45.5416371],[-122.6122553,45.5416651],[-122.6124082,45.5416928],[-122.6125386,45.541698],[-122.6127459,45.5417323],[-122.6129202,45.5417519],[-122.6131479,45.5417478],[-122.6133537,45.5417363],[-122.6134923,45.5416652],[-122.6135674,45.541641],[-122.6137078,45.5416231],[-122.6138155,45.5415983],[-122.6138917,45.5416045],[-122.6147163,45.5416046],[-122.6148356,45.5416024],[-122.6148432,45.5415108],[-122.6148438,45.5405887],[-122.6148446,45.5390493],[-122.6148425,45.5383635],[-122.6148552,45.5377918],[-122.6148547,45.5365268],[-122.6148719,45.5351471],[-122.614868,45.5337831],[-122.6138586,45.5337713],[-122.6128387,45.5337672],[-122.6125782,45.5337644],[-122.6122527,45.5337627],[-122.6118295,45.5337629],[-122.6115582,45.5337603],[-122.6111782,45.5337521],[-122.6110806,45.5337538],[-122.6109831,45.5337556],[-122.6108093,45.5337512],[-122.6100932,45.5337492],[-122.6098978,45.5337451],[-122.6091275,45.5337441],[-122.608726,45.5337438],[-122.6077603,45.5337387],[-122.6074781,45.5337363],[-122.6067512,45.5337344],[-122.6057315,45.5337379],[-122.6052105,45.5337322],[-122.6048633,45.533731],[-122.6048607,45.5336548],[-122.604889,45.532275],[-122.6048863,45.5321989],[-122.604953,45.5319309],[-122.6049759,45.5310237],[-122.6049871,45.5304062],[-122.6050252,45.5302531],[-122.6050319,45.5301311],[-122.6050285,45.5300321],[-122.6050372,45.5284011],[-122.6047012,45.5277824],[-122.6046823,45.5272341],[-122.6046898,45.52651],[-122.605308,45.5265063],[-122.6053198,45.5255916],[-122.6053311,45.5249742],[-122.6053291,45.5242884],[-122.6062836,45.5242861],[-122.6073359,45.5242896],[-122.607435,45.5243335],[-122.6075342,45.5243774],[-122.6087711,45.5243851],[-122.6101486,45.5243826],[-122.6119275,45.5243803],[-122.6119248,45.524929],[-122.6119306,45.5250966],[-122.6126141,45.5250992],[-122.6126115,45.5250231],[-122.6126083,45.5249317],[-122.612617,45.5248705],[-122.6126216,45.5246876],[-122.6127733,45.5246848],[-122.6128278,45.5246914],[-122.6130338,45.5246876],[-122.6132292,45.5246916],[-122.6133484,45.5246894],[-122.6133571,45.5246283],[-122.6133516,45.5244683],[-122.6133492,45.5243998],[-122.6149005,45.5244017],[-122.6149021,45.5238225],[-122.6148997,45.5237539],[-122.6148949,45.522992],[-122.6150697,45.5230268],[-122.6151903,45.5230627],[-122.6153108,45.5230986],[-122.6153981,45.5231122],[-122.6154856,45.5231335],[-122.615594,45.5231315],[-122.6157786,45.5231357],[-122.6160715,45.5231379],[-122.616053,45.5219799],[-122.6173335,45.5219943],[-122.6173427,45.521636],[-122.6175489,45.5216398],[-122.6177441,45.5216362],[-122.6179394,45.5216402],[-122.6180587,45.521638],[-122.6181346,45.5216366],[-122.6182863,45.5216338],[-122.6183728,45.5216246],[-122.6184484,45.5216156],[-122.6185349,45.5216063],[-122.6186213,45.5215971],[-122.6187075,45.5215803],[-122.618772,45.5215638],[-122.6188582,45.521547],[-122.6189333,45.5215228],[-122.6190406,45.5214903],[-122.619116,45.5214737],[-122.6192019,45.5214492],[-122.6193418,45.5214161],[-122.6194171,45.5213995],[-122.6195467,45.5213819],[-122.6196979,45.5213638],[-122.619828,45.5213614],[-122.6200665,45.521357],[-122.6202619,45.521361],[-122.620457,45.5213574],[-122.6206524,45.5213614],[-122.6208477,45.5213654],[-122.6209453,45.5213636],[-122.6210429,45.5213618],[-122.6212382,45.5213658],[-122.6213358,45.521364],[-122.6214334,45.5213622],[-122.6216288,45.5213662],[-122.6218239,45.5213625],[-122.6220193,45.5213665],[-122.6222144,45.5213629],[-122.6223122,45.5213687],[-122.6224206,45.5213667],[-122.6226049,45.5213633],[-122.6225962,45.5214244],[-122.6226036,45.5216377],[-122.6225957,45.5217217],[-122.6229537,45.5217226],[-122.622948,45.5228049],[-122.6231214,45.5228017],[-122.6234789,45.5227874],[-122.6236735,45.5227686],[-122.6238464,45.5227501],[-122.6240407,45.5227237],[-122.624235,45.5226972],[-122.6244183,45.5226633],[-122.6245904,45.522622],[-122.6247842,45.5225803],[-122.6249671,45.5225388],[-122.625387,45.5224472],[-122.6258827,45.5223542],[-122.6263248,45.5222774],[-122.626843,45.5222068],[-122.6271674,45.5221779],[-122.6274487,45.5221574],[-122.6277414,45.522152],[-122.6278609,45.5221574],[-122.6279915,45.5221702],[-122.6281226,45.5221983],[-122.6282649,45.5222337],[-122.6284285,45.5222612],[-122.6286461,45.52228],[-122.6288085,45.5222693],[-122.6289166,45.5222597],[-122.6290242,45.5222349],[-122.6291532,45.522202],[-122.6293253,45.5221607],[-122.629401,45.5221516],[-122.6294983,45.5221422],[-122.6298015,45.522129],[-122.6316131,45.5221334],[-122.6316176,45.5228801],[-122.6316111,45.5236271],[-122.6316034,45.5243359],[-122.6330137,45.5243402],[-122.634424,45.5243444],[-122.6344163,45.5250533],[-122.6344089,45.5257698],[-122.634412,45.5264785],[-122.6343934,45.5271875],[-122.6343968,45.5279038],[-122.6343893,45.5286203],[-122.6343927,45.5293366],[-122.634385,45.5300455],[-122.6343906,45.5302054],[-122.6344274,45.5303267],[-122.6345186,45.5304545],[-122.6345977,45.5305445],[-122.6347914,45.5308076],[-122.6352636,45.5306617],[-122.6354143,45.5306284],[-122.6355865,45.5305871],[-122.6357697,45.5305532],[-122.6361473,45.5304928],[-122.6364395,45.5304721],[-122.637035,45.5304381],[-122.6422986,45.5301875],[-122.6447572,45.5300729],[-122.6447506,45.530195],[-122.644756,45.5303473],[-122.6447504,45.5308046],[-122.6447523,45.5314753],[-122.6447555,45.5321839],[-122.6447479,45.5328928],[-122.6447406,45.5336094],[-122.6447236,45.5340517],[-122.6447224,45.5343261],[-122.6447256,45.5350348],[-122.6465596,45.5350462],[-122.6483499,45.5350508],[-122.6493699,45.5350545],[-122.6503788,45.5350508],[-122.6513987,45.5350546],[-122.6524079,45.5350585],[-122.6534279,45.5350622],[-122.6544479,45.5350659],[-122.655457,45.5350698],[-122.656477,45.5350735],[-122.6574861,45.5350774],[-122.6585061,45.5350811],[-122.6595261,45.5350847],[-122.660535,45.535081],[-122.6615446,45.5351001],[-122.6625646,45.5351037],[-122.6635738,45.5351075],[-122.6645938,45.5351111],[-122.6645861,45.5358124],[-122.6635769,45.5358086],[-122.663559,45.5365254],[-122.6640797,45.5365232],[-122.6640672,45.5370874],[-122.6615281,45.5370819],[-122.6615261,45.5379431],[-122.6615214,45.5387282],[-122.6615097,45.5390104],[-122.661508,45.5395744],[-122.6615003,45.5399709],[-122.6614948,45.5404282],[-122.661491,45.5409313],[-122.6614926,45.5412818],[-122.6614819,45.5418994],[-122.6614792,45.5421281],[-122.6614726,45.5428598],[-122.6614769,45.5429817],[-122.6614637,45.5438355],[-122.6614667,45.5439193],[-122.6614889,45.5442389],[-122.6614924,45.5446428],[-122.6613422,45.5446914],[-122.6584553,45.5446771],[-122.658453,45.5452258],[-122.6584421,45.5455309],[-122.6584398,45.5463845],[-122.6584353,45.5471772],[-122.6584286,45.5479089],[-122.6584175,45.5482064],[-122.6584527,45.5482819],[-122.6575301,45.5482764],[-122.6565533,45.5482719],[-122.656347,45.5482681],[-122.6555764,45.5482674],[-122.6545999,45.5482704],[-122.6543177,45.5482681],[-122.65434,45.5467511],[-122.6543464,45.5460117],[-122.6548453,45.5460024],[-122.6549103,45.5460011],[-122.6552359,45.5460027],[-122.6553555,45.546008],[-122.6553708,45.5452152],[-122.654351,45.5452191],[-122.6533308,45.5452153],[-122.6523215,45.5452114],[-122.6513014,45.5452076],[-122.6502921,45.5452037],[-122.6492716,45.5451923],[-122.648219,45.5451891],[-122.6471663,45.545186],[-122.6461461,45.5451822],[-122.6451368,45.5451782],[-122.6440841,45.545175],[-122.6430206,45.545172],[-122.6420113,45.5451679],[-122.6409589,45.5451723],[-122.6409804,45.5467114],[-122.6409691,45.5482434],[-122.6409574,45.5494553],[-122.6409061,45.5507747],[-122.6404982,45.5505917],[-122.6402573,45.5508401],[-122.6402304,45.5510006],[-122.6400714,45.5511103],[-122.6396788,45.5516739],[-122.6392238,45.5523149],[-122.6388312,45.5528786],[-122.6387797,45.5529557],[-122.6387842,45.5530852],[-122.6377748,45.5530811],[-122.6367548,45.5530848],[-122.6357345,45.5530809],[-122.6347251,45.5530768],[-122.6336937,45.5530655],[-122.6336837,45.5543307],[-122.6336673,45.5554132],[-122.6331462,45.5554076],[-122.6326145,45.5554099],[-122.6320934,45.5554043],[-122.6315614,45.5553989],[-122.6310297,45.5554012]]]}},{"type":"Feature","properties":{"boundary_id":"current-high-4","school_name":"Jefferson High School","review_status":"unverified","school_candidates":["Jefferson High School"],"name_status":"pdf-label-match","source_label":"Jefferson High School Mandarin Immersion"},"geometry":{"type":"Polygon","coordinates":[[[-122.7128919,45.6363684],[-122.7060166,45.6334736],[-122.6987927,45.6290304],[-122.6910304,45.6249933],[-122.6881075,45.6234785],[-122.6825079,45.6209396],[-122.6771952,45.6188143],[-122.6747922,45.6178458],[-122.6678663,45.6152474],[-122.6606113,45.6131578],[-122.6488003,45.6093846],[-122.643363,45.6079766],[-122.6350297,45.6066829],[-122.635026,45.6065762],[-122.6349255,45.6009236],[-122.634976,45.6005035],[-122.6349839,45.6004195],[-122.6350553,45.5993589],[-122.6352103,45.5982054],[-122.6353924,45.596274],[-122.6354044,45.595687],[-122.6355033,45.5954108],[-122.6355096,45.5943514],[-122.6349013,45.5943474],[-122.6345972,45.5943454],[-122.6335005,45.5943504],[-122.6317087,45.5943531],[-122.6304162,45.5943464],[-122.630424,45.590536],[-122.6202261,45.5892531],[-122.6200951,45.5892326],[-122.6202155,45.5845819],[-122.6202172,45.583073],[-122.6202156,45.5786608],[-122.6212908,45.5780466],[-122.6220256,45.5776368],[-122.6220582,45.5754568],[-122.6232776,45.5752438],[-122.6241823,45.5750366],[-122.6241721,45.5741223],[-122.6241665,45.5733375],[-122.6241645,45.5726593],[-122.6241481,45.5724996],[-122.6241406,45.5716615],[-122.6245859,45.571356],[-122.6245838,45.570053],[-122.624323,45.5700425],[-122.6243156,45.5682747],[-122.6241933,45.5681931],[-122.6241965,45.5664175],[-122.6244569,45.5664127],[-122.624458,45.565201],[-122.6243466,45.5651192],[-122.6243635,45.5646693],[-122.6242817,45.5645031],[-122.6242827,45.5639087],[-122.6253463,45.5639043],[-122.6264099,45.5638999],[-122.6274303,45.5639039],[-122.6274338,45.5627607],[-122.6264137,45.5627643],[-122.6257411,45.5627768],[-122.6254371,45.5627748],[-122.6253287,45.5627768],[-122.624276,45.562781],[-122.6232669,45.562792],[-122.6222578,45.562803],[-122.6212379,45.5628142],[-122.620576,45.5628188],[-122.6202286,45.5628175],[-122.6201418,45.5628191],[-122.6200008,45.5628217],[-122.6187198,45.5628149],[-122.6181769,45.5628096],[-122.617352,45.5628096],[-122.616744,45.5628055],[-122.6149092,45.5627935],[-122.6148333,45.5627949],[-122.6145184,45.5627931],[-122.6142144,45.5627911],[-122.6140951,45.5627933],[-122.6139972,45.5627874],[-122.6140457,45.5604318],[-122.6146862,45.5604353],[-122.6146936,45.5600237],[-122.6147003,45.5592767],[-122.6146751,45.5591781],[-122.6146397,45.559095],[-122.61465,45.5584546],[-122.614654,45.5582564],[-122.6146755,45.5573111],[-122.6146755,45.5569987],[-122.6146755,45.5566862],[-122.614693,45.5556267],[-122.614712,45.5555501],[-122.6147308,45.5554659],[-122.6147459,45.5546503],[-122.6147581,45.5537508],[-122.6201309,45.5537738],[-122.6202277,45.5537491],[-122.6203896,45.5537233],[-122.6212467,45.5537151],[-122.6222559,45.5537117],[-122.6232759,45.5537081],[-122.6234277,45.5537053],[-122.6242851,45.5537047],[-122.6253588,45.5536848],[-122.6264553,45.553695],[-122.6274647,45.5536992],[-122.6284847,45.5536956],[-122.6294939,45.5536921],[-122.6305142,45.5536961],[-122.6305144,45.554321],[-122.6305021,45.5552128],[-122.6305088,45.5554032],[-122.6306281,45.555401],[-122.6310297,45.5554012],[-122.6315614,45.5553989],[-122.6320934,45.5554043],[-122.6326145,45.5554099],[-122.6331462,45.5554076],[-122.6336673,45.5554132],[-122.6336837,45.5543307],[-122.6336937,45.5530655],[-122.6347251,45.5530768],[-122.6357345,45.5530809],[-122.6367548,45.5530848],[-122.6377748,45.5530811],[-122.6387842,45.5530852],[-122.6387797,45.5529557],[-122.6388312,45.5528786],[-122.6392238,45.5523149],[-122.6396788,45.5516739],[-122.6400714,45.5511103],[-122.6402304,45.5510006],[-122.6402573,45.5508401],[-122.6404982,45.5505917],[-122.6409061,45.5507747],[-122.6409574,45.5494553],[-122.6409691,45.5482434],[-122.6409804,45.5467114],[-122.6409589,45.5451723],[-122.6420113,45.5451679],[-122.6430206,45.545172],[-122.6440841,45.545175],[-122.6451368,45.5451782],[-122.6461461,45.5451822],[-122.6471663,45.545186],[-122.648219,45.5451891],[-122.6492716,45.5451923],[-122.6502921,45.5452037],[-122.6513014,45.5452076],[-122.6523215,45.5452114],[-122.6533308,45.5452153],[-122.654351,45.5452191],[-122.6553708,45.5452152],[-122.6553555,45.546008],[-122.6552359,45.5460027],[-122.6549103,45.5460011],[-122.6548453,45.5460024],[-122.6543464,45.5460117],[-122.65434,45.5467511],[-122.6543177,45.5482681],[-122.6545999,45.5482704],[-122.6555764,45.5482674],[-122.656347,45.5482681],[-122.6565533,45.5482719],[-122.6575301,45.5482764],[-122.6584527,45.5482819],[-122.6584175,45.5482064],[-122.6584286,45.5479089],[-122.6584353,45.5471772],[-122.6584398,45.5463845],[-122.6584421,45.5455309],[-122.658453,45.5452258],[-122.6584553,45.5446771],[-122.6613422,45.5446914],[-122.6614924,45.5446428],[-122.6614889,45.5442389],[-122.6614667,45.5439193],[-122.6614637,45.5438355],[-122.6614769,45.5429817],[-122.6614726,45.5428598],[-122.6614792,45.5421281],[-122.6614819,45.5418994],[-122.6614926,45.5412818],[-122.661491,45.5409313],[-122.6614948,45.5404282],[-122.6615003,45.5399709],[-122.661508,45.5395744],[-122.6615097,45.5390104],[-122.6615214,45.5387282],[-122.6615261,45.5379431],[-122.6615281,45.5370819],[-122.6640672,45.5370874],[-122.6640797,45.5365232],[-122.663559,45.5365254],[-122.6635769,45.5358086],[-122.6645861,45.5358124],[-122.6645938,45.5351111],[-122.6656137,45.5351148],[-122.6666768,45.5351099],[-122.6668831,45.5351136],[-122.6683148,45.5351018],[-122.6711113,45.5335018],[-122.6713663,45.5333521],[-122.6718138,45.5331227],[-122.671984,45.533028],[-122.6721011,45.5329648],[-122.6724201,45.5327834],[-122.6738669,45.5319786],[-122.6740583,45.5318683],[-122.6743941,45.5321592],[-122.6747953,45.5324564],[-122.6780823,45.5348786],[-122.6785616,45.5352354],[-122.6798614,45.5360871],[-122.6828397,45.5380578],[-122.6844422,45.5391782],[-122.6868968,45.5410597],[-122.688124,45.5419966],[-122.6906121,45.5439003],[-122.6908911,45.544116],[-122.6909359,45.5441533],[-122.6913063,45.5444968],[-122.6930018,45.5460802],[-122.6948216,45.5477984],[-122.6949786,45.5479403],[-122.6978329,45.5503551],[-122.7001421,45.5514923],[-122.7019971,45.5520741],[-122.7026669,45.5522899],[-122.7088827,45.5546096],[-122.7104546,45.5551587],[-122.7113341,45.5554695],[-122.7169974,45.5577994],[-122.7183086,45.5583382],[-122.7187947,45.5585727],[-122.7225179,45.5603682],[-122.7233619,45.5608931],[-122.7266507,45.5629713],[-122.7299947,45.5650712],[-122.7312951,45.5661969],[-122.7238618,45.5707312],[-122.7216275,45.5728704],[-122.7212569,45.573129],[-122.7210889,45.5732847],[-122.7212347,45.5734115],[-122.7211487,45.573436],[-122.7210527,45.5734836],[-122.7209888,45.5735153],[-122.7208294,45.5736098],[-122.7207445,45.5736648],[-122.7206699,45.5737044],[-122.7205631,45.5737522],[-122.7202752,45.5738949],[-122.7200184,45.573999],[-122.7189037,45.5743939],[-122.7186464,45.5744827],[-122.7183668,45.5745567],[-122.7179468,45.5746486],[-122.7156815,45.5750505],[-122.7140844,45.5753175],[-122.7133136,45.575317],[-122.7127272,45.5753131],[-122.7122924,45.5752985],[-122.7119883,45.5752968],[-122.7108898,45.5752416],[-122.7098238,45.5751859],[-122.7088444,45.5751208],[-122.7085609,45.5750881],[-122.708332,45.5750621],[-122.7080371,45.5750144],[-122.7077642,45.5749739],[-122.7066688,45.5747052],[-122.7056714,45.5744423],[-122.7046511,45.5741494],[-122.7043324,45.5740411],[-122.7040907,45.5739619],[-122.7038262,45.5738527],[-122.7036278,45.5737726],[-122.7033177,45.5736032],[-122.7026197,45.5732126],[-122.7026231,45.5736089],[-122.702628,45.5746454],[-122.7026184,45.5758803],[-122.7026171,45.5770464],[-122.7025664,45.5771465],[-122.7019694,45.5771503],[-122.7012745,45.5771483],[-122.7008294,45.5771492],[-122.7002647,45.5771447],[-122.6997111,45.5771477],[-122.6991247,45.5771436],[-122.6987121,45.5771439],[-122.6979849,45.5771501],[-122.6977025,45.5771479],[-122.6973117,45.5771477],[-122.697051,45.5771451],[-122.6963019,45.5771441],[-122.6952923,45.5771481],[-122.6946625,45.5771449],[-122.6942716,45.5771447],[-122.693251,45.5771413],[-122.6922303,45.5771379],[-122.6917309,45.5771397],[-122.6912099,45.577142],[-122.6906997,45.5771441],[-122.6901786,45.5771464],[-122.6899071,45.5771439],[-122.6896681,45.5771408],[-122.6893752,45.5771464],[-122.6891471,45.5771431],[-122.6888433,45.5771489],[-122.6886369,45.5771452],[-122.6883006,45.5771516],[-122.6881158,45.5771475],[-122.6877684,45.5771465],[-122.6876056,45.5771495],[-122.6872259,45.5771568],[-122.6866718,45.5771444],[-122.6860531,45.5771485],[-122.6855968,45.5771419],[-122.685043,45.5771372],[-122.6845219,45.5771395],[-122.6840226,45.5771413],[-122.683013,45.5771452],[-122.6819926,45.5771493],[-122.6818082,45.5771528],[-122.6799862,45.5772101],[-122.6796279,45.5772093],[-122.6785321,45.57723],[-122.6784989,45.5778175],[-122.6784674,45.5799749],[-122.6784801,45.5812399],[-122.6784844,45.5813617],[-122.6784836,45.5816437],[-122.6785369,45.5822219],[-122.6785964,45.5826705],[-122.6787131,45.5832018],[-122.678909,45.583823],[-122.6790173,45.5841182],[-122.6792656,45.5846851],[-122.6793712,45.5849041],[-122.6803142,45.5869822],[-122.6806328,45.5876926],[-122.6809045,45.5883048],[-122.6813833,45.5883338],[-122.6821009,45.5883584],[-122.6822316,45.5883711],[-122.6823621,45.5883763],[-122.682953,45.5885023],[-122.6832376,45.5885655],[-122.6842946,45.5889723],[-122.6853314,45.5894175],[-122.6865783,45.5896683],[-122.6881519,45.5899433],[-122.689677,45.5903793],[-122.6903491,45.5906485],[-122.6906798,45.5907871],[-122.6920875,45.5912786],[-122.6942547,45.5920529],[-122.6962684,45.5927844],[-122.6982902,45.5934394],[-122.699971,45.5939714],[-122.7014292,45.5943552],[-122.7021203,45.5945478],[-122.7024275,45.5946334],[-122.70355,45.5947415],[-122.7037559,45.59473],[-122.7047752,45.5946876],[-122.7058524,45.5947433],[-122.7069921,45.5950264],[-122.7080369,45.5953875],[-122.7090914,45.5957179],[-122.7092673,45.5957755],[-122.7100033,45.5960053],[-122.7112607,45.5962404],[-122.7120479,45.5963853],[-122.7123649,45.5964402],[-122.7124525,45.5964614],[-122.7131025,45.5967157],[-122.7137792,45.5971067],[-122.7147893,45.5977047],[-122.7155347,45.5981935],[-122.7158575,45.5984083],[-122.7159017,45.5984303],[-122.7159462,45.5984599],[-122.7159908,45.5984896],[-122.7160464,45.5985266],[-122.7161021,45.5985637],[-122.7161577,45.5986007],[-122.7162022,45.5986303],[-122.7162359,45.5986602],[-122.7163024,45.598697],[-122.7163581,45.598734],[-122.7164137,45.5987711],[-122.7164694,45.5988081],[-122.716525,45.5988452],[-122.7165807,45.5988822],[-122.7166366,45.5989269],[-122.7166923,45.5989639],[-122.7167479,45.599001],[-122.7168036,45.599038],[-122.7168701,45.5990748],[-122.7169037,45.5991047],[-122.716948,45.5991267],[-122.7169925,45.5991563],[-122.717037,45.599186],[-122.7170927,45.599223],[-122.7171483,45.59926],[-122.717204,45.5992971],[-122.7172705,45.5993339],[-122.717315,45.5993635],[-122.7173487,45.5993934],[-122.7174149,45.5994226],[-122.7174705,45.5994596],[-122.7175262,45.5994967],[-122.7175927,45.5995335],[-122.7176484,45.5995706],[-122.717704,45.5996076],[-122.7177702,45.5996368],[-122.7178148,45.5996664],[-122.7178593,45.5996961],[-122.7179147,45.5997255],[-122.7179592,45.5997551],[-122.7180037,45.5997848],[-122.7180699,45.599814],[-122.7181145,45.5998436],[-122.7181587,45.5998656],[-122.7182144,45.5999027],[-122.7182809,45.5999395],[-122.7183365,45.5999765],[-122.7183808,45.5999986],[-122.7184253,45.6000282],[-122.7184809,45.6000652],[-122.7185472,45.6000944],[-122.7186028,45.6001315],[-122.7186585,45.6001685],[-122.7187144,45.6002132],[-122.7187587,45.6002352],[-122.7188032,45.6002648],[-122.7188588,45.6003019],[-122.7189253,45.6003387],[-122.718981,45.6003757],[-122.7190472,45.600405],[-122.7191135,45.6004342],[-122.7191797,45.6004634],[-122.7192456,45.600485],[-122.7193224,45.6005064],[-122.7193775,45.6005282],[-122.7194324,45.6005424],[-122.7194983,45.600564],[-122.7195751,45.6005854],[-122.7196411,45.600607],[-122.7197179,45.6006283],[-122.7197838,45.6006499],[-122.7198607,45.6006713],[-122.7199372,45.6006851],[-122.7200031,45.6007067],[-122.7200799,45.6007281],[-122.7201459,45.6007497],[-122.7202227,45.6007711],[-122.7202992,45.6007849],[-122.7203652,45.6008065],[-122.720442,45.6008278],[-122.7205188,45.6008492],[-122.7205848,45.6008708],[-122.7206616,45.6008922],[-122.7207275,45.6009138],[-122.7208043,45.6009352],[-122.7208811,45.6009566],[-122.7209468,45.6009706],[-122.7210236,45.600992],[-122.7211002,45.6010057],[-122.721177,45.6010271],[-122.7212426,45.6010411],[-122.7213192,45.6010549],[-122.7213954,45.601061],[-122.721472,45.6010748],[-122.7215482,45.601081],[-122.7216247,45.6010947],[-122.7217118,45.6011007],[-122.7217881,45.6011068],[-122.7218643,45.601113],[-122.7219406,45.6011191],[-122.7220169,45.6011253],[-122.7220931,45.6011315],[-122.7221694,45.6011376],[-122.7222562,45.6011359],[-122.7223324,45.6011421],[-122.722409,45.6011559],[-122.7224852,45.601162],[-122.7225615,45.6011682],[-122.7226377,45.6011743],[-122.722714,45.6011805],[-122.7228011,45.6011864],[-122.7228773,45.6011926],[-122.7229536,45.6011987],[-122.7230299,45.6012049],[-122.7231058,45.6012034],[-122.7231821,45.6012096],[-122.7232583,45.6012157],[-122.7233452,45.6012141],[-122.7234214,45.6012202],[-122.7234974,45.6012188],[-122.7235734,45.6012173],[-122.7236496,45.6012234],[-122.7237365,45.6012218],[-122.7238124,45.6012203],[-122.7238884,45.6012188],[-122.7239644,45.6012174],[-122.7240404,45.6012159],[-122.7241275,45.6012219],[-122.7242034,45.6012204],[-122.7242794,45.6012189],[-122.7243557,45.6012251],[-122.7244316,45.6012236],[-122.7245187,45.6012296],[-122.724595,45.6012357],[-122.724671,45.6012343],[-122.7247472,45.6012404],[-122.7248235,45.6012466],[-122.7248997,45.6012527],[-122.724976,45.6012589],[-122.7250631,45.6012648],[-122.7251393,45.601271],[-122.7252156,45.6012771],[-122.7252919,45.6012833],[-122.7253684,45.601297],[-122.7254446,45.6013032],[-122.7255212,45.601317],[-122.7255974,45.6013231],[-122.725674,45.6013369],[-122.7257505,45.6013507],[-122.725827,45.6013644],[-122.7259036,45.6013782],[-122.7259804,45.6013996],[-122.726046,45.6014136],[-122.7261226,45.6014273],[-122.7261994,45.6014487],[-122.7262762,45.6014701],[-122.7263419,45.6014841],[-122.7264187,45.6015055],[-122.7264955,45.6015269],[-122.7265615,45.6015484],[-122.7266383,45.6015698],[-122.7267042,45.6015914],[-122.7267813,45.6016204],[-122.7268473,45.601642],[-122.7269135,45.6016712],[-122.7269797,45.6017004],[-122.727046,45.6017297],[-122.7271122,45.6017589],[-122.7271784,45.6017881],[-122.7272447,45.6018173],[-122.7273003,45.6018543],[-122.7273554,45.6018761],[-122.7273997,45.6018981],[-122.7274662,45.601935],[-122.7275216,45.6019644],[-122.7275881,45.6020012],[-122.7276543,45.6020304],[-122.72771,45.6020675],[-122.7277762,45.6020967],[-122.7278319,45.6021337],[-122.7278981,45.6021629],[-122.7279538,45.6022],[-122.7280203,45.6022368],[-122.7280757,45.6022662],[-122.7281422,45.602303],[-122.7281979,45.6023401],[-122.7282535,45.6023771],[-122.7283201,45.6024139],[-122.7283754,45.6024434],[-122.72842,45.602473],[-122.7284645,45.6025026],[-122.7285202,45.6025396],[-122.7285644,45.6025617],[-122.7286089,45.6025913],[-122.7286755,45.6026281],[-122.7287311,45.6026652],[-122.7287868,45.6027022],[-122.728853,45.6027314],[-122.7288975,45.602761],[-122.7289421,45.6027907],[-122.7289975,45.6028201],[-122.7290531,45.6028571],[-122.7291196,45.6028939],[-122.7291753,45.602931],[-122.729231,45.602968],[-122.7292866,45.6030051],[-122.7293531,45.6030419],[-122.7294085,45.6030713],[-122.7294748,45.6031005],[-122.729541,45.6031297],[-122.7296181,45.6031587],[-122.7296841,45.6031803],[-122.7297609,45.6032017],[-122.7298268,45.6032233],[-122.7299036,45.6032447],[-122.7299805,45.6032661],[-122.7300461,45.60328],[-122.730123,45.6033014],[-122.7301995,45.6033152],[-122.7302757,45.6033213],[-122.7303523,45.6033351],[-122.7304285,45.6033412],[-122.7305051,45.603355],[-122.7305813,45.6033612],[-122.7306576,45.6033673],[-122.730723,45.6033737],[-122.7307773,45.6033726],[-122.7308535,45.6033788],[-122.7309298,45.6033849],[-122.731006,45.6033911],[-122.7310931,45.603397],[-122.7311697,45.6034108],[-122.7312459,45.6034169],[-122.7313222,45.6034231],[-122.7313984,45.6034292],[-122.7314747,45.6034354],[-122.7315398,45.6034341],[-122.7315944,45.6034407],[-122.7316706,45.6034468],[-122.7317469,45.603453],[-122.7318231,45.6034591],[-122.7318994,45.6034653],[-122.7319865,45.6034712],[-122.7320628,45.6034774],[-122.7321173,45.6034839],[-122.7321716,45.6034829],[-122.7322587,45.6034888],[-122.732335,45.603495],[-122.7324112,45.6035011],[-122.7324875,45.6035073],[-122.7325637,45.6035134],[-122.7326183,45.60352],[-122.7326837,45.6035263],[-122.7327599,45.6035325],[-122.7328362,45.6035386],[-122.7329125,45.6035448],[-122.7329887,45.6035509],[-122.7330758,45.6035569],[-122.7331521,45.603563],[-122.7332283,45.6035692],[-122.7333046,45.6035753],[-122.7333809,45.6035815],[-122.7334571,45.6035876],[-122.7335334,45.6035938],[-122.7336096,45.6035999],[-122.7336967,45.6036058],[-122.733773,45.603612],[-122.7338492,45.6036181],[-122.7339255,45.6036243],[-122.7340018,45.6036304],[-122.7340783,45.6036442],[-122.7341546,45.6036503],[-122.7342308,45.6036565],[-122.7343074,45.6036703],[-122.7343839,45.603684],[-122.7344601,45.6036902],[-122.7345367,45.6037039],[-122.7346132,45.6037177],[-122.7346678,45.6037243],[-122.7347335,45.6037382],[-122.73481,45.603752],[-122.7348757,45.603766],[-122.7349522,45.6037797],[-122.7350287,45.6037935],[-122.7351053,45.6038073],[-122.7351818,45.603821],[-122.7352584,45.6038348],[-122.7353349,45.6038486],[-122.7354117,45.6038699],[-122.7354663,45.6038765],[-122.7355211,45.6038907],[-122.7355976,45.6039045],[-122.7356742,45.6039182],[-122.735751,45.6039396],[-122.7358167,45.6039536],[-122.7358935,45.6039749],[-122.73597,45.6039887],[-122.7360468,45.6040101],[-122.7361128,45.6040317],[-122.7361896,45.6040531],[-122.7362556,45.6040746],[-122.7363215,45.6040962],[-122.7363986,45.6041252],[-122.7364646,45.6041468],[-122.7365308,45.604176],[-122.7365971,45.6042052],[-122.7366636,45.6042421],[-122.7367299,45.6042713],[-122.7367852,45.6043007],[-122.7368518,45.6043375],[-122.736896,45.6043595],[-122.7369737,45.6044037],[-122.7370293,45.6044408],[-122.7370853,45.6044854],[-122.737141,45.6045225],[-122.7371858,45.6045597],[-122.7372306,45.6045969],[-122.7372643,45.6046268],[-122.7373199,45.6046638],[-122.7373756,45.6047008],[-122.7374316,45.6047455],[-122.7374872,45.6047825],[-122.7375429,45.6048196],[-122.7375986,45.6048566],[-122.7376542,45.6048936],[-122.7377102,45.6049383],[-122.7377659,45.6049753],[-122.7378107,45.6050126],[-122.7378666,45.6050572],[-122.7379117,45.6051021],[-122.7379674,45.6051391],[-122.7380125,45.605184],[-122.7380576,45.6052288],[-122.7381135,45.6052735],[-122.7381586,45.6053183],[-122.7382037,45.6053632],[-122.7382485,45.6054004],[-122.7382936,45.6054453],[-122.7383387,45.6054901],[-122.7383947,45.6055348],[-122.7384398,45.6055797],[-122.7384849,45.6056245],[-122.73853,45.6056694],[-122.7385751,45.6057142],[-122.7386202,45.6057591],[-122.7386653,45.605804],[-122.7387103,45.6058488],[-122.7387554,45.6058937],[-122.7387897,45.6059387],[-122.7388348,45.6059836],[-122.7388799,45.6060285],[-122.738925,45.6060733],[-122.7389704,45.6061258],[-122.7390152,45.606163],[-122.7390603,45.6062079],[-122.7391054,45.6062528],[-122.7391613,45.6062974],[-122.7392061,45.6063347],[-122.7392621,45.6063793],[-122.7392958,45.6064091],[-122.7393403,45.6064388],[-122.7393963,45.6064834],[-122.7394519,45.6065204],[-122.7395076,45.6065575],[-122.7395633,45.6065945],[-122.7396189,45.6066315],[-122.7396746,45.6066686],[-122.7397303,45.6067056],[-122.7397968,45.6067424],[-122.7398631,45.6067716],[-122.7399185,45.606801],[-122.739985,45.6068379],[-122.740051,45.6068595],[-122.7401172,45.6068887],[-122.7401943,45.6069177],[-122.7402603,45.6069392],[-122.7403154,45.606961],[-122.7403702,45.6069752],[-122.7404365,45.6070044],[-122.740513,45.6070182],[-122.7405898,45.6070396],[-122.7406555,45.6070535],[-122.7407321,45.6070673],[-122.7408086,45.6070811],[-122.7408849,45.6070872],[-122.7409614,45.607101],[-122.7410377,45.6071071],[-122.7411139,45.6071132],[-122.741201,45.6071192],[-122.7412773,45.6071253],[-122.7413319,45.6071319],[-122.7413973,45.6071382],[-122.7414735,45.6071444],[-122.7415498,45.6071505],[-122.7416261,45.6071567],[-122.7417023,45.6071628],[-122.7417786,45.607169],[-122.7418548,45.6071751],[-122.741942,45.607181],[-122.7420182,45.6071872],[-122.7420942,45.6071857],[-122.7421705,45.6071918],[-122.7422467,45.607198],[-122.742323,45.6072041],[-122.7424101,45.6072101],[-122.7424861,45.6072086],[-122.7425624,45.6072147],[-122.7426386,45.6072209],[-122.7427149,45.607227],[-122.7427911,45.6072332],[-122.7428783,45.6072391],[-122.7429545,45.6072452],[-122.7430308,45.6072514],[-122.7431071,45.6072575],[-122.7431833,45.6072637],[-122.7432599,45.6072774],[-122.7433361,45.6072836],[-122.7434127,45.6072973],[-122.7434889,45.6073035],[-122.7435655,45.6073172],[-122.7436423,45.6073386],[-122.7437083,45.6073602],[-122.7437848,45.6073739],[-122.7438616,45.6073953],[-122.7439276,45.6074169],[-122.7440044,45.6074383],[-122.7440704,45.6074599],[-122.7441472,45.6074812],[-122.744224,45.6075026],[-122.7442683,45.6075246],[-122.7443231,45.6075388],[-122.7444002,45.6075678],[-122.7444659,45.6075818],[-122.7445422,45.6075879],[-122.7446185,45.607594],[-122.7447056,45.6076],[-122.7447816,45.6075985],[-122.7448578,45.6076046],[-122.7449338,45.6076032],[-122.7450101,45.6076093],[-122.745086,45.6076078],[-122.7451729,45.6076061],[-122.7452489,45.6076047],[-122.7453251,45.6076108],[-122.7454011,45.6076093],[-122.7454879,45.6076076],[-122.7455639,45.6076062],[-122.7456399,45.6076047],[-122.7457159,45.6076032],[-122.7457922,45.6076093],[-122.745879,45.6076077],[-122.745955,45.6076062],[-122.7460421,45.6076121],[-122.7461083,45.6076413],[-122.7461746,45.6076705],[-122.7462409,45.6076997],[-122.7463071,45.6077289],[-122.7463731,45.6077505],[-122.7464502,45.6077795],[-122.7465164,45.6078087],[-122.7465827,45.6078379],[-122.7466489,45.6078671],[-122.7467152,45.6078963],[-122.7467814,45.6079255],[-122.7468477,45.6079547],[-122.7469139,45.6079839],[-122.7469693,45.6080133],[-122.7470356,45.6080425],[-122.7471021,45.6080793],[-122.7471578,45.6081164],[-122.7472241,45.6081456],[-122.7472797,45.6081826],[-122.7473357,45.6082272],[-122.7473914,45.6082643],[-122.747447,45.6083013],[-122.7474916,45.6083309],[-122.7475253,45.6083608],[-122.747581,45.6083978],[-122.7476366,45.6084348],[-122.7476926,45.6084795],[-122.7477483,45.6085165],[-122.747804,45.6085535],[-122.7478599,45.6085982],[-122.7478936,45.608628],[-122.7479381,45.6086576],[-122.7479832,45.6087025],[-122.7480389,45.6087395],[-122.7480946,45.6087765],[-122.7481506,45.6088212],[-122.7482062,45.6088582],[-122.7482619,45.6088952],[-122.7483176,45.6089323],[-122.7483733,45.6089693],[-122.7484398,45.6090061],[-122.7484952,45.6090355],[-122.7485615,45.6090647],[-122.7486277,45.6090939],[-122.748694,45.6091231],[-122.7487602,45.6091523],[-122.7488262,45.6091739],[-122.7488813,45.6091957],[-122.7489364,45.6092175],[-122.7490133,45.6092389],[-122.7490792,45.6092605],[-122.7491561,45.6092818],[-122.7492326,45.6092956],[-122.7492986,45.6093172],[-122.7493754,45.6093385],[-122.749452,45.6093523],[-122.7495285,45.609366],[-122.7496051,45.6093798],[-122.7496816,45.6093936],[-122.7497579,45.6093997],[-122.7498344,45.6094134],[-122.749911,45.6094272],[-122.7499655,45.6094338],[-122.7500201,45.6094403],[-122.7500963,45.6094465],[-122.7501729,45.6094602],[-122.75026,45.6094661],[-122.7503366,45.6094799],[-122.7504128,45.609486],[-122.7504894,45.6094998],[-122.7505656,45.6095059],[-122.7506419,45.6095121],[-122.7507182,45.6095182],[-122.7507944,45.6095243],[-122.750871,45.6095381],[-122.7509473,45.6095442],[-122.7510235,45.6095504],[-122.7511109,45.6095639],[-122.7511763,45.6095703],[-122.7512529,45.609584],[-122.7513294,45.6095978],[-122.751406,45.6096115],[-122.7514828,45.6096329],[-122.7515594,45.6096466],[-122.7516362,45.609668],[-122.7516907,45.6096746],[-122.7517456,45.6096887],[-122.7518116,45.6097103],[-122.7518884,45.6097317],[-122.7519652,45.6097531],[-122.7520315,45.6097823],[-122.7520974,45.6098039],[-122.7521743,45.6098252],[-122.7522405,45.6098544],[-122.7523068,45.6098836],[-122.7523728,45.6099052],[-122.752439,45.6099344],[-122.7525053,45.6099636],[-122.7525715,45.6099928],[-122.7526378,45.610022],[-122.752704,45.6100512],[-122.7527703,45.6100804],[-122.7528366,45.6101096],[-122.7528917,45.6101314],[-122.7529359,45.6101534],[-122.7530022,45.6101826],[-122.7530793,45.6102116],[-122.7531456,45.6102408],[-122.7532118,45.61027],[-122.7532778,45.6102916],[-122.7533441,45.6103207],[-122.7534323,45.6103571],[-122.7534983,45.6103787],[-122.7538583,45.6101278],[-122.7546107,45.6096177],[-122.7553314,45.609131],[-122.7558826,45.608762],[-122.7555584,45.6082195],[-122.7552809,45.6077676],[-122.754713,45.606803],[-122.7548227,45.6068313],[-122.7551157,45.6068256],[-122.7552791,45.6068377],[-122.7553874,45.6068279],[-122.7554945,45.6067877],[-122.7555674,45.6067024],[-122.7556937,45.6065933],[-122.7551634,45.6063521],[-122.7546773,45.6061329],[-122.7548919,45.6060601],[-122.7551618,45.6060167],[-122.756132,45.6058148],[-122.757254,45.60561],[-122.7582921,45.605483],[-122.7590773,45.6055667],[-122.7600504,45.6057382],[-122.7610631,45.6060996],[-122.7617025,45.6063538],[-122.7623857,45.6066149],[-122.7630443,45.6068002],[-122.7639626,45.6069575],[-122.7650289,45.6070052],[-122.7657444,45.6069683],[-122.7662943,45.6068584],[-122.7663291,45.6069187],[-122.7664903,45.6068698],[-122.7666088,45.6068446],[-122.7667268,45.6068042],[-122.7670813,45.6066982],[-122.7676912,45.6064499],[-122.7679517,45.6064448],[-122.7680931,45.6064496],[-122.7682451,45.6064466],[-122.7685927,45.6064474],[-122.7690269,45.6064389],[-122.7693745,45.6064397],[-122.7699067,45.6064369],[-122.7705802,45.6064389],[-122.7711452,45.606443],[-122.7718079,45.6064452],[-122.7727311,45.6064423],[-122.7736217,45.6064401],[-122.7743386,45.6064412],[-122.7750553,45.6064347],[-122.7754341,45.6063968],[-122.7761499,45.6063674],[-122.7763775,45.6063553],[-122.7768314,45.606293],[-122.7780503,45.6060632],[-122.7784713,45.6059939],[-122.7790575,45.6059823],[-122.7792511,45.6059328],[-122.7808621,45.6057333],[-122.7830376,45.6055226],[-122.7836062,45.6064947],[-122.7852889,45.6093658],[-122.7860059,45.6105255],[-122.7875797,45.6130938],[-122.7881699,45.6140579],[-122.7882507,45.6141859],[-122.7884602,45.6145552],[-122.7890656,45.6156334],[-122.7892281,45.6159122],[-122.7897984,45.6169224],[-122.7905694,45.6195142],[-122.7924831,45.6201318],[-122.7917536,45.6218234],[-122.7908361,45.6248755],[-122.7903819,45.6263786],[-122.7902883,45.6279355],[-122.7888295,45.6313337],[-122.7879857,45.6328826],[-122.7867944,45.634728],[-122.7819257,45.6347248],[-122.7806,45.6347281],[-122.7796435,45.634724],[-122.773819,45.6347317],[-122.7731994,45.6347287],[-122.7726562,45.6347317],[-122.7718194,45.6347329],[-122.7703091,45.6347396],[-122.769581,45.6347386],[-122.7670928,45.6347492],[-122.7666799,45.6347497],[-122.7630506,45.6347596],[-122.7598668,45.6347684],[-122.7597691,45.6347703],[-122.7570845,45.6347616],[-122.7569214,45.6347572],[-122.756791,45.6347597],[-122.7567039,45.6347538],[-122.7563344,45.6347534],[-122.7533452,45.6347353],[-122.7525411,45.6347357],[-122.7523565,45.6347393],[-122.7484986,45.634738],[-122.7433147,45.6347317],[-122.7432035,45.6455803],[-122.7366336,45.6433747],[-122.7275563,45.6406454],[-122.7194936,45.6383001],[-122.7128919,45.6363684]]]}},{"type":"Feature","properties":{"boundary_id":"current-high-5","school_name":"McDaniel High School","review_status":"unverified","school_candidates":["McDaniel High School"],"name_status":"pdf-label-match","source_label":"McDaniel High School Spanish Immersion, Vietnamese Immersion"},"geometry":{"type":"Polygon","coordinates":[[[-122.5962227,45.5786883],[-122.5957127,45.5771202],[-122.5933898,45.5771319],[-122.5926952,45.5771369],[-122.5896667,45.5771538],[-122.5894281,45.5771581],[-122.5885704,45.5771584],[-122.5884402,45.5771608],[-122.5864859,45.5771581],[-122.5835655,45.5771576],[-122.583381,45.5771609],[-122.5797331,45.5771582],[-122.5777354,45.5771562],[-122.5767253,45.5771439],[-122.5750857,45.5771354],[-122.5750932,45.5757637],[-122.5750971,45.5755579],[-122.5750908,45.5753751],[-122.5750949,45.5751769],[-122.5751001,45.5734166],[-122.573678,45.5734194],[-122.5704085,45.5733639],[-122.5692463,45.5733467],[-122.5676063,45.5733228],[-122.5653907,45.573294],[-122.5653987,45.5716099],[-122.5654005,45.569743],[-122.5666711,45.5697583],[-122.5667253,45.5697574],[-122.5667839,45.5695658],[-122.566871,45.5692518],[-122.5670469,45.5686772],[-122.5670753,45.5685548],[-122.5672907,45.5685052],[-122.5678558,45.5685255],[-122.5679343,45.5670002],[-122.5679345,45.5663677],[-122.5679476,45.5648359],[-122.5679569,45.56447],[-122.5679749,45.5630829],[-122.567971,45.5629687],[-122.5679739,45.5627324],[-122.5685707,45.5627293],[-122.5698298,45.5627295],[-122.5709801,45.5627241],[-122.5710452,45.5627229],[-122.5729657,45.5627035],[-122.5731179,45.5627084],[-122.5736279,45.5627068],[-122.5767213,45.5627044],[-122.5774806,45.5626907],[-122.5782836,45.5626838],[-122.578308,45.5611746],[-122.5783189,45.5602219],[-122.5783403,45.5598939],[-122.5783881,45.5574775],[-122.5783947,45.5573555],[-122.5784337,45.5550002],[-122.5784875,45.552759],[-122.5758099,45.5528455],[-122.5758483,45.5511075],[-122.5767384,45.5511142],[-122.5771183,45.551115],[-122.5778129,45.5511177],[-122.5783771,45.5511151],[-122.5784639,45.5511135],[-122.5785073,45.5511127],[-122.5785339,45.5499845],[-122.5784796,45.5499855],[-122.5754843,45.5499787],[-122.5729989,45.5499702],[-122.5699168,45.5499648],[-122.5695262,45.5499643],[-122.5694066,45.5499588],[-122.5693917,45.5514373],[-122.5693858,45.5519022],[-122.5693812,45.5520852],[-122.5693737,45.5525044],[-122.5693732,45.5528092],[-122.5691455,45.5528133],[-122.5683258,45.5526452],[-122.5680637,45.5525965],[-122.5680691,45.5521164],[-122.5678055,45.5520221],[-122.567156,45.5517518],[-122.5657908,45.5511744],[-122.5657466,45.5511524],[-122.5653154,45.5509163],[-122.5651594,45.5507972],[-122.5650814,45.5507376],[-122.5635644,45.5495229],[-122.5630312,45.5491591],[-122.5629297,45.5490466],[-122.5628716,45.5489334],[-122.5628479,45.5488728],[-122.5628337,45.548774],[-122.5628414,45.5486825],[-122.5628613,45.5486288],[-122.5628913,45.548552],[-122.5629638,45.5484517],[-122.5630059,45.5484128],[-122.5630795,45.5483429],[-122.5631965,45.5482722],[-122.5633465,45.5482162],[-122.5634862,45.5481756],[-122.5635944,45.548166],[-122.5637137,45.5481639],[-122.5638332,45.5481694],[-122.5639861,45.5481971],[-122.564117,45.5482176],[-122.564204,45.5482237],[-122.5643236,45.5482291],[-122.5645288,45.5482026],[-122.5646254,45.5481704],[-122.5647326,45.5481303],[-122.5671853,45.5481396],[-122.5672396,45.5481386],[-122.5672814,45.5480921],[-122.5673126,45.5480534],[-122.5673439,45.5480148],[-122.5673955,45.5479377],[-122.5674474,45.5478681],[-122.5675179,45.5477069],[-122.5675566,45.547569],[-122.5675946,45.5474083],[-122.5676328,45.5472552],[-122.5677048,45.5471396],[-122.5677874,45.5470162],[-122.56787,45.5468928],[-122.567994,45.5467077],[-122.5681486,45.5464687],[-122.5682183,45.5462846],[-122.5682713,45.5462455],[-122.5683242,45.5462065],[-122.5683552,45.5461602],[-122.5683751,45.5461065],[-122.5683831,45.5460226],[-122.568296,45.5456965],[-122.5682692,45.5455446],[-122.5682537,45.5454077],[-122.5683045,45.5449877],[-122.5683019,45.5449115],[-122.5682996,45.544843],[-122.5682748,45.544752],[-122.5682397,45.5446764],[-122.5681472,45.5445105],[-122.5680822,45.5445116],[-122.5659988,45.5445111],[-122.5629492,45.5444973],[-122.5629971,45.5423858],[-122.564668,45.5423862],[-122.5647037,45.5408769],[-122.5630002,45.540877],[-122.5629971,45.5423858],[-122.5628995,45.5423875],[-122.5596979,45.5423688],[-122.5595133,45.5423645],[-122.5595789,45.5420586],[-122.5596523,45.541341],[-122.5597211,45.5404864],[-122.5598133,45.5393646],[-122.5598699,45.5387921],[-122.5599441,45.5380974],[-122.5600104,45.5378143],[-122.5600572,45.5375925],[-122.5601837,45.5371635],[-122.5603544,45.5367566],[-122.5605282,45.5364411],[-122.5607652,45.5360711],[-122.5611073,45.5356001],[-122.5615358,45.53512],[-122.5618926,45.5347631],[-122.5623364,45.5344122],[-122.5637818,45.5335252],[-122.5680114,45.5334795],[-122.5684128,45.5334798],[-122.5684182,45.5333197],[-122.5684146,45.5332131],[-122.5684226,45.5328091],[-122.5684494,45.5316809],[-122.5684455,45.5315667],[-122.5684483,45.5310104],[-122.5684673,45.5299737],[-122.5684756,45.5298974],[-122.5684921,45.5287846],[-122.5685293,45.5263684],[-122.5685257,45.5262618],[-122.5685198,45.5260867],[-122.5685334,45.5258502],[-122.5685288,45.5257132],[-122.5685427,45.5251643],[-122.5685522,45.524806],[-122.5685491,45.5243946],[-122.5685795,45.5227329],[-122.5685854,45.522588],[-122.5683575,45.5225845],[-122.5677068,45.5225886],[-122.5673596,45.5225873],[-122.5673754,45.5220917],[-122.5673774,45.5218326],[-122.5673792,45.5215659],[-122.5673862,45.5214514],[-122.5673942,45.5210474],[-122.5673903,45.5209332],[-122.5673986,45.5208569],[-122.5673942,45.5207274],[-122.5673921,45.5206665],[-122.5674019,45.5206358],[-122.5673998,45.5205749],[-122.5673965,45.5204759],[-122.5674006,45.5202777],[-122.5677914,45.5202859],[-122.5679738,45.5202293],[-122.5679919,45.5201223],[-122.5681762,45.5201189],[-122.568274,45.5201248],[-122.5684041,45.5201224],[-122.5685669,45.5201271],[-122.5686211,45.5201261],[-122.5686258,45.5199432],[-122.5686221,45.5198366],[-122.5686203,45.5197833],[-122.5686185,45.51973],[-122.5686154,45.5196386],[-122.5686304,45.5194402],[-122.5686484,45.5193332],[-122.5686427,45.5191657],[-122.5686402,45.5190895],[-122.5686494,45.5184035],[-122.5661547,45.5184029],[-122.5651139,45.518414],[-122.5649513,45.518417],[-122.5646369,45.5184226],[-122.5644307,45.5184187],[-122.5644292,45.5183731],[-122.5644214,45.5171845],[-122.5644013,45.5143503],[-122.5644013,45.5140303],[-122.5636418,45.5140211],[-122.5636509,45.5139676],[-122.5636948,45.5123819],[-122.5637366,45.5110553],[-122.5637229,45.5109717],[-122.5637201,45.510888],[-122.563732,45.5105982],[-122.5637358,45.5103924],[-122.5637364,45.5100876],[-122.5637446,45.5100113],[-122.5637418,45.5099275],[-122.5637609,45.5085708],[-122.5637674,45.5084412],[-122.5637676,45.5081287],[-122.5637803,45.5075418],[-122.5648651,45.5075527],[-122.5672084,45.5075789],[-122.5672626,45.5075779],[-122.5672602,45.5071894],[-122.567268,45.5070978],[-122.5672646,45.5057187],[-122.5672764,45.5044688],[-122.5653995,45.5044418],[-122.5650196,45.5044334],[-122.5637396,45.5044184],[-122.563175,45.5043981],[-122.5626651,45.5043921],[-122.5623839,45.5044124],[-122.5594976,45.5043578],[-122.5574251,45.5043189],[-122.5564159,45.504299],[-122.5563075,45.5043009],[-122.5553854,45.504287],[-122.554561,45.504279],[-122.553726,45.5042787],[-122.5533025,45.5042635],[-122.552923,45.5042627],[-122.5529307,45.5041711],[-122.5529332,45.5035996],[-122.5529436,45.5029441],[-122.5529463,45.5027002],[-122.5529532,45.5025858],[-122.5529546,45.5023039],[-122.5529564,45.5020372],[-122.5530431,45.5020356],[-122.5530621,45.5000237],[-122.5530549,45.4998104],[-122.5530609,45.4996656],[-122.5560971,45.4996719],[-122.5571165,45.4996764],[-122.5578214,45.499679],[-122.5581684,45.4996803],[-122.5581809,45.4987657],[-122.5581911,45.4981026],[-122.5582043,45.4975309],[-122.55821,45.4970584],[-122.5590999,45.4970805],[-122.5636448,45.4971356],[-122.5638076,45.4971403],[-122.5638094,45.4968735],[-122.5638151,45.496401],[-122.564119,45.4964107],[-122.5644446,45.4964201],[-122.5645682,45.4959073],[-122.5647023,45.4953868],[-122.5647258,45.4951196],[-122.5648468,45.4938907],[-122.5648896,45.4935546],[-122.564499,45.4935464],[-122.5640114,45.4935553],[-122.5633825,45.4935514],[-122.5617876,45.4935192],[-122.5616032,45.493515],[-122.5611692,45.4935075],[-122.5606917,45.4934933],[-122.5606048,45.4934873],[-122.5606231,45.4933879],[-122.5607464,45.4931875],[-122.5607872,45.4931106],[-122.5608171,45.4930339],[-122.5608237,45.4916241],[-122.5607473,45.4916102],[-122.5603242,45.4916026],[-122.559847,45.491596],[-122.5596733,45.4915915],[-122.559185,45.4915775],[-122.5583713,45.4915617],[-122.5582844,45.4915556],[-122.5583124,45.4898178],[-122.560873,45.4898783],[-122.5620231,45.4899032],[-122.5621969,45.4899153],[-122.5634228,45.4899389],[-122.563922,45.4899527],[-122.565137,45.4899764],[-122.5654409,45.4899862],[-122.565734,45.4899961],[-122.5660593,45.4899978],[-122.5662004,45.4900029],[-122.5663309,45.4900158],[-122.5665915,45.4900263],[-122.5669059,45.4900282],[-122.568576,45.4900437],[-122.5688907,45.4900532],[-122.5704528,45.4900782],[-122.5713967,45.4900992],[-122.5720805,45.4901249],[-122.5723953,45.4901344],[-122.5732094,45.4901653],[-122.5734481,45.4901686],[-122.5738928,45.4901758],[-122.5740233,45.4901886],[-122.5749368,45.4902711],[-122.5757714,45.4902635],[-122.5767687,45.4902606],[-122.5767608,45.4909847],[-122.5767869,45.4911138],[-122.5767903,45.4915328],[-122.5786119,45.4915377],[-122.5787602,45.491436],[-122.5787506,45.4921067],[-122.5787409,45.4927775],[-122.5787318,45.4934634],[-122.5787334,45.4938292],[-122.5787335,45.4941492],[-122.5787243,45.4948352],[-122.5787152,45.4955211],[-122.5787061,45.4962071],[-122.5786861,45.4968933],[-122.5786789,45.4973201],[-122.578672,45.4974346],[-122.578665,45.4985015],[-122.5786671,45.4985624],[-122.578667,45.4991949],[-122.5786532,45.5000638],[-122.5786545,45.5001019],[-122.5786366,45.5005289],[-122.5786461,45.5014432],[-122.5786382,45.5021672],[-122.5786273,45.5027999],[-122.5786163,45.5034326],[-122.5786242,45.5039811],[-122.5786228,45.5045754],[-122.5786215,45.5048574],[-122.5786004,45.5083706],[-122.5786054,45.5091554],[-122.5785948,45.5101157],[-122.5785981,45.5108472],[-122.5785902,45.5112512],[-122.578593,45.5113349],[-122.5786,45.5115406],[-122.5786153,45.5119899],[-122.5786239,45.5122412],[-122.5786328,45.5125001],[-122.5786356,45.5125839],[-122.5786379,45.5126524],[-122.5786455,45.5128732],[-122.5786681,45.5135358],[-122.5787013,45.5141905],[-122.5787688,45.515218],[-122.5787785,45.5154997],[-122.5788958,45.5176693],[-122.5789321,45.5184154],[-122.5789682,45.5191539],[-122.5801941,45.5191621],[-122.5804112,45.5191658],[-122.5813767,45.5191711],[-122.5823422,45.5191764],[-122.5830042,45.5191872],[-122.5831668,45.5191842],[-122.5834381,45.5191869],[-122.5846751,45.5192025],[-122.5851523,45.5192014],[-122.5857707,45.5192054],[-122.5859986,45.5192089],[-122.586552,45.519214],[-122.5874305,45.5192133],[-122.5876584,45.5192167],[-122.5885589,45.5192232],[-122.5884742,45.5192857],[-122.5884634,45.5199183],[-122.5884758,45.5199638],[-122.5884996,45.5200244],[-122.5885342,45.5200847],[-122.5885577,45.5201376],[-122.5885489,45.5201987],[-122.5884968,45.5202606],[-122.5883678,45.5202935],[-122.5881074,45.5202906],[-122.5879799,45.5203691],[-122.5880467,45.5204212],[-122.5888522,45.520818],[-122.5897895,45.5212658],[-122.5908035,45.521735],[-122.5911334,45.5218661],[-122.5913859,45.5219529],[-122.5915286,45.5220037],[-122.591849,45.5221731],[-122.5918277,45.5231336],[-122.5918274,45.5240709],[-122.5918302,45.5241547],[-122.5923617,45.5241526],[-122.5923496,45.5253797],[-122.5933586,45.5253841],[-122.5933531,45.5264891],[-122.594373,45.5264933],[-122.5949695,45.5264901],[-122.5955771,45.5264942],[-122.5962823,45.5264965],[-122.5969872,45.5264912],[-122.5969809,45.5266209],[-122.5969773,45.5271468],[-122.5969788,45.5271925],[-122.5969751,45.5273983],[-122.5969798,45.5275354],[-122.5969845,45.5276724],[-122.5969784,45.5278097],[-122.5969831,45.5279468],[-122.596977,45.5280841],[-122.5969817,45.5282211],[-122.5969843,45.5282973],[-122.5963764,45.5282856],[-122.5963593,45.5287355],[-122.5963528,45.5291776],[-122.5963483,45.5293605],[-122.5963338,45.5298866],[-122.5963112,45.530489],[-122.596295,45.5315942],[-122.5962853,45.5319449],[-122.5968928,45.531629],[-122.5992062,45.5304436],[-122.6004743,45.5297803],[-122.6021147,45.5289044],[-122.6030633,45.5284145],[-122.6037041,45.5281208],[-122.6042073,45.5279287],[-122.6047012,45.5277824],[-122.6050372,45.5284011],[-122.6050285,45.5300321],[-122.6050319,45.5301311],[-122.6050252,45.5302531],[-122.6049871,45.5304062],[-122.6049759,45.5310237],[-122.604953,45.5319309],[-122.6048863,45.5321989],[-122.604889,45.532275],[-122.6048607,45.5336548],[-122.6048633,45.533731],[-122.6052105,45.5337322],[-122.6057315,45.5337379],[-122.6067512,45.5337344],[-122.6074781,45.5337363],[-122.6077603,45.5337387],[-122.608726,45.5337438],[-122.6091275,45.5337441],[-122.6098978,45.5337451],[-122.6100932,45.5337492],[-122.6108093,45.5337512],[-122.6109831,45.5337556],[-122.6110806,45.5337538],[-122.6111782,45.5337521],[-122.6115582,45.5337603],[-122.6118295,45.5337629],[-122.6122527,45.5337627],[-122.6125782,45.5337644],[-122.6128387,45.5337672],[-122.6138586,45.5337713],[-122.614868,45.5337831],[-122.6148719,45.5351471],[-122.6148547,45.5365268],[-122.6148552,45.5377918],[-122.6148425,45.5383635],[-122.6148446,45.5390493],[-122.6148438,45.5405887],[-122.6148432,45.5415108],[-122.6148356,45.5416024],[-122.6147163,45.5416046],[-122.6138917,45.5416045],[-122.6138155,45.5415983],[-122.6137078,45.5416231],[-122.6135674,45.541641],[-122.6134923,45.5416652],[-122.6133537,45.5417363],[-122.6131479,45.5417478],[-122.6129202,45.5417519],[-122.6127459,45.5417323],[-122.6125386,45.541698],[-122.6124082,45.5416928],[-122.6122553,45.5416651],[-122.6121242,45.5416371],[-122.6120363,45.5416082],[-122.6119596,45.5415867],[-122.6118287,45.5415663],[-122.611536,45.5415717],[-122.6113744,45.5416051],[-122.6112244,45.5416612],[-122.6111284,45.5417087],[-122.6110435,45.5417636],[-122.6108213,45.5419277],[-122.6108039,45.5417375],[-122.6107674,45.5416239],[-122.6107325,45.541556],[-122.6107092,45.5415107],[-122.6106307,45.5414359],[-122.610509,45.5413696],[-122.6103887,45.5413413],[-122.6102797,45.5413281],[-122.6075122,45.5413103],[-122.6075133,45.5410284],[-122.6054368,45.5418514],[-122.6044201,45.5422587],[-122.6044581,45.542418],[-122.604438,45.5437214],[-122.6044197,45.5453906],[-122.6044078,45.5469301],[-122.6043967,45.5481801],[-122.6043885,45.5482564],[-122.6053003,45.5482626],[-122.605409,45.5482682],[-122.6064183,45.5482726],[-122.6074385,45.5482767],[-122.6084587,45.5482808],[-122.6094681,45.5482852],[-122.6095146,45.5483758],[-122.6094964,45.5484752],[-122.6094559,45.5485597],[-122.6093614,45.5486529],[-122.6091821,45.548801],[-122.6089281,45.5489885],[-122.6087067,45.5491755],[-122.6086006,45.549246],[-122.6085171,45.549339],[-122.6084562,45.5494621],[-122.6084065,45.5495925],[-122.6083863,45.5496386],[-122.6083252,45.549754],[-122.6083953,45.5498975],[-122.6084186,45.5499428],[-122.6084426,45.550011],[-122.6084498,45.5502166],[-122.6087068,45.5504329],[-122.6089287,45.5505736],[-122.6091163,45.5506616],[-122.6093136,45.5507189],[-122.609412,45.55074],[-122.6094882,45.5507462],[-122.6094831,45.5515388],[-122.6095135,45.5517897],[-122.6103165,45.5517902],[-122.6120748,45.551796],[-122.6120886,45.5518796],[-122.6131197,45.5518835],[-122.6147806,45.5518987],[-122.6147877,45.5524167],[-122.61477,45.5528438],[-122.6147581,45.5537508],[-122.6147459,45.5546503],[-122.6147308,45.5554659],[-122.614712,45.5555501],[-122.614693,45.5556267],[-122.6146755,45.5566862],[-122.6146755,45.5569987],[-122.6146755,45.5573111],[-122.614654,45.5582564],[-122.61465,45.5584546],[-122.6146397,45.559095],[-122.6146751,45.5591781],[-122.6147003,45.5592767],[-122.6146936,45.5600237],[-122.6146862,45.5604353],[-122.6140457,45.5604318],[-122.6139972,45.5627874],[-122.6140951,45.5627933],[-122.6142144,45.5627911],[-122.6145184,45.5627931],[-122.6148333,45.5627949],[-122.6149092,45.5627935],[-122.616744,45.5628055],[-122.617352,45.5628096],[-122.6181769,45.5628096],[-122.6187198,45.5628149],[-122.6200008,45.5628217],[-122.6201418,45.5628191],[-122.6202286,45.5628175],[-122.620576,45.5628188],[-122.6212379,45.5628142],[-122.6222578,45.562803],[-122.6232669,45.562792],[-122.624276,45.562781],[-122.6253287,45.5627768],[-122.6254371,45.5627748],[-122.6257411,45.5627768],[-122.6264137,45.5627643],[-122.6274338,45.5627607],[-122.6274303,45.5639039],[-122.6264099,45.5638999],[-122.6253463,45.5639043],[-122.6242827,45.5639087],[-122.6242817,45.5645031],[-122.6243635,45.5646693],[-122.6243466,45.5651192],[-122.624458,45.565201],[-122.6244569,45.5664127],[-122.6241965,45.5664175],[-122.6241933,45.5681931],[-122.6243156,45.5682747],[-122.624323,45.5700425],[-122.6245838,45.570053],[-122.6245859,45.571356],[-122.6241406,45.5716615],[-122.6241481,45.5724996],[-122.6241645,45.5726593],[-122.6241665,45.5733375],[-122.6241721,45.5741223],[-122.6241823,45.5750366],[-122.6232776,45.5752438],[-122.6220582,45.5754568],[-122.6220256,45.5776368],[-122.6212908,45.5780466],[-122.6202156,45.5786608],[-122.6202172,45.583073],[-122.6202155,45.5845819],[-122.6200951,45.5892326],[-122.6193646,45.589147],[-122.6188823,45.5887062],[-122.6187921,45.5886088],[-122.6185935,45.588521],[-122.6182847,45.5883819],[-122.6173681,45.588254],[-122.6166198,45.5882829],[-122.6151451,45.5886529],[-122.6150474,45.5886547],[-122.6150578,45.5852025],[-122.6150639,45.5813159],[-122.6150674,45.5798528],[-122.6139927,45.5798572],[-122.6127208,45.5807493],[-122.6114521,45.5798581],[-122.604775,45.5798583],[-122.604015,45.5795445],[-122.6023188,45.5788439],[-122.6004337,45.5783296],[-122.5994252,45.5780508],[-122.5988936,45.5780605],[-122.5987308,45.5780635],[-122.5980473,45.5780759],[-122.5964373,45.5786158],[-122.5962227,45.5786883]]]}},{"type":"Feature","properties":{"boundary_id":"current-high-6","school_name":null,"review_status":"unverified","school_candidates":[],"name_status":"unresolved"},"geometry":{"type":"Polygon","coordinates":[[[-122.5962227,45.5786883],[-122.5974283,45.5799617],[-122.5973632,45.5799629],[-122.596136,45.5799548],[-122.5957018,45.5799551],[-122.5962227,45.5786883]]]}},{"type":"Feature","properties":{"boundary_id":"current-high-7","school_name":"Roosevelt High School","review_status":"unverified","school_candidates":["Roosevelt High School"],"name_status":"pdf-label-match","source_label":"Roosevelt High School Spanish Immersion"},"geometry":{"type":"Polygon","coordinates":[[[-122.7457922,45.6076093],[-122.7457159,45.6076032],[-122.7456399,45.6076047],[-122.7455639,45.6076062],[-122.7454879,45.6076076],[-122.7454011,45.6076093],[-122.7453251,45.6076108],[-122.7452489,45.6076047],[-122.7451729,45.6076061],[-122.745086,45.6076078],[-122.7450101,45.6076093],[-122.7449338,45.6076032],[-122.7448578,45.6076046],[-122.7447816,45.6075985],[-122.7447056,45.6076],[-122.7446185,45.607594],[-122.7445422,45.6075879],[-122.7444659,45.6075818],[-122.7444002,45.6075678],[-122.7443231,45.6075388],[-122.7442683,45.6075246],[-122.744224,45.6075026],[-122.7441472,45.6074812],[-122.7440704,45.6074599],[-122.7440044,45.6074383],[-122.7439276,45.6074169],[-122.7438616,45.6073953],[-122.7437848,45.6073739],[-122.7437083,45.6073602],[-122.7436423,45.6073386],[-122.7435655,45.6073172],[-122.7434889,45.6073035],[-122.7434127,45.6072973],[-122.7433361,45.6072836],[-122.7432599,45.6072774],[-122.7431833,45.6072637],[-122.7431071,45.6072575],[-122.7430308,45.6072514],[-122.7429545,45.6072452],[-122.7428783,45.6072391],[-122.7427911,45.6072332],[-122.7427149,45.607227],[-122.7426386,45.6072209],[-122.7425624,45.6072147],[-122.7424861,45.6072086],[-122.7424101,45.6072101],[-122.742323,45.6072041],[-122.7422467,45.607198],[-122.7421705,45.6071918],[-122.7420942,45.6071857],[-122.7420182,45.6071872],[-122.741942,45.607181],[-122.7418548,45.6071751],[-122.7417786,45.607169],[-122.7417023,45.6071628],[-122.7416261,45.6071567],[-122.7415498,45.6071505],[-122.7414735,45.6071444],[-122.7413973,45.6071382],[-122.7413319,45.6071319],[-122.7412773,45.6071253],[-122.741201,45.6071192],[-122.7411139,45.6071132],[-122.7410377,45.6071071],[-122.7409614,45.607101],[-122.7408849,45.6070872],[-122.7408086,45.6070811],[-122.7407321,45.6070673],[-122.7406555,45.6070535],[-122.7405898,45.6070396],[-122.740513,45.6070182],[-122.7404365,45.6070044],[-122.7403702,45.6069752],[-122.7403154,45.606961],[-122.7402603,45.6069392],[-122.7401943,45.6069177],[-122.7401172,45.6068887],[-122.740051,45.6068595],[-122.739985,45.6068379],[-122.7399185,45.606801],[-122.7398631,45.6067716],[-122.7397968,45.6067424],[-122.7397303,45.6067056],[-122.7396746,45.6066686],[-122.7396189,45.6066315],[-122.7395633,45.6065945],[-122.7395076,45.6065575],[-122.7394519,45.6065204],[-122.7393963,45.6064834],[-122.7393403,45.6064388],[-122.7392958,45.6064091],[-122.7392621,45.6063793],[-122.7392061,45.6063347],[-122.7391613,45.6062974],[-122.7391054,45.6062528],[-122.7390603,45.6062079],[-122.7390152,45.606163],[-122.7389704,45.6061258],[-122.738925,45.6060733],[-122.7388799,45.6060285],[-122.7388348,45.6059836],[-122.7387897,45.6059387],[-122.7387554,45.6058937],[-122.7387103,45.6058488],[-122.7386653,45.605804],[-122.7386202,45.6057591],[-122.7385751,45.6057142],[-122.73853,45.6056694],[-122.7384849,45.6056245],[-122.7384398,45.6055797],[-122.7383947,45.6055348],[-122.7383387,45.6054901],[-122.7382936,45.6054453],[-122.7382485,45.6054004],[-122.7382037,45.6053632],[-122.7381586,45.6053183],[-122.7381135,45.6052735],[-122.7380576,45.6052288],[-122.7380125,45.605184],[-122.7379674,45.6051391],[-122.7379117,45.6051021],[-122.7378666,45.6050572],[-122.7378107,45.6050126],[-122.7377659,45.6049753],[-122.7377102,45.6049383],[-122.7376542,45.6048936],[-122.7375986,45.6048566],[-122.7375429,45.6048196],[-122.7374872,45.6047825],[-122.7374316,45.6047455],[-122.7373756,45.6047008],[-122.7373199,45.6046638],[-122.7372643,45.6046268],[-122.7372306,45.6045969],[-122.7371858,45.6045597],[-122.737141,45.6045225],[-122.7370853,45.6044854],[-122.7370293,45.6044408],[-122.7369737,45.6044037],[-122.736896,45.6043595],[-122.7368518,45.6043375],[-122.7367852,45.6043007],[-122.7367299,45.6042713],[-122.7366636,45.6042421],[-122.7365971,45.6042052],[-122.7365308,45.604176],[-122.7364646,45.6041468],[-122.7363986,45.6041252],[-122.7363215,45.6040962],[-122.7362556,45.6040746],[-122.7361896,45.6040531],[-122.7361128,45.6040317],[-122.7360468,45.6040101],[-122.73597,45.6039887],[-122.7358935,45.6039749],[-122.7358167,45.6039536],[-122.735751,45.6039396],[-122.7356742,45.6039182],[-122.7355976,45.6039045],[-122.7355211,45.6038907],[-122.7354663,45.6038765],[-122.7354117,45.6038699],[-122.7353349,45.6038486],[-122.7352584,45.6038348],[-122.7351818,45.603821],[-122.7351053,45.6038073],[-122.7350287,45.6037935],[-122.7349522,45.6037797],[-122.7348757,45.603766],[-122.73481,45.603752],[-122.7347335,45.6037382],[-122.7346678,45.6037243],[-122.7346132,45.6037177],[-122.7345367,45.6037039],[-122.7344601,45.6036902],[-122.7343839,45.603684],[-122.7343074,45.6036703],[-122.7342308,45.6036565],[-122.7341546,45.6036503],[-122.7340783,45.6036442],[-122.7340018,45.6036304],[-122.7339255,45.6036243],[-122.7338492,45.6036181],[-122.733773,45.603612],[-122.7336967,45.6036058],[-122.7336096,45.6035999],[-122.7335334,45.6035938],[-122.7334571,45.6035876],[-122.7333809,45.6035815],[-122.7333046,45.6035753],[-122.7332283,45.6035692],[-122.7331521,45.603563],[-122.7330758,45.6035569],[-122.7329887,45.6035509],[-122.7329125,45.6035448],[-122.7328362,45.6035386],[-122.7327599,45.6035325],[-122.7326837,45.6035263],[-122.7326183,45.60352],[-122.7325637,45.6035134],[-122.7324875,45.6035073],[-122.7324112,45.6035011],[-122.732335,45.603495],[-122.7322587,45.6034888],[-122.7321716,45.6034829],[-122.7321173,45.6034839],[-122.7320628,45.6034774],[-122.7319865,45.6034712],[-122.7318994,45.6034653],[-122.7318231,45.6034591],[-122.7317469,45.603453],[-122.7316706,45.6034468],[-122.7315944,45.6034407],[-122.7315398,45.6034341],[-122.7314747,45.6034354],[-122.7313984,45.6034292],[-122.7313222,45.6034231],[-122.7312459,45.6034169],[-122.7311697,45.6034108],[-122.7310931,45.603397],[-122.731006,45.6033911],[-122.7309298,45.6033849],[-122.7308535,45.6033788],[-122.7307773,45.6033726],[-122.730723,45.6033737],[-122.7306576,45.6033673],[-122.7305813,45.6033612],[-122.7305051,45.603355],[-122.7304285,45.6033412],[-122.7303523,45.6033351],[-122.7302757,45.6033213],[-122.7301995,45.6033152],[-122.730123,45.6033014],[-122.7300461,45.60328],[-122.7299805,45.6032661],[-122.7299036,45.6032447],[-122.7298268,45.6032233],[-122.7297609,45.6032017],[-122.7296841,45.6031803],[-122.7296181,45.6031587],[-122.729541,45.6031297],[-122.7294748,45.6031005],[-122.7294085,45.6030713],[-122.7293531,45.6030419],[-122.7292866,45.6030051],[-122.729231,45.602968],[-122.7291753,45.602931],[-122.7291196,45.6028939],[-122.7290531,45.6028571],[-122.7289975,45.6028201],[-122.7289421,45.6027907],[-122.7288975,45.602761],[-122.728853,45.6027314],[-122.7287868,45.6027022],[-122.7287311,45.6026652],[-122.7286755,45.6026281],[-122.7286089,45.6025913],[-122.7285644,45.6025617],[-122.7285202,45.6025396],[-122.7284645,45.6025026],[-122.72842,45.602473],[-122.7283754,45.6024434],[-122.7283201,45.6024139],[-122.7282535,45.6023771],[-122.7281979,45.6023401],[-122.7281422,45.602303],[-122.7280757,45.6022662],[-122.7280203,45.6022368],[-122.7279538,45.6022],[-122.7278981,45.6021629],[-122.7278319,45.6021337],[-122.7277762,45.6020967],[-122.72771,45.6020675],[-122.7276543,45.6020304],[-122.7275881,45.6020012],[-122.7275216,45.6019644],[-122.7274662,45.601935],[-122.7273997,45.6018981],[-122.7273554,45.6018761],[-122.7273003,45.6018543],[-122.7272447,45.6018173],[-122.7271784,45.6017881],[-122.7271122,45.6017589],[-122.727046,45.6017297],[-122.7269797,45.6017004],[-122.7269135,45.6016712],[-122.7268473,45.601642],[-122.7267813,45.6016204],[-122.7267042,45.6015914],[-122.7266383,45.6015698],[-122.7265615,45.6015484],[-122.7264955,45.6015269],[-122.7264187,45.6015055],[-122.7263419,45.6014841],[-122.7262762,45.6014701],[-122.7261994,45.6014487],[-122.7261226,45.6014273],[-122.726046,45.6014136],[-122.7259804,45.6013996],[-122.7259036,45.6013782],[-122.725827,45.6013644],[-122.7257505,45.6013507],[-122.725674,45.6013369],[-122.7255974,45.6013231],[-122.7255212,45.601317],[-122.7254446,45.6013032],[-122.7253684,45.601297],[-122.7252919,45.6012833],[-122.7252156,45.6012771],[-122.7251393,45.601271],[-122.7250631,45.6012648],[-122.724976,45.6012589],[-122.7248997,45.6012527],[-122.7248235,45.6012466],[-122.7247472,45.6012404],[-122.724671,45.6012343],[-122.724595,45.6012357],[-122.7245187,45.6012296],[-122.7244316,45.6012236],[-122.7243557,45.6012251],[-122.7242794,45.6012189],[-122.7242034,45.6012204],[-122.7241275,45.6012219],[-122.7240404,45.6012159],[-122.7239644,45.6012174],[-122.7238884,45.6012188],[-122.7238124,45.6012203],[-122.7237365,45.6012218],[-122.7236496,45.6012234],[-122.7235734,45.6012173],[-122.7234974,45.6012188],[-122.7234214,45.6012202],[-122.7233452,45.6012141],[-122.7232583,45.6012157],[-122.7231821,45.6012096],[-122.7231058,45.6012034],[-122.7230299,45.6012049],[-122.7229536,45.6011987],[-122.7228773,45.6011926],[-122.7228011,45.6011864],[-122.722714,45.6011805],[-122.7226377,45.6011743],[-122.7225615,45.6011682],[-122.7224852,45.601162],[-122.722409,45.6011559],[-122.7223324,45.6011421],[-122.7222562,45.6011359],[-122.7221694,45.6011376],[-122.7220931,45.6011315],[-122.7220169,45.6011253],[-122.7219406,45.6011191],[-122.7218643,45.601113],[-122.7217881,45.6011068],[-122.7217118,45.6011007],[-122.7216247,45.6010947],[-122.7215482,45.601081],[-122.721472,45.6010748],[-122.7213954,45.601061],[-122.7213192,45.6010549],[-122.7212426,45.6010411],[-122.721177,45.6010271],[-122.7211002,45.6010057],[-122.7210236,45.600992],[-122.7209468,45.6009706],[-122.7208811,45.6009566],[-122.7208043,45.6009352],[-122.7207275,45.6009138],[-122.7206616,45.6008922],[-122.7205848,45.6008708],[-122.7205188,45.6008492],[-122.720442,45.6008278],[-122.7203652,45.6008065],[-122.7202992,45.6007849],[-122.7202227,45.6007711],[-122.7201459,45.6007497],[-122.7200799,45.6007281],[-122.7200031,45.6007067],[-122.7199372,45.6006851],[-122.7198607,45.6006713],[-122.7197838,45.6006499],[-122.7197179,45.6006283],[-122.7196411,45.600607],[-122.7195751,45.6005854],[-122.7194983,45.600564],[-122.7194324,45.6005424],[-122.7193775,45.6005282],[-122.7193224,45.6005064],[-122.7192456,45.600485],[-122.7191797,45.6004634],[-122.7191135,45.6004342],[-122.7190472,45.600405],[-122.718981,45.6003757],[-122.7189253,45.6003387],[-122.7188588,45.6003019],[-122.7188032,45.6002648],[-122.7187587,45.6002352],[-122.7187144,45.6002132],[-122.7186585,45.6001685],[-122.7186028,45.6001315],[-122.7185472,45.6000944],[-122.7184809,45.6000652],[-122.7184253,45.6000282],[-122.7183808,45.5999986],[-122.7183365,45.5999765],[-122.7182809,45.5999395],[-122.7182144,45.5999027],[-122.7181587,45.5998656],[-122.7181145,45.5998436],[-122.7180699,45.599814],[-122.7180037,45.5997848],[-122.7179592,45.5997551],[-122.7179147,45.5997255],[-122.7178593,45.5996961],[-122.7178148,45.5996664],[-122.7177702,45.5996368],[-122.717704,45.5996076],[-122.7176484,45.5995706],[-122.7175927,45.5995335],[-122.7175262,45.5994967],[-122.7174705,45.5994596],[-122.7174149,45.5994226],[-122.7173487,45.5993934],[-122.717315,45.5993635],[-122.7172705,45.5993339],[-122.717204,45.5992971],[-122.7171483,45.59926],[-122.7170927,45.599223],[-122.717037,45.599186],[-122.7169925,45.5991563],[-122.716948,45.5991267],[-122.7169037,45.5991047],[-122.7168701,45.5990748],[-122.7168036,45.599038],[-122.7167479,45.599001],[-122.7166923,45.5989639],[-122.7166366,45.5989269],[-122.7165807,45.5988822],[-122.716525,45.5988452],[-122.7164694,45.5988081],[-122.7164137,45.5987711],[-122.7163581,45.598734],[-122.7163024,45.598697],[-122.7162359,45.5986602],[-122.7162022,45.5986303],[-122.7161577,45.5986007],[-122.7161021,45.5985637],[-122.7160464,45.5985266],[-122.7159908,45.5984896],[-122.7159462,45.5984599],[-122.7159017,45.5984303],[-122.7158575,45.5984083],[-122.7155347,45.5981935],[-122.7147893,45.5977047],[-122.7137792,45.5971067],[-122.7131025,45.5967157],[-122.7124525,45.5964614],[-122.7123649,45.5964402],[-122.7120479,45.5963853],[-122.7112607,45.5962404],[-122.7100033,45.5960053],[-122.7092673,45.5957755],[-122.7090914,45.5957179],[-122.7080369,45.5953875],[-122.7069921,45.5950264],[-122.7058524,45.5947433],[-122.7047752,45.5946876],[-122.7037559,45.59473],[-122.70355,45.5947415],[-122.7024275,45.5946334],[-122.7021203,45.5945478],[-122.7014292,45.5943552],[-122.699971,45.5939714],[-122.6982902,45.5934394],[-122.6962684,45.5927844],[-122.6942547,45.5920529],[-122.6920875,45.5912786],[-122.6906798,45.5907871],[-122.6903491,45.5906485],[-122.689677,45.5903793],[-122.6881519,45.5899433],[-122.6865783,45.5896683],[-122.6853314,45.5894175],[-122.6842946,45.5889723],[-122.6832376,45.5885655],[-122.682953,45.5885023],[-122.6823621,45.5883763],[-122.6822316,45.5883711],[-122.6821009,45.5883584],[-122.6813833,45.5883338],[-122.6809045,45.5883048],[-122.6806328,45.5876926],[-122.6803142,45.5869822],[-122.6793712,45.5849041],[-122.6792656,45.5846851],[-122.6790173,45.5841182],[-122.678909,45.583823],[-122.6787131,45.5832018],[-122.6785964,45.5826705],[-122.6785369,45.5822219],[-122.6784836,45.5816437],[-122.6784844,45.5813617],[-122.6784801,45.5812399],[-122.6784674,45.5799749],[-122.6784989,45.5778175],[-122.6785321,45.57723],[-122.6796279,45.5772093],[-122.6799862,45.5772101],[-122.6818082,45.5771528],[-122.6819926,45.5771493],[-122.683013,45.5771452],[-122.6840226,45.5771413],[-122.6845219,45.5771395],[-122.685043,45.5771372],[-122.6855968,45.5771419],[-122.6860531,45.5771485],[-122.6866718,45.5771444],[-122.6872259,45.5771568],[-122.6876056,45.5771495],[-122.6877684,45.5771465],[-122.6881158,45.5771475],[-122.6883006,45.5771516],[-122.6886369,45.5771452],[-122.6888433,45.5771489],[-122.6891471,45.5771431],[-122.6893752,45.5771464],[-122.6896681,45.5771408],[-122.6899071,45.5771439],[-122.6901786,45.5771464],[-122.6906997,45.5771441],[-122.6912099,45.577142],[-122.6917309,45.5771397],[-122.6922303,45.5771379],[-122.693251,45.5771413],[-122.6942716,45.5771447],[-122.6946625,45.5771449],[-122.6952923,45.5771481],[-122.6963019,45.5771441],[-122.697051,45.5771451],[-122.6973117,45.5771477],[-122.6977025,45.5771479],[-122.6979849,45.5771501],[-122.6987121,45.5771439],[-122.6991247,45.5771436],[-122.6997111,45.5771477],[-122.7002647,45.5771447],[-122.7008294,45.5771492],[-122.7012745,45.5771483],[-122.7019694,45.5771503],[-122.7025664,45.5771465],[-122.7026171,45.5770464],[-122.7026184,45.5758803],[-122.702628,45.5746454],[-122.7026231,45.5736089],[-122.7026197,45.5732126],[-122.7033177,45.5736032],[-122.7036278,45.5737726],[-122.7038262,45.5738527],[-122.7040907,45.5739619],[-122.7043324,45.5740411],[-122.7046511,45.5741494],[-122.7056714,45.5744423],[-122.7066688,45.5747052],[-122.7077642,45.5749739],[-122.7080371,45.5750144],[-122.708332,45.5750621],[-122.7085609,45.5750881],[-122.7088444,45.5751208],[-122.7098238,45.5751859],[-122.7108898,45.5752416],[-122.7119883,45.5752968],[-122.7122924,45.5752985],[-122.7127272,45.5753131],[-122.7133136,45.575317],[-122.7140844,45.5753175],[-122.7156815,45.5750505],[-122.7179468,45.5746486],[-122.7183668,45.5745567],[-122.7186464,45.5744827],[-122.7189037,45.5743939],[-122.7200184,45.573999],[-122.7202752,45.5738949],[-122.7205631,45.5737522],[-122.7206699,45.5737044],[-122.7207445,45.5736648],[-122.7208294,45.5736098],[-122.7209888,45.5735153],[-122.7210527,45.5734836],[-122.7211487,45.573436],[-122.7212347,45.5734115],[-122.7210889,45.5732847],[-122.7212569,45.573129],[-122.7216275,45.5728704],[-122.7238618,45.5707312],[-122.7312951,45.5661969],[-122.7316202,45.5664803],[-122.7328419,45.5675313],[-122.7334809,45.5680829],[-122.733795,45.5683589],[-122.7354763,45.5698049],[-122.7365933,45.5706598],[-122.7370064,45.5709719],[-122.7372186,45.5711355],[-122.7385254,45.5721315],[-122.7450104,45.5763652],[-122.7455664,45.5767203],[-122.746607,45.577264],[-122.7466735,45.5773009],[-122.7474817,45.5777272],[-122.7477472,45.5778592],[-122.7477917,45.5778888],[-122.7495519,45.5788073],[-122.7546254,45.5806519],[-122.7548566,45.5807388],[-122.756397,45.581288],[-122.7599618,45.5825521],[-122.7611711,45.5832449],[-122.7617811,45.5835912],[-122.7622693,45.5838713],[-122.7639442,45.5848217],[-122.766587,45.5869804],[-122.7668334,45.5871813],[-122.7676062,45.5878141],[-122.7680992,45.5882236],[-122.7690422,45.5890512],[-122.7693899,45.5893493],[-122.7722187,45.5918243],[-122.7724543,45.5920255],[-122.7748152,45.5947613],[-122.7755527,45.5956081],[-122.7766423,45.5968673],[-122.7776526,45.5980365],[-122.7779502,45.5984423],[-122.7797935,45.6009748],[-122.7799882,45.6012454],[-122.78048,45.6019065],[-122.7825386,45.6046711],[-122.7830376,45.6055226],[-122.7808621,45.6057333],[-122.7792511,45.6059328],[-122.7790575,45.6059823],[-122.7784713,45.6059939],[-122.7780503,45.6060632],[-122.7768314,45.606293],[-122.7763775,45.6063553],[-122.7761499,45.6063674],[-122.7754341,45.6063968],[-122.7750553,45.6064347],[-122.7743386,45.6064412],[-122.7736217,45.6064401],[-122.7727311,45.6064423],[-122.7718079,45.6064452],[-122.7711452,45.606443],[-122.7705802,45.6064389],[-122.7699067,45.6064369],[-122.7693745,45.6064397],[-122.7690269,45.6064389],[-122.7685927,45.6064474],[-122.7682451,45.6064466],[-122.7680931,45.6064496],[-122.7679517,45.6064448],[-122.7676912,45.6064499],[-122.7670813,45.6066982],[-122.7667268,45.6068042],[-122.7666088,45.6068446],[-122.7664903,45.6068698],[-122.7663291,45.6069187],[-122.7662943,45.6068584],[-122.7657444,45.6069683],[-122.7650289,45.6070052],[-122.7639626,45.6069575],[-122.7630443,45.6068002],[-122.7623857,45.6066149],[-122.7617025,45.6063538],[-122.7610631,45.6060996],[-122.7600504,45.6057382],[-122.7590773,45.6055667],[-122.7582921,45.605483],[-122.757254,45.60561],[-122.756132,45.6058148],[-122.7551618,45.6060167],[-122.7548919,45.6060601],[-122.7546773,45.6061329],[-122.7551634,45.6063521],[-122.7556937,45.6065933],[-122.7555674,45.6067024],[-122.7554945,45.6067877],[-122.7553874,45.6068279],[-122.7552791,45.6068377],[-122.7551157,45.6068256],[-122.7548227,45.6068313],[-122.754713,45.606803],[-122.7552809,45.6077676],[-122.7555584,45.6082195],[-122.7558826,45.608762],[-122.7553314,45.609131],[-122.7546107,45.6096177],[-122.7538583,45.6101278],[-122.7534983,45.6103787],[-122.7534323,45.6103571],[-122.7533441,45.6103207],[-122.7532778,45.6102916],[-122.7532118,45.61027],[-122.7531456,45.6102408],[-122.7530793,45.6102116],[-122.7530022,45.6101826],[-122.7529359,45.6101534],[-122.7528917,45.6101314],[-122.7528366,45.6101096],[-122.7527703,45.6100804],[-122.752704,45.6100512],[-122.7526378,45.610022],[-122.7525715,45.6099928],[-122.7525053,45.6099636],[-122.752439,45.6099344],[-122.7523728,45.6099052],[-122.7523068,45.6098836],[-122.7522405,45.6098544],[-122.7521743,45.6098252],[-122.7520974,45.6098039],[-122.7520315,45.6097823],[-122.7519652,45.6097531],[-122.7518884,45.6097317],[-122.7518116,45.6097103],[-122.7517456,45.6096887],[-122.7516907,45.6096746],[-122.7516362,45.609668],[-122.7515594,45.6096466],[-122.7514828,45.6096329],[-122.751406,45.6096115],[-122.7513294,45.6095978],[-122.7512529,45.609584],[-122.7511763,45.6095703],[-122.7511109,45.6095639],[-122.7510235,45.6095504],[-122.7509473,45.6095442],[-122.750871,45.6095381],[-122.7507944,45.6095243],[-122.7507182,45.6095182],[-122.7506419,45.6095121],[-122.7505656,45.6095059],[-122.7504894,45.6094998],[-122.7504128,45.609486],[-122.7503366,45.6094799],[-122.75026,45.6094661],[-122.7501729,45.6094602],[-122.7500963,45.6094465],[-122.7500201,45.6094403],[-122.7499655,45.6094338],[-122.749911,45.6094272],[-122.7498344,45.6094134],[-122.7497579,45.6093997],[-122.7496816,45.6093936],[-122.7496051,45.6093798],[-122.7495285,45.609366],[-122.749452,45.6093523],[-122.7493754,45.6093385],[-122.7492986,45.6093172],[-122.7492326,45.6092956],[-122.7491561,45.6092818],[-122.7490792,45.6092605],[-122.7490133,45.6092389],[-122.7489364,45.6092175],[-122.7488813,45.6091957],[-122.7488262,45.6091739],[-122.7487602,45.6091523],[-122.748694,45.6091231],[-122.7486277,45.6090939],[-122.7485615,45.6090647],[-122.7484952,45.6090355],[-122.7484398,45.6090061],[-122.7483733,45.6089693],[-122.7483176,45.6089323],[-122.7482619,45.6088952],[-122.7482062,45.6088582],[-122.7481506,45.6088212],[-122.7480946,45.6087765],[-122.7480389,45.6087395],[-122.7479832,45.6087025],[-122.7479381,45.6086576],[-122.7478936,45.608628],[-122.7478599,45.6085982],[-122.747804,45.6085535],[-122.7477483,45.6085165],[-122.7476926,45.6084795],[-122.7476366,45.6084348],[-122.747581,45.6083978],[-122.7475253,45.6083608],[-122.7474916,45.6083309],[-122.747447,45.6083013],[-122.7473914,45.6082643],[-122.7473357,45.6082272],[-122.7472797,45.6081826],[-122.7472241,45.6081456],[-122.7471578,45.6081164],[-122.7471021,45.6080793],[-122.7470356,45.6080425],[-122.7469693,45.6080133],[-122.7469139,45.6079839],[-122.7468477,45.6079547],[-122.7467814,45.6079255],[-122.7467152,45.6078963],[-122.7466489,45.6078671],[-122.7465827,45.6078379],[-122.7465164,45.6078087],[-122.7464502,45.6077795],[-122.7463731,45.6077505],[-122.7463071,45.6077289],[-122.7462409,45.6076997],[-122.7461746,45.6076705],[-122.7461083,45.6076413],[-122.7460421,45.6076121],[-122.745955,45.6076062],[-122.745879,45.6076077],[-122.7457922,45.6076093]]]}},{"type":"Feature","properties":{"boundary_id":"current-high-8","school_name":"Wells-Barnett High School","review_status":"unverified","school_candidates":["Wells-Barnett High School"],"name_status":"pdf-label-match","source_label":"Wells-Barnett High School"},"geometry":{"type":"Polygon","coordinates":[[[-122.736031,45.5011548],[-122.735771,45.5011598],[-122.7354282,45.5015705],[-122.7352101,45.501834],[-122.7350237,45.5020739],[-122.734702,45.5024689],[-122.7346295,45.5025618],[-122.7345253,45.5026782],[-122.7344597,45.5026642],[-122.7343839,45.5026657],[-122.7343294,45.5026592],[-122.7342522,45.5026226],[-122.7342063,45.5025549],[-122.7342144,45.5024785],[-122.7341802,45.5024334],[-122.7340087,45.5024901],[-122.7335917,45.5026507],[-122.7335841,45.5021478],[-122.7335832,45.5009358],[-122.7329538,45.5009253],[-122.732951,45.5005518],[-122.7322675,45.5005423],[-122.7322636,45.5004357],[-122.7311464,45.500427],[-122.7311334,45.5009608],[-122.7303201,45.5009614],[-122.7303151,45.5008243],[-122.7297272,45.5007596],[-122.7297204,45.4984959],[-122.7297382,45.4983888],[-122.729649,45.498322],[-122.7295379,45.4982479],[-122.7292036,45.4980029],[-122.7291044,45.4979591],[-122.7289847,45.4979462],[-122.7279761,45.497943],[-122.7278572,45.4979529],[-122.7275994,45.4980189],[-122.727406,45.4980684],[-122.7272452,45.4981173],[-122.7271807,45.4981338],[-122.7269443,45.4981918],[-122.7266753,45.4982504],[-122.726438,45.4982855],[-122.7262649,45.4982965],[-122.7261344,45.4982838],[-122.7260035,45.4982635],[-122.725774,45.4982146],[-122.7256109,45.4982025],[-122.7254592,45.4982055],[-122.7252,45.4982334],[-122.7251028,45.4982429],[-122.7248655,45.498278],[-122.7246502,45.4983203],[-122.7244029,45.4983785],[-122.7241998,45.4984587],[-122.7240289,45.4985306],[-122.7232596,45.4988428],[-122.7228964,45.4989947],[-122.7224488,45.4992092],[-122.7221435,45.4991618],[-122.72149,45.499083],[-122.720836,45.498989],[-122.7206729,45.498977],[-122.7205534,45.4989717],[-122.7204234,45.4989742],[-122.7202828,45.4989846],[-122.7199922,45.4990436],[-122.719616,45.4991347],[-122.7192728,45.4992405],[-122.7191233,45.4993043],[-122.7190383,45.4993517],[-122.7189319,45.4994072],[-122.718836,45.4994547],[-122.7183795,45.4997228],[-122.7182842,45.4997856],[-122.7181797,45.4998943],[-122.7180452,45.5000723],[-122.7179424,45.5002267],[-122.7178899,45.5002734],[-122.7177829,45.5003136],[-122.7176959,45.5003077],[-122.7176087,45.5002941],[-122.7175539,45.50028],[-122.7171241,45.5000901],[-122.7170041,45.5000696],[-122.7168627,45.5000571],[-122.7167868,45.5000586],[-122.716487,45.5001635],[-122.7161355,45.500338],[-122.7153055,45.5007733],[-122.715071,45.5008845],[-122.7149115,45.5009715],[-122.714827,45.5010341],[-122.7147111,45.5011278],[-122.714204,45.5014959],[-122.7140128,45.5016063],[-122.7136215,45.5018806],[-122.7133787,45.5020606],[-122.7132316,45.5021931],[-122.7124365,45.5017969],[-122.7121165,45.501643],[-122.7119628,45.5015926],[-122.7118211,45.5015725],[-122.7115822,45.5015619],[-122.711289,45.5015523],[-122.7112118,45.5015157],[-122.7111674,45.501486],[-122.7110896,45.5014342],[-122.7110221,45.5013669],[-122.710976,45.5012916],[-122.7109296,45.5012086],[-122.7108827,45.5011105],[-122.7109452,45.5010406],[-122.7109755,45.5009791],[-122.7109738,45.5009334],[-122.7109714,45.5008648],[-122.7109643,45.5000723],[-122.710983,45.4999881],[-122.7110267,45.4996976],[-122.7110312,45.4995222],[-122.7110053,45.4994084],[-122.7106574,45.4984852],[-122.7102428,45.4978149],[-122.7101053,45.4976117],[-122.7099917,45.4974691],[-122.709847,45.4973652],[-122.7095478,45.497188],[-122.7092476,45.4969804],[-122.7090917,45.4968691],[-122.7086434,45.4964662],[-122.7085212,45.4963847],[-122.7083556,45.4963041],[-122.7081687,45.4962315],[-122.7079937,45.4961891],[-122.7074155,45.4960936],[-122.7071652,45.4960679],[-122.7069041,45.4960425],[-122.7065787,45.4960412],[-122.7064051,45.4960369],[-122.706264,45.496032],[-122.7061654,45.4960034],[-122.7061104,45.4959816],[-122.7060548,45.4959446],[-122.7059765,45.4958775],[-122.7059634,45.4958168],[-122.7059618,45.4957711],[-122.7059921,45.4957095],[-122.7060963,45.4955932],[-122.706245,45.4955064],[-122.7066819,45.4949949],[-122.7067439,45.4949099],[-122.7067636,45.4948562],[-122.7067392,45.4947804],[-122.7067042,45.4947125],[-122.7066486,45.4946755],[-122.7065606,45.4946391],[-122.7064406,45.4946185],[-122.7061575,45.4945859],[-122.7060052,45.4945736],[-122.7058102,45.4945773],[-122.7057019,45.4945794],[-122.7056152,45.4945811],[-122.7055182,45.4945982],[-122.7054101,45.4946079],[-122.7053026,45.4946329],[-122.7051951,45.4946578],[-122.7050984,45.4946825],[-122.7049912,45.4947151],[-122.7048947,45.4947475],[-122.7047975,45.4947569],[-122.7047217,45.4947584],[-122.7046455,45.4947523],[-122.7045911,45.4947457],[-122.7045128,45.4946786],[-122.7044569,45.494634],[-122.7044006,45.4945741],[-122.7043661,45.4945214],[-122.7043531,45.4944606],[-122.7043292,45.4944001],[-122.7043373,45.4943238],[-122.7043557,45.4942319],[-122.7043865,45.4941856],[-122.704406,45.4941243],[-122.7044024,45.4940252],[-122.7043777,45.4939419],[-122.7043436,45.4938968],[-122.7042441,45.4938454],[-122.7041891,45.4938236],[-122.7040586,45.4938108],[-122.703831,45.4938152],[-122.7037332,45.4938095],[-122.7036457,45.4937883],[-122.7035796,45.4937591],[-122.7035235,45.4937068],[-122.7034888,45.4936465],[-122.7034763,45.493601],[-122.7034853,45.4935475],[-122.7035036,45.4934557],[-122.7035506,45.4932566],[-122.7035774,45.493096],[-122.7035857,45.4930273],[-122.7035724,45.4929589],[-122.7035269,45.4928988],[-122.7034708,45.4928466],[-122.7033578,45.4927192],[-122.7032559,45.4925992],[-122.7031545,45.4924944],[-122.7030759,45.4924197],[-122.7029873,45.4923681],[-122.7028662,45.4923171],[-122.7027343,45.4922663],[-122.7025809,45.4922235],[-122.7024284,45.4922036],[-122.7022653,45.4921915],[-122.7020706,45.4922029],[-122.7017277,45.4923162],[-122.701406,45.4924138],[-122.7013093,45.4924386],[-122.7012126,45.4924633],[-122.7010287,45.4924745],[-122.7008223,45.4924632],[-122.7007445,45.4924113],[-122.700677,45.4923441],[-122.700631,45.4922687],[-122.7005949,45.4921703],[-122.7006027,45.4920863],[-122.70061,45.4919871],[-122.7007474,45.4915881],[-122.7007438,45.4914891],[-122.7007297,45.4913979],[-122.700673,45.4913304],[-122.7005836,45.4912559],[-122.70043,45.4912055],[-122.7001897,45.4911568],[-122.7000361,45.4911064],[-122.6999589,45.4910698],[-122.6998914,45.4910025],[-122.6997218,45.4908076],[-122.6996421,45.4907024],[-122.6995838,45.4905892],[-122.6995591,45.4905058],[-122.6995661,45.490399],[-122.6995503,45.4902621],[-122.6995134,45.4901409],[-122.6994337,45.4900357],[-122.6993329,45.4899462],[-122.6991569,45.4898734],[-122.6989166,45.4898246],[-122.6985763,45.4897092],[-122.6984655,45.4896428],[-122.6983967,45.4895374],[-122.6983467,45.4893554],[-122.6981301,45.4893596],[-122.6974903,45.4893567],[-122.6971867,45.4893549],[-122.6967961,45.4893472],[-122.6965577,45.4893518],[-122.6958635,45.4893423],[-122.6950613,45.4893424],[-122.695054,45.4894417],[-122.6950554,45.4894797],[-122.6948075,45.4895226],[-122.6946345,45.4895336],[-122.6943969,45.489561],[-122.6938983,45.489563],[-122.6938005,45.4895572],[-122.6934863,45.4895633],[-122.6924546,45.4895145],[-122.6916304,45.4895074],[-122.6915087,45.4894412],[-122.6912644,45.4892782],[-122.6911793,45.4893256],[-122.691116,45.4893725],[-122.691042,45.4894273],[-122.6908462,45.4894082],[-122.6905418,45.4893835],[-122.6904427,45.4896446],[-122.6901586,45.4904884],[-122.6901044,45.4904895],[-122.6865683,45.4904429],[-122.6863614,45.4904164],[-122.6856671,45.4904068],[-122.6849732,45.4904049],[-122.6847129,45.4904022],[-122.6847169,45.4902116],[-122.6847156,45.4901735],[-122.6847265,45.4895712],[-122.6822419,45.4895197],[-122.6820846,45.4896675],[-122.6819367,45.489777],[-122.68181,45.4898709],[-122.6817147,45.4899337],[-122.6816296,45.489981],[-122.6815018,45.4900445],[-122.6814059,45.490092],[-122.6812561,45.4901482],[-122.6811061,45.4901968],[-122.6809669,45.4902452],[-122.6807949,45.4902866],[-122.680365,45.4903939],[-122.6797946,45.4905115],[-122.6794181,45.4905949],[-122.679257,45.4906361],[-122.679053,45.4906933],[-122.6788816,45.49075],[-122.6785181,45.4908941],[-122.6782841,45.4910205],[-122.6781145,45.4911304],[-122.6780509,45.4911698],[-122.6778396,45.4913262],[-122.6776606,45.4914744],[-122.6775767,45.4915523],[-122.677493,45.4916377],[-122.6774199,45.4917153],[-122.6773467,45.4917929],[-122.6773053,45.4918471],[-122.6772538,45.4919242],[-122.6771818,45.4920323],[-122.6771306,45.4921171],[-122.6770591,45.4922404],[-122.6769993,45.4923864],[-122.6769611,45.4925319],[-122.6769153,45.4927691],[-122.676898,45.4928914],[-122.6769021,45.4930056],[-122.6769064,45.4931275],[-122.6769233,45.4932948],[-122.6769728,45.4934692],[-122.6770628,45.4938638],[-122.6771907,45.4944101],[-122.6772533,45.4946452],[-122.677359,45.4948718],[-122.6774972,45.4950978],[-122.6778952,45.4956161],[-122.6779962,45.4957133],[-122.6781092,45.4958407],[-122.6782002,45.4959609],[-122.6782688,45.4960586],[-122.6783148,45.496134],[-122.678372,45.4962167],[-122.6784072,45.4962923],[-122.6784644,45.496375],[-122.6785107,45.496458],[-122.678685,45.4967824],[-122.678731,45.4968577],[-122.6787776,45.4969483],[-122.6788711,45.497137],[-122.6789519,45.4972727],[-122.6789987,45.4973709],[-122.6793686,45.4980117],[-122.679752,45.4987284],[-122.6801788,45.4994443],[-122.6805297,45.5001617],[-122.6803347,45.5001654],[-122.6802369,45.5001596],[-122.6800091,45.5001564],[-122.6798899,45.5001586],[-122.6793906,45.5001453],[-122.6788699,45.50014],[-122.6788648,45.5003001],[-122.6788366,45.5004226],[-122.6787592,45.5006832],[-122.6787004,45.5008596],[-122.6786934,45.5006616],[-122.6786763,45.5004866],[-122.678615,45.5002896],[-122.6785129,45.500162],[-122.6784454,45.5000947],[-122.6783462,45.5000509],[-122.6782471,45.500007],[-122.6781049,45.4999716],[-122.677974,45.4999513],[-122.6778004,45.499947],[-122.6776928,45.4999719],[-122.6775747,45.5000046],[-122.6775571,45.5001193],[-122.6770733,45.5002352],[-122.6769546,45.5002527],[-122.6767926,45.500271],[-122.6766304,45.5002817],[-122.6762516,45.5003042],[-122.6752466,45.5003995],[-122.6743282,45.5004932],[-122.6742307,45.5004951],[-122.6740145,45.5005144],[-122.6737767,45.5005342],[-122.6734521,45.5005556],[-122.6732685,45.5005744],[-122.6729981,45.5005948],[-122.6727928,45.5006139],[-122.6725116,45.5006345],[-122.6717007,45.5007033],[-122.6714629,45.500723],[-122.6675591,45.5010258],[-122.6654176,45.5011807],[-122.6654203,45.500952],[-122.6654599,45.5002348],[-122.6665551,45.4959613],[-122.6665952,45.4958691],[-122.6692538,45.4895233],[-122.6696902,45.4865503],[-122.6697882,45.485954],[-122.6697427,45.4852841],[-122.6695992,45.4827718],[-122.6695615,45.4823228],[-122.6691348,45.4806847],[-122.6690836,45.4804647],[-122.6683619,45.4793733],[-122.6679717,45.4787634],[-122.6679267,45.4787185],[-122.6665643,45.4772887],[-122.6663239,45.4766226],[-122.6659874,45.4756915],[-122.6661721,45.4744838],[-122.6662591,45.4738801],[-122.6663991,45.47294],[-122.666455,45.4711555],[-122.6665231,45.4694089],[-122.666528,45.4692411],[-122.6665345,45.4691191],[-122.6665548,45.4684709],[-122.6660165,45.4655163],[-122.6655939,45.4642973],[-122.6653284,45.4635326],[-122.6651787,45.463284],[-122.6649951,45.4629978],[-122.6646062,45.4615038],[-122.664888,45.4615061],[-122.666438,45.4615147],[-122.666774,45.4615159],[-122.667695,45.4615136],[-122.6678902,45.4615175],[-122.667966,45.4615161],[-122.668302,45.4615173],[-122.6716182,45.4615226],[-122.6745768,45.4615271],[-122.674705,45.45904],[-122.6747193,45.458834],[-122.6747228,45.4586281],[-122.6747347,45.4583535],[-122.6747407,45.4582162],[-122.6747525,45.4579416],[-122.6747704,45.4575297],[-122.6747806,45.4572094],[-122.6747779,45.4571332],[-122.6748477,45.4557448],[-122.6748636,45.4552795],[-122.6749193,45.4541047],[-122.6749166,45.4540286],[-122.6749568,45.4530294],[-122.6749658,45.4529759],[-122.6749747,45.4529223],[-122.6746079,45.4526626],[-122.6744297,45.4525288],[-122.6729363,45.4513608],[-122.672835,45.451256],[-122.6727554,45.4511508],[-122.6726967,45.4510224],[-122.6726842,45.4509769],[-122.6727051,45.4503439],[-122.6727862,45.4486656],[-122.6727919,45.4485207],[-122.6728481,45.4470563],[-122.6728914,45.4467506],[-122.6730472,45.443516],[-122.6732143,45.4402965],[-122.6734108,45.4363828],[-122.6735868,45.4328049],[-122.6757428,45.4328169],[-122.6769342,45.4328169],[-122.6772917,45.4328177],[-122.6793936,45.4328307],[-122.6820802,45.43284],[-122.6835212,45.4328504],[-122.6850488,45.4328591],[-122.686273,45.432866],[-122.6872266,45.4328781],[-122.6878875,45.4328806],[-122.6890576,45.4328886],[-122.6902277,45.4328965],[-122.6908344,45.4329],[-122.6913978,45.4329044],[-122.6923837,45.4329082],[-122.6962407,45.4329327],[-122.6975518,45.4329454],[-122.6984727,45.4329504],[-122.7001196,45.4329642],[-122.7011271,45.4329676],[-122.7022323,45.4329766],[-122.702377,45.4327833],[-122.7024773,45.4325603],[-122.702604,45.4321691],[-122.7039758,45.4323635],[-122.7040965,45.4324069],[-122.7042069,45.4324657],[-122.704296,45.4325326],[-122.7044314,45.4326824],[-122.7045205,45.4327493],[-122.7045979,45.4327935],[-122.7047191,45.4328521],[-122.7050485,45.4329753],[-122.705257,45.4330475],[-122.7058597,45.4332415],[-122.7065277,45.433442],[-122.7070753,45.4336066],[-122.7072173,45.433642],[-122.7073153,45.4336553],[-122.7074133,45.4336687],[-122.7075757,45.4336655],[-122.7076298,45.4336644],[-122.7077375,45.4336471],[-122.7079309,45.4336052],[-122.7080592,45.433557],[-122.7081658,45.4335092],[-122.7083667,45.4333757],[-122.7084947,45.4333199],[-122.7087056,45.4334606],[-122.7087611,45.4334976],[-122.7089487,45.433593],[-122.7090697,45.433644],[-122.7093333,45.4337456],[-122.7095962,45.4338244],[-122.7102722,45.4339484],[-122.7105326,45.4339586],[-122.7106303,45.4339643],[-122.7108035,45.4339609],[-122.7109658,45.4339577],[-122.7111818,45.4339383],[-122.7113114,45.4339281],[-122.7115165,45.4339089],[-122.7118707,45.4338182],[-122.7120525,45.4337536],[-122.7123095,45.4336724],[-122.7123633,45.4336637],[-122.7126215,45.433613],[-122.7128924,45.4336153],[-122.7131316,45.4336411],[-122.7133825,45.4336896],[-122.7135798,45.4337543],[-122.7137674,45.4338498],[-122.7138559,45.4339014],[-122.7141229,45.4340944],[-122.7142006,45.4341462],[-122.7143444,45.4342273],[-122.7144765,45.4342857],[-122.7147074,45.4343802],[-122.7149269,45.4344598],[-122.7151131,45.4345171],[-122.7152672,45.4345827],[-122.7154326,45.4346634],[-122.7156657,45.4348189],[-122.7157076,45.4347799],[-122.7162539,45.4343119],[-122.7164216,45.4341562],[-122.7165043,45.4340479],[-122.7165756,45.4339245],[-122.7166253,45.4338016],[-122.7166126,45.4337485],[-122.7166004,45.4337106],[-122.7164416,45.4335155],[-122.7162369,45.4332451],[-122.7161439,45.4330716],[-122.7185602,45.433093],[-122.7194922,45.4331053],[-122.7196002,45.4327983],[-122.719696,45.4324534],[-122.7197024,45.4323313],[-122.7196983,45.4322171],[-122.7196847,45.4321411],[-122.719638,45.4320506],[-122.7195903,45.4319295],[-122.7194657,45.4317795],[-122.7193206,45.4316604],[-122.7190983,45.4315047],[-122.7184312,45.4310299],[-122.7183532,45.4309704],[-122.7185447,45.4308752],[-122.7186621,45.4308272],[-122.718802,45.4308016],[-122.7189105,45.4308071],[-122.7190518,45.4308196],[-122.7192266,45.4308619],[-122.719435,45.430934],[-122.7197206,45.4310428],[-122.7198421,45.431109],[-122.7201399,45.4312556],[-122.7204069,45.4314486],[-122.7206081,45.43162],[-122.7209575,45.4319943],[-122.7218303,45.4330595],[-122.7222038,45.433502],[-122.7223931,45.4336431],[-122.722559,45.4337389],[-122.7227242,45.4338119],[-122.7229645,45.4338682],[-122.723085,45.4339039],[-122.7243895,45.4340308],[-122.7246076,45.4340723],[-122.7247392,45.4341154],[-122.724816,45.4341444],[-122.7249809,45.4342098],[-122.7254547,45.4344292],[-122.7256842,45.4344857],[-122.7258585,45.4345127],[-122.725967,45.4345182],[-122.726108,45.4345231],[-122.7262701,45.4345123],[-122.7264428,45.4344936],[-122.7266146,45.4344522],[-122.7279526,45.4340143],[-122.7300509,45.4333328],[-122.730523,45.4332092],[-122.7322013,45.4331914],[-122.732483,45.4331935],[-122.7336415,45.4331783],[-122.7347577,45.4331945],[-122.7351155,45.4332027],[-122.7353758,45.4332128],[-122.7361127,45.4332211],[-122.7362426,45.4332186],[-122.7364594,45.4332219],[-122.7369146,45.4332282],[-122.7372612,45.433229],[-122.7376187,45.4332296],[-122.7379764,45.4332378],[-122.7383339,45.4332383],[-122.7384855,45.4332353],[-122.7388213,45.4332363],[-122.7408041,45.4332506],[-122.7439678,45.4332719],[-122.7438796,45.4476882],[-122.7438393,45.4504256],[-122.7438235,45.4526517],[-122.7438178,45.4548548],[-122.7438295,45.4581247],[-122.7438276,45.4601371],[-122.7438192,45.4631558],[-122.7438161,45.4639563],[-122.7437991,45.4655574],[-122.7438024,45.4656488],[-122.7438058,45.4657402],[-122.7438001,45.4664721],[-122.7438002,45.4667693],[-122.7437997,45.4670514],[-122.7437901,45.4673793],[-122.7437954,45.4675241],[-122.7437891,45.4676462],[-122.743781,45.4686068],[-122.7437831,45.4692547],[-122.7437771,45.4693844],[-122.743781,45.469491],[-122.7437763,45.4696588],[-122.743783,45.4698416],[-122.7437803,45.4700627],[-122.7437816,45.4718692],[-122.743785,45.4719607],[-122.7437839,45.4722275],[-122.74378,45.4730051],[-122.743785,45.4731422],[-122.7437773,45.4732262],[-122.7437795,45.4732871],[-122.743778,45.4747202],[-122.7437614,45.475155],[-122.743815,45.4751387],[-122.7450518,45.4751677],[-122.7450662,45.4752665],[-122.7450676,45.4753046],[-122.7450607,45.4754115],[-122.744963,45.4754058],[-122.7448983,45.4754147],[-122.7448897,45.4754758],[-122.744617,45.4757251],[-122.7445623,45.4757109],[-122.7445187,45.4757042],[-122.7444754,45.475705],[-122.7443886,45.4754094],[-122.7439545,45.4753951],[-122.7439726,45.475593],[-122.7439533,45.4759516],[-122.7437364,45.4759483],[-122.7437546,45.4764434],[-122.7437825,45.4769078],[-122.743788,45.4779444],[-122.743783,45.4789888],[-122.7437812,45.4804142],[-122.7437913,45.4806884],[-122.7437852,45.4808181],[-122.7437849,45.482579],[-122.743816,45.4857875],[-122.7438199,45.4858941],[-122.7438314,45.4870907],[-122.7438354,45.4886761],[-122.7442191,45.4887905],[-122.7439611,45.4891462],[-122.7438408,45.4891181],[-122.7438424,45.4897507],[-122.743849,45.4914047],[-122.7436459,45.4914849],[-122.7437071,45.4916743],[-122.7440474,45.4917896],[-122.7438533,45.4921135],[-122.7438515,45.493539],[-122.7404701,45.4929879],[-122.7387246,45.4929917],[-122.7387237,45.4941503],[-122.7387312,45.4955375],[-122.7387321,45.4973364],[-122.7387422,45.4979079],[-122.73873,45.4993487],[-122.7387183,45.5005076],[-122.7387238,45.5015441],[-122.7384145,45.5016874],[-122.7382418,45.5020033],[-122.7385847,45.5024844],[-122.7382831,45.5028334],[-122.7378213,45.5029567],[-122.7378202,45.5032235],[-122.7375977,45.5033651],[-122.7367403,45.5039383],[-122.7366453,45.5040088],[-122.7365514,45.5041097],[-122.7364266,45.504257],[-122.7362113,45.5045966],[-122.7361024,45.5045835],[-122.7350496,45.5045583],[-122.7351215,45.5041529],[-122.7352121,45.5039606],[-122.7352629,45.5038681],[-122.7353043,45.503814],[-122.7353354,45.5037752],[-122.7353668,45.5037441],[-122.735409,45.5037128],[-122.7354624,45.5036889],[-122.735516,45.5036726],[-122.7357633,45.5036144],[-122.7358169,45.5035981],[-122.7358705,45.5035818],[-122.7359128,45.5035505],[-122.7359444,45.503527],[-122.7359756,45.5034883],[-122.7361208,45.5033101],[-122.7361392,45.5032183],[-122.7360625,45.503197],[-122.7355873,45.5029547],[-122.7354659,45.5028961],[-122.7352227,45.5027713],[-122.7352538,45.5027326],[-122.7356594,45.5022597],[-122.7358153,45.5020737],[-122.7361798,45.5016625],[-122.7365954,45.5011666],[-122.736031,45.5011548]]]}}],"metadata":{"source_pdf":"current-high.pdf","georef_source":"current-high.pdf","sha256":"4c38f1046efc4397f2ad9b985d51cb395514f4d86032a6afa54e803311ffde49","pdf_viewport":[39.131,432.0,2551.75,3420.0],"control_points":[45.6476,-122.823,45.4199,-122.82,45.4218,-122.548,45.6494,-122.55],"status":"provisional","notes":"Names matched using PDF school labels inside vector polygons. Unresolved and ambiguous matches remain explicit. Geometry is approximate; inset coverage and topology require review."}}